longitude,latitude,record_id,source,countryCode,stateProvince,uncertainty,geospatial_issue,basisOfRecord,gbifID,reason,supporting_records,shared_sources,country_spatial,bio01,bio04,bio12,bio15
-100.020631,25.478992,GBIF_6481215684,GBIF,MX,Nuevo León,1084,NA,HUMAN_OBSERVATION,6481215684,eligible,GBIF_6481215684,GBIF,MX,22.0725002288818,556.223388671875,908,74.020149230957
-100.24706,25.67147,GBIF_5909043328,GBIF,MX,Nuevo León,NA,NA,HUMAN_OBSERVATION,5909043328,eligible,GBIF_5909043328,GBIF,MX,22.6003341674805,513.133239746094,710,79.2250823974609
-100.429966,25.773764,GBIF_6159431233,GBIF,MX,Nuevo León,187,NA,HUMAN_OBSERVATION,6159431233,eligible,GBIF_6159431233,GBIF,MX,21.6116676330566,512.930358886719,502,80.695068359375
-100.712006,20.048658,GBIF_4407110112,GBIF,MX,Guanajuato,NA,NA,HUMAN_OBSERVATION,4407110112,eligible,GBIF_4407110112,GBIF,MX,18.1963329315186,230.392944335938,720,105.141342163086
-100.986999,22.157183,GBIF_4034621677,GBIF,MX,San Luis Potosí,NA,NA,HUMAN_OBSERVATION,4034621677,eligible,GBIF_4034621677,GBIF,MX,17.7469997406006,283.417327880859,377,71.70263671875
-101.221455,19.712302,GBIF_3892375486,GBIF,MX,Michoacán,5,NA,HUMAN_OBSERVATION,3892375486,eligible,GBIF_3892375486,GBIF,MX,17.3848342895508,214.209136962891,798,106.010894775391
-102.752198,20.820677,GBIF_2459992108,GBIF,MX,Jalisco,61,NA,HUMAN_OBSERVATION,2459992108,eligible,GBIF_2459992108,GBIF,MX,18.7318325042725,274.490386962891,844,118.527236938477
-102.884011,21.172719,GBIF_2611339320,GBIF,MX,Jalisco,19,NA,HUMAN_OBSERVATION,2611339320,eligible,GBIF_2611339320,GBIF,MX,18.5891666412354,280.565765380859,765,117.165809631348
-102.928156,20.409315,GBIF_3330663187,GBIF,MX,Jalisco,NA,NA,HUMAN_OBSERVATION,3330663187,eligible,GBIF_3330663187,GBIF,MX,20.011999130249,258.895477294922,818,118.816528320312
-103.309643,20.583953,GBIF_6499047798,GBIF,MX,Jalisco,1340,NA,HUMAN_OBSERVATION,6499047798,eligible,GBIF_6499047798,GBIF,MX,20.6445007324219,255.048934936523,925,119.192321777344
-103.391947,20.705799,GBIF_5889705879,GBIF,MX,Jalisco,NA,NA,HUMAN_OBSERVATION,5889705879,eligible,GBIF_5889705879,GBIF,MX,20.5541667938232,260.178771972656,912,119.133522033691
-104.031,19.807,GBIF_4169177541,GBIF,MX,Jalisco,90,NA,PRESERVED_SPECIMEN,4169177541,eligible,GBIF_4169177541,GBIF,MX,22.8518333435059,209.893539428711,740,109.306304931641
-105.3189,20.7364,GBIF_4912604452,GBIF,MX,Nayarit,NA,NA,MATERIAL_SAMPLE,4912604452,eligible,GBIF_4912604452;GBIF_4912632911;GBIF_4912648662;GBIF_4912656099;GBIF_4912657920;GBIF_4915914498;GBIF_4916009273;GBIF_4916067353;GBIF_4916151734;GBIF_4916177943;GBIF_4918774194;GBIF_4918779190,GBIF,,25.3032741546631,251.723907470703,1060,121.199806213379
-105.484072,28.229281,GBIF_4512155687,GBIF,MX,Chihuahua,2301,NA,HUMAN_OBSERVATION,4512155687,eligible,GBIF_4512155687,GBIF,MX,18.8589992523193,617.705078125,319,99.3627471923828
-106.426017,23.180126,GBIF_3772604195,GBIF,MX,Sinaloa,219,NA,HUMAN_OBSERVATION,3772604195,eligible,GBIF_3772604195,GBIF,,24.6760425567627,354.353759765625,827,129.381011962891
-106.429243,23.307478,GBIF_3859800644,GBIF,MX,Sinaloa,61,NA,HUMAN_OBSERVATION,3859800644,eligible,GBIF_3859800644,GBIF,MX,24.8731670379639,353.093292236328,797,126.34300994873
-107.421337,24.850599,GBIF_6252096097,GBIF,MX,Sinaloa,2,NA,HUMAN_OBSERVATION,6252096097,eligible,GBIF_6252096097,GBIF,MX,25.1043338775635,417.192901611328,679,122.51203918457
-109.21715,10.3034,GBIF_3935057242,GBIF,FR,,1873,NA,HUMAN_OBSERVATION,3935057242,eligible,GBIF_3935057242;GBIF_4547937392,GBIF,,28.5562496185303,72.6174621582031,11186,100.065361022949
-109.70244,23.06369,GBIF_477980511,GBIF,MX,Baja California Sur,NA,NA,PRESERVED_SPECIMEN,477980511,eligible,GBIF_477980511,GBIF,MX,23.3446426391602,407.324951171875,299,122.487205505371
-110.945463,29.148639,GBIF_2573867350,GBIF,MX,Sonora,5,NA,HUMAN_OBSERVATION,2573867350,eligible,GBIF_2573867350,GBIF,MX,22.6375007629395,611.756164550781,334,110.229644775391
-112.1,27.081944,GBIF_3323529491,GBIF,MX,Baja california sur,70,NA,MATERIAL_CITATION,3323529491,eligible,GBIF_3323529491,GBIF,MX,24.2891674041748,580.048278808594,154,100.726455688477
-149.827067,-17.490236,GBIF_4868090430,GBIF,PF,Îles du Vent,4,NA,HUMAN_OBSERVATION,4868090430,eligible,GBIF_4868090430,GBIF,PF,24.5281257629395,119.476097106934,1820,37.539234161377
-151.424,-16.818,GBIF_2251531419,GBIF,PF,,NA,NA,MATERIAL_SAMPLE,2251531419,eligible,GBIF_2251531419,GBIF,PF,24.2451667785645,97.6307678222656,2199,25.9724197387695
-157.68,21.288,GBIF_4913270646,GBIF,US,Hawaii,NA,NA,MATERIAL_SAMPLE,4913270646,eligible,GBIF_4913270646;GBIF_4916631355;GBIF_4916731280,GBIF,US,24.0677089691162,145.360290527344,904,45.2860260009766
-157.806,21.2691,GBIF_1414114098,GBIF,US,Hawaii,NA,NA,MATERIAL_SAMPLE,1414114098,eligible,GBIF_1414114098,GBIF,,24.560417175293,153.074111938477,964,34.3636322021484
-157.838,21.513,GBIF_4916478530,GBIF,US,Hawaii,NA,NA,MATERIAL_SAMPLE,4916478530,eligible,GBIF_4916478530,GBIF,,22.7058715820312,126.990455627441,2486,41.7509117126465
-158.171,21.58,GBIF_4913286871,GBIF,US,Hawaii,NA,NA,MATERIAL_SAMPLE,4913286871,eligible,GBIF_4913286871;GBIF_4913317012;GBIF_4913350023,GBIF,US,22.5358333587646,149.482681274414,1068,45.9052848815918
-16.300072,28.47447,GBIF_5153802327,GBIF,ES,Islas Canarias,65,NA,HUMAN_OBSERVATION,5153802327,eligible,GBIF_5153802327,GBIF,ES,17.5694999694824,291.365020751953,372,79.0007705688477
-162.086448,5.887092,GBIF_3902030911,GBIF,UM,Palmyra,32,NA,HUMAN_OBSERVATION,3902030911,eligible,GBIF_3902030911,GBIF,,26.2749996185303,24.5412502288818,3523,16.1368637084961
-2.984571,51.356629,GBIF_4405201533,GBIF,GB,England,4,NA,HUMAN_OBSERVATION,4405201533,eligible,GBIF_4405201533;GBIF_4405206537;GBIF_4145266430,GBIF,,10.470832824707,439.906219482422,934,22.6000900268555
-34.853778,-7.064306,GBIF_6511345518,GBIF,BR,Paraíba,NA,NA,HUMAN_OBSERVATION,6511345518,eligible,GBIF_6511345518,GBIF,BR,26.002082824707,88.9609069824219,1855,66.0746765136719
-34.90568,-7.15205,GBIF_477976839,GBIF,BR,Paraiba,1000,NA,PRESERVED_SPECIMEN,477976839,eligible,GBIF_477976839,GBIF,BR,25.7561664581299,93.729248046875,1878,62.2543144226074
-34.966626,-8.076626,GBIF_6518697468,GBIF,BR,Pernambuco,161,NA,HUMAN_OBSERVATION,6518697468,eligible,GBIF_6518697468,GBIF,BR,24.9723339080811,102.069190979004,1431,63.3349418640137
-34.991876,-7.974777,GBIF_3963536163,GBIF,BR,Pernambuco,NA,NA,HUMAN_OBSERVATION,3963536163,eligible,GBIF_3963536163,GBIF,BR,24.5256671905518,105.554786682129,1525,64.0670776367188
-35.160563,-7.035988,GBIF_5897260517,GBIF,BR,Paraíba,122,NA,HUMAN_OBSERVATION,5897260517,eligible,GBIF_5897260517,GBIF,BR,24.6909999847412,112.450897216797,1325,59.3315467834473
-35.176139,-8.729861,GBIF_6511079477,GBIF,BR,Pernambuco,NA,NA,HUMAN_OBSERVATION,6511079477,eligible,GBIF_6511079477,GBIF,BR,23.9361667633057,105.572959899902,1923,60.0454521179199
-35.20972,-5.905892,GBIF_4062914715,GBIF,BR,Rio Grande do Norte,1,NA,HUMAN_OBSERVATION,4062914715,eligible,GBIF_4062914715,GBIF,BR,25.8726673126221,105.24666595459,1507,69.8235397338867
-35.236728,-7.147507,GBIF_3415991471,GBIF,BR,Paraíba,18,NA,HUMAN_OBSERVATION,3415991471,eligible,GBIF_3415991471,GBIF,BR,25.3398342132568,118.873275756836,1116,58.2542304992676
-35.289952,-6.419913,GBIF_4904074356,GBIF,BR,Rio Grande do Norte,9,NA,HUMAN_OBSERVATION,4904074356,eligible,GBIF_4904074356,GBIF,BR,25.6504993438721,124.219871520996,1138,67.3814544677734
-35.508894,-8.2408,GBIF_6518730523,GBIF,BR,Pernambuco,75,NA,HUMAN_OBSERVATION,6518730523,eligible,GBIF_6518730523,GBIF,BR,21.8784999847412,129.476715087891,872,61.4627990722656
-35.518622,-7.246921,GBIF_5838241428,GBIF,BR,Paraíba,212,NA,HUMAN_OBSERVATION,5838241428,eligible,GBIF_5838241428,GBIF,BR,24.0968341827393,132.200546264648,927,60.5062789916992
-35.633234,-6.754478,GBIF_6400195257,GBIF,BR,Paraíba,211,NA,HUMAN_OBSERVATION,6400195257,eligible,GBIF_6400195257,GBIF,BR,21.6606674194336,137.495376586914,1125,59.9992408752441
-35.703874,-9.63623,GBIF_4935685251,GBIF,BR,Alagoas,NA,NA,HUMAN_OBSERVATION,4935685251,eligible,GBIF_4935685251,GBIF,BR,24.9154758453369,116.385292053223,1910,63.6446075439453
-35.855991,-8.693935,GBIF_4022363734,GBIF,BR,Pernambuco,NA,NA,HUMAN_OBSERVATION,4022363734,eligible,GBIF_4022363734,GBIF,BR,21.1021671295166,137.802932739258,1088,62.5527572631836
-37.08418,-8.564544,GBIF_4014887280,GBIF,BR,Pernambuco,244,NA,HUMAN_OBSERVATION,4014887280,eligible,GBIF_4014887280,GBIF,BR,21.5300006866455,157.420654296875,809,56.2662239074707
-37.431906,-10.542796,GBIF_3456451178,GBIF,BR,Sergipe,15,NA,HUMAN_OBSERVATION,3456451178,eligible,GBIF_3456451178,GBIF,BR,23.7516670227051,159.854019165039,981,56.8714561462402
-38.238126,-12.833122,GBIF_4980317856,GBIF,BR,Bahia,7,NA,HUMAN_OBSERVATION,4980317856,eligible,GBIF_4980317856,GBIF,BR,25.1539764404297,121.827461242676,1834,48.6288833618164
-38.3198401,-12.8936634,GBIF_6510571229,GBIF,BR,Bahia,NA,NA,HUMAN_OBSERVATION,6510571229,eligible,GBIF_6510571229,GBIF,BR,25.2251892089844,118.530380249023,1937,47.867546081543
-38.3198402,-12.6936587,GBIF_6511352234,GBIF,BR,Bahia,NA,NA,HUMAN_OBSERVATION,6511352234,eligible,GBIF_6511352234,GBIF,BR,24.7743339538574,127.295196533203,1870,46.9378967285156
-38.3998454,-12.7836608,GBIF_6510859836,GBIF,BR,Bahia,NA,NA,HUMAN_OBSERVATION,6510859836,eligible,GBIF_6510859836,GBIF,BR,24.7463340759277,122.072692871094,1901,47.9285888671875
-38.499709,-12.97799,GBIF_4133683340,GBIF,BR,Bahia,410,NA,HUMAN_OBSERVATION,4133683340,eligible,GBIF_4133683340;GBIF_3008450751;GBIF_3014041720,GBIF,,25.1673336029053,110.712631225586,2046,48.0156440734863
-38.500536,-3.7549,GBIF_4851983357,GBIF,BR,Ceará,329,NA,HUMAN_OBSERVATION,4851983357,eligible,GBIF_4851983357;GBIF_4852970609;GBIF_4853012301,GBIF,BR,26.6143341064453,54.1171531677246,1573,92.0610427856445
-38.598641,-3.912479,GBIF_5867913686,GBIF,BR,Ceará,116,NA,HUMAN_OBSERVATION,5867913686,eligible,GBIF_5867913686,GBIF,BR,26.2018337249756,58.5982666015625,1352,97.6833724975586
-38.642881,-3.711164,GBIF_4436376167,GBIF,BR,Ceará,623,NA,HUMAN_OBSERVATION,4436376167,eligible,GBIF_4436376167;GBIF_3802313919;GBIF_3802355020;GBIF_3802479985;GBIF_3802626742;GBIF_4009672143;GBIF_4009728200,GBIF,BR,26.4631671905518,58.7043304443359,1393,96.7827758789062
-38.647672,-4.026397,GBIF_5231480088,GBIF,BR,Ceará,NA,NA,HUMAN_OBSERVATION,5231480088,eligible,GBIF_5231480088,GBIF,BR,24.4449996948242,58.120475769043,1397,90.9691009521484
-38.949945,-4.224508,GBIF_4987597097,GBIF,BR,Ceará,64,NA,HUMAN_OBSERVATION,4987597097,eligible,GBIF_4987597097,GBIF,BR,20.8866672515869,67.3060455322266,1660,75.3637161254883
-38.95833,-14.06958,GBIF_4600162079,GBIF,BR,Bahia,24,NA,HUMAN_OBSERVATION,4600162079,eligible,GBIF_4600162079,GBIF,BR,24.6833343505859,126.800163269043,2358,19.9312744140625
-39.027364,-3.40565,GBIF_4525020071,GBIF,BR,Ceará,NA,NA,HUMAN_OBSERVATION,4525020071,eligible,GBIF_4525020071,GBIF,BR,26.6380958557129,54.4327354431152,1382,100.167610168457
-39.027632,-4.304124,GBIF_6551671352,GBIF,BR,Ceará,2,NA,HUMAN_OBSERVATION,6551671352,eligible,GBIF_6551671352;GBIF_6551994795,GBIF,BR,22.0431671142578,66.6223220825195,1467,80.8544845581055
-39.371702,-17.900796,GBIF_3468869861,GBIF,BR,Bahia,2600,NA,HUMAN_OBSERVATION,3468869861,eligible,GBIF_3468869861,GBIF,,24.3983325958252,164.066696166992,1518,26.7242736816406
-4.792783,39.212944,GBIF_6498709192,GBIF,ES,Extremadura,NA,NA,HUMAN_OBSERVATION,6498709192,eligible,GBIF_6498709192,GBIF,ES,14.977499961853,658.089599609375,448,47.2367553710938
-40.070499,-19.151749,GBIF_4522672842,GBIF,BR,Espírito Santo,15,NA,HUMAN_OBSERVATION,4522672842,eligible,GBIF_4522672842,GBIF,BR,23.6000003814697,192.392562866211,1194,50.3170013427734
-40.286934,-20.342115,GBIF_5889519683,GBIF,BR,Espírito Santo,7,NA,HUMAN_OBSERVATION,5889519683,eligible,GBIF_5889519683,GBIF,,23.6861114501953,198.75602722168,1309,46.224723815918
-40.346346,-2.917119,GBIF_5037085230,GBIF,BR,Ceará,106,NA,HUMAN_OBSERVATION,5037085230,eligible,GBIF_5037085230,GBIF,BR,27.6140003204346,64.4735641479492,1175,121.29850769043
-40.482638,-19.244994,GBIF_3455439981,GBIF,BR,Espírito Santo,NA,NA,HUMAN_OBSERVATION,3455439981,eligible,GBIF_3455439981,GBIF,BR,23.0109996795654,192.035263061523,1205,54.4414901733398
-40.491595,-12.283698,GBIF_3391640770,GBIF,BR,Bahia,1655,NA,HUMAN_OBSERVATION,3391640770,eligible,GBIF_3391640770,GBIF,BR,22.9381656646729,161.707336425781,811,48.5364074707031
-40.494205,-20.657742,GBIF_6470632635,GBIF,BR,Espírito Santo,4,NA,HUMAN_OBSERVATION,6470632635,eligible,GBIF_6470632635,GBIF,BR,23.4638023376465,200.230438232422,1193,47.3544960021973
-40.565112,-19.951246,GBIF_5176453562,GBIF,BR,Espírito Santo,12,NA,HUMAN_OBSERVATION,5176453562,eligible,GBIF_5176453562,GBIF,BR,19.3519992828369,199.830963134766,1325,49.6555824279785
-40.676017,-19.805103,GBIF_5216588000,GBIF,BR,Espírito Santo,24,NA,HUMAN_OBSERVATION,5216588000,eligible,GBIF_5216588000,GBIF,BR,22.2565002441406,197.262420654297,1247,55.0461082458496
-40.783295,-20.890317,GBIF_5007164150,GBIF,BR,Espírito Santo,9,NA,HUMAN_OBSERVATION,5007164150,eligible,GBIF_5007164150,GBIF,BR,23.4569435119629,205.28205871582,1098,51.1297416687012
-40.812101,-19.87003,GBIF_5187902131,GBIF,BR,Espírito Santo,NA,NA,HUMAN_OBSERVATION,5187902131,eligible,GBIF_5187902131,GBIF,BR,20.7836666107178,199.135681152344,1282,55.7464714050293
-40.896792,-20.146803,GBIF_4153417656,GBIF,BR,Espírito Santo,18,NA,HUMAN_OBSERVATION,4153417656,eligible,GBIF_4153417656,GBIF,BR,17.7980003356934,206.788101196289,1352,52.409122467041
-41.127587,-20.332072,GBIF_4162342836,GBIF,BR,Espírito Santo,350,NA,HUMAN_OBSERVATION,4162342836,eligible,GBIF_4162342836,GBIF,BR,18.0955009460449,211.08984375,1301,58.2154273986816
-41.283988,-21.832922,GBIF_4596978224,GBIF,BR,Rio de Janeiro,7,NA,HUMAN_OBSERVATION,4596978224,eligible,GBIF_4596978224,GBIF,BR,23.8876667022705,196.326812744141,1066,50.454273223877
-41.350945,-21.750738,GBIF_4875550583,GBIF,BR,Rio de Janeiro,13,NA,HUMAN_OBSERVATION,4875550583,eligible,GBIF_4875550583,GBIF,BR,23.9561672210693,198.330276489258,1066,55.2153015136719
-41.38722,-12.563363,GBIF_6551031809,GBIF,BR,Bahia,3,NA,HUMAN_OBSERVATION,6551031809,eligible,GBIF_6551031809,GBIF,BR,22.8593330383301,135.1455078125,1105,53.1329231262207
-41.405892,-21.444668,GBIF_4133754651,GBIF,BR,Rio de Janeiro,789,NA,HUMAN_OBSERVATION,4133754651,eligible,GBIF_4133754651,GBIF,BR,23.4130001068115,211.532104492188,1064,59.3499336242676
-41.623773,-18.092856,GBIF_5167363025,GBIF,BR,Minas Gerais,9,NA,HUMAN_OBSERVATION,5167363025,eligible,GBIF_5167363025,GBIF,BR,21.5753326416016,189.642974853516,1115,71.7848205566406
-41.686956,-20.781919,GBIF_5108342781,GBIF,BR,Espírito Santo,24,NA,HUMAN_OBSERVATION,5108342781,eligible,GBIF_5108342781;GBIF_5281938009;GBIF_4525162403;GBIF_4987792369;GBIF_5008326494,GBIF,BR,19.9028339385986,229.422393798828,1230,67.5506134033203
-41.693506,-11.068367,GBIF_6469998093,GBIF,BR,Bahia,NA,NA,HUMAN_OBSERVATION,6469998093,eligible,GBIF_6469998093,GBIF,BR,22.3096675872803,132.087112426758,572,88.9097595214844
-41.72025,-4.098944,GBIF_896832841,GBIF,BR,Piauí,NA,NA,PRESERVED_SPECIMEN,896832841,eligible,GBIF_896832841;GBIF_896832865,GBIF,BR,26.3901672363281,80.7123718261719,1403,102.922737121582
-41.750359,-21.652871,GBIF_5893020085,GBIF,BR,Rio de Janeiro,3945,NA,HUMAN_OBSERVATION,5893020085,eligible,GBIF_5893020085,GBIF,BR,22.9458332061768,228.113235473633,1101,65.7354507446289
-41.90212,-18.843045,GBIF_4945498613,GBIF,BR,Minas Gerais,30,NA,HUMAN_OBSERVATION,4945498613,eligible,GBIF_4945498613,GBIF,BR,23.6878337860107,182.304870605469,1154,75.9385528564453
-41.910688,-22.490871,GBIF_5198748642,GBIF,BR,Rio de Janeiro,60,NA,HUMAN_OBSERVATION,5198748642,eligible,GBIF_5198748642,GBIF,BR,23.0380954742432,213.631591796875,1213,49.8157196044922
-41.973727,-22.740734,GBIF_4440978854,GBIF,BR,Rio de Janeiro,488,NA,HUMAN_OBSERVATION,4440978854,eligible,GBIF_4440978854,GBIF,,22.8762264251709,210.306274414062,1158,46.5438079833984
-42.042302,-20.962874,GBIF_4867849518,GBIF,BR,Rio de Janeiro,1370,NA,HUMAN_OBSERVATION,4867849518,eligible,GBIF_4867849518,GBIF,BR,22.2495002746582,236.148284912109,1205,75.8626327514648
-42.1694,-4.6293,GBIF_6510946766,GBIF,BR,Piauí,NA,NA,HUMAN_OBSERVATION,6510946766,eligible,GBIF_6510946766,GBIF,BR,27.0445003509521,107.318824768066,1455,100.222557067871
-42.283005,-22.937853,GBIF_4430689887,GBIF,BR,Rio de Janeiro,11,NA,HUMAN_OBSERVATION,4430689887,eligible,GBIF_4430689887,GBIF,BR,22.9355564117432,212.637466430664,1088,50.2945213317871
-42.34511,-20.895119,GBIF_5892575625,GBIF,BR,Minas Gerais,8,NA,HUMAN_OBSERVATION,5892575625,eligible,GBIF_5892575625,GBIF,BR,20.8606662750244,237.024307250977,1282,77.0978317260742
-42.417353,-18.185567,GBIF_3032135551,GBIF,BR,Minas Gerais,44,NA,HUMAN_OBSERVATION,3032135551,eligible,GBIF_3032135551,GBIF,BR,22.1498336791992,214.030136108398,1164,83.5523376464844
-42.5,-22,GBIF_477983681,GBIF,BR,Rio de Janeiro,301,NA,PRESERVED_SPECIMEN,477983681,eligible,GBIF_477983681,GBIF,BR,19.986499786377,247.380111694336,1312,73.5895004272461
-42.546131,-19.510279,GBIF_6551575595,GBIF,BR,Minas Gerais,NA,NA,HUMAN_OBSERVATION,6551575595,eligible,GBIF_6551575595,GBIF,BR,23.3941669464111,192.522979736328,1236,80.7983627319336
-42.630222,-4.799472,GBIF_896832821,GBIF,BR,Piauí,NA,NA,PRESERVED_SPECIMEN,896832821,eligible,GBIF_896832821,GBIF,BR,26.9934997558594,112.31128692627,1494,97.0373306274414
-42.63868,-21.530687,GBIF_5890440536,GBIF,BR,Minas Gerais,11,NA,HUMAN_OBSERVATION,5890440536,eligible,GBIF_5890440536,GBIF,BR,22.1491661071777,232.947265625,1283,79.6435546875
-42.76695,-5.0656,GBIF_896832885,GBIF,BR,Piauí,NA,NA,PRESERVED_SPECIMEN,896832885,eligible,GBIF_896832885;GBIF_896832908,GBIF,BR,27.6311664581299,112.894165039062,1422,95.1653137207031
-42.770215,-22.45288,GBIF_4516792075,GBIF,BR,Rio de Janeiro,NA,NA,HUMAN_OBSERVATION,4516792075,eligible,GBIF_4516792075,GBIF,BR,22.1875,229.596374511719,1305,63.2276344299316
-42.87629,-20.754665,GBIF_6163053675,GBIF,BR,Minas Gerais,100,NA,HUMAN_OBSERVATION,6163053675,eligible,GBIF_6163053675,GBIF,BR,19.3880004882812,239.952911376953,1292,77.4839782714844
-42.995239,-22.816141,GBIF_3330440881,GBIF,BR,Rio de Janeiro,204,NA,HUMAN_OBSERVATION,3330440881,eligible,GBIF_3330440881;GBIF_3330793133,GBIF,BR,23.4156665802002,219.401504516602,1169,59.404956817627
-43.044511,-22.545539,GBIF_4904082660,GBIF,BR,Rio de Janeiro,NA,NA,HUMAN_OBSERVATION,4904082660,eligible,GBIF_4904082660,GBIF,BR,21.4523334503174,225.970932006836,1545,59.5915412902832
-43.13471,-22.900247,GBIF_5932660017,GBIF,BR,Rio de Janeiro,NA,NA,HUMAN_OBSERVATION,5932660017,eligible,GBIF_5932660017,GBIF,,23.3758335113525,197.749359130859,1113,48.1003646850586
-43.155018,-22.48557,GBIF_3764486427,GBIF,BR,Rio de Janeiro,NA,NA,HUMAN_OBSERVATION,3764486427,eligible,GBIF_3764486427,GBIF,BR,17.8738327026367,223.110000610352,1829,58.2378540039062
-43.225675,-22.967942,GBIF_6234405800,GBIF,BR,Rio de Janeiro,2,NA,HUMAN_OBSERVATION,6234405800,eligible,GBIF_6234405800,GBIF,BR,22.848014831543,201.574508666992,1133,50.3065872192383
-43.282195,-22.788407,GBIF_5932657328,GBIF,BR,Rio de Janeiro,8,NA,HUMAN_OBSERVATION,5932657328,eligible,GBIF_5932657328,GBIF,BR,23.5026779174805,216.182266235352,1471,47.5886611938477
-43.297371,-20.684257,GBIF_3925071085,GBIF,BR,Minas Gerais,NA,NA,HUMAN_OBSERVATION,3925071085,eligible,GBIF_3925071085,GBIF,BR,20.0839996337891,226.125244140625,1346,80.4135513305664
-43.358292,-21.771741,GBIF_5292333375,GBIF,BR,Minas Gerais,NA,NA,HUMAN_OBSERVATION,5292333375,eligible,GBIF_5292333375,GBIF,BR,19.6256675720215,215.444427490234,1434,77.6337966918945
-43.390143,-22.92865,GBIF_4925960469,GBIF,BR,Rio de Janeiro,1,NA,HUMAN_OBSERVATION,4925960469,eligible,GBIF_4925960469,GBIF,BR,23.4516658782959,207.856506347656,1309,46.1760101318359
-43.478457,-22.46996,GBIF_3079610949,GBIF,BR,Rio de Janeiro,NA,NA,HUMAN_OBSERVATION,3079610949,eligible,GBIF_3079610949,GBIF,BR,19.7011661529541,227.427703857422,1584,60.844425201416
-43.563821,-22.959058,GBIF_6253140616,GBIF,BR,Rio de Janeiro,87,NA,HUMAN_OBSERVATION,6253140616,eligible,GBIF_6253140616,GBIF,BR,23.2333335876465,210.47412109375,1312,46.6318511962891
-43.89873,-22.958228,GBIF_4500854760,GBIF,BR,Rio de Janeiro,NA,NA,HUMAN_OBSERVATION,4500854760,eligible,GBIF_4500854760,GBIF,,22.893180847168,203.304260253906,1406,49.1161460876465
-43.975121,-19.916125,GBIF_3773290428,GBIF,BR,Minas Gerais,4,NA,HUMAN_OBSERVATION,3773290428,eligible,GBIF_3773290428,GBIF,BR,21.2105007171631,184.25715637207,1547,87.0196685791016
-44.029418,-19.615745,GBIF_6498565563,GBIF,BR,Minas Gerais,106,NA,HUMAN_OBSERVATION,6498565563,eligible,GBIF_6498565563,GBIF,BR,21.0381660461426,192.35725402832,1369,88.6155166625977
-44.158337,-22.554611,GBIF_6188199479,GBIF,BR,Rio de Janeiro,NA,NA,HUMAN_OBSERVATION,6188199479,eligible,GBIF_6188199479,GBIF,BR,21.0160007476807,240.695495605469,1431,72.7164535522461
-44.165118,-19.929815,GBIF_5134855734,GBIF,BR,Minas Gerais,5,NA,HUMAN_OBSERVATION,5134855734,eligible,GBIF_5134855734,GBIF,BR,20.8506660461426,186.484359741211,1522,87.8194580078125
-44.2468,-2.53268,GBIF_5897433892,GBIF,BR,Maranhão,5,NA,HUMAN_OBSERVATION,5897433892,eligible,GBIF_5897433892,GBIF,BR,26.9366664886475,40.5551910400391,2250,83.8850784301758
-44.316761,-22.023323,GBIF_5006778613,GBIF,BR,Minas Gerais,NA,NA,HUMAN_OBSERVATION,5006778613,eligible,GBIF_5006778613,GBIF,BR,17.75950050354,232.13916015625,1556,77.3508911132812
-44.512034,-13.507883,GBIF_6440938365,GBIF,BR,Bahia,NA,NA,HUMAN_OBSERVATION,6440938365,eligible,GBIF_6440938365,GBIF,BR,23.7011661529541,120.50910949707,951,96.6137619018555
-44.531634,-14.179267,GBIF_5104507530,GBIF,BR,Bahia,3,NA,HUMAN_OBSERVATION,5104507530,eligible,GBIF_5104507530,GBIF,BR,23.7606658935547,132.021667480469,958,94.1933517456055
-44.605214,-22.459156,GBIF_6510505744,GBIF,BR,Rio de Janeiro,NA,NA,HUMAN_OBSERVATION,6510505744,eligible,GBIF_6510505744,GBIF,BR,19.744499206543,246.404861450195,1545,73.8336410522461
-44.716022,-23.218863,GBIF_4453783895,GBIF,BR,Rio de Janeiro,7,NA,HUMAN_OBSERVATION,4453783895,eligible,GBIF_4453783895,GBIF,BR,22.3607635498047,230.125366210938,2355,42.7072525024414
-44.990257,-19.871393,GBIF_4525128434,GBIF,BR,Minas Gerais,NA,NA,HUMAN_OBSERVATION,4525128434,eligible,GBIF_4525128434,GBIF,BR,20.9583339691162,214.206192016602,1414,87.1000671386719
-45.062115,-22.106102,GBIF_4855137107,GBIF,BR,Minas Gerais,NA,NA,HUMAN_OBSERVATION,4855137107,eligible,GBIF_4855137107,GBIF,BR,19.1633338928223,285.297729492188,1538,75.6601333618164
-45.071486,-23.4343825,GBIF_3967752950,GBIF,BR,Sp,NA,NA,OCCURRENCE,3967752950,eligible,GBIF_3967752950,GBIF,BR,22.2202777862549,248.039428710938,2522,42.7373161315918
-45.129567,-22.737383,GBIF_2901642305,GBIF,BR,São Paulo,165,NA,HUMAN_OBSERVATION,2901642305,eligible,GBIF_2901642305,GBIF,BR,21.7513332366943,220.705856323242,1450,71.6704254150391
-45.53,-14.998889,GBIF_6510230332,GBIF,BR,Goiás,NA,NA,HUMAN_OBSERVATION,6510230332,eligible,GBIF_6510230332,GBIF,BR,22.8533325195312,133.917938232422,1428,94.9235458374023
-45.565903,-23.782937,GBIF_5087479016,GBIF,BR,São Paulo,19,NA,HUMAN_OBSERVATION,5087479016,eligible,GBIF_5087479016,GBIF,BR,20.6736660003662,248.899459838867,2368,38.9185600280762
-45.580575,-20.538231,GBIF_5830391547,GBIF,BR,Minas Gerais,NA,NA,HUMAN_OBSERVATION,5830391547,eligible,GBIF_5830391547,GBIF,BR,20.0314998626709,234.722640991211,1445,78.6336669921875
-45.865706,-23.736895,GBIF_5938099417,GBIF,BR,São Paulo,729,NA,HUMAN_OBSERVATION,5938099417,eligible,GBIF_5938099417,GBIF,BR,22.2250003814697,245.098876953125,2798,36.2748680114746
-45.949762,-23.301687,GBIF_5199046234,GBIF,BR,São Paulo,12,NA,HUMAN_OBSERVATION,5199046234,eligible,GBIF_5199046234,GBIF,BR,19.3554992675781,248.741500854492,1378,63.2719421386719
-46.029203,-22.862114,GBIF_6470638738,GBIF,BR,Minas Gerais,NA,NA,HUMAN_OBSERVATION,6470638738,eligible,GBIF_6470638738,GBIF,BR,13.985333442688,276.853118896484,1746,66.95654296875
-46.102463,-15.904808,GBIF_4111989322,GBIF,BR,Minas Gerais,NA,NA,HUMAN_OBSERVATION,4111989322,eligible,GBIF_4111989322,GBIF,BR,23.6343326568604,161.206665039062,1260,88.5687789916992
-46.232845,-19.19826,GBIF_6423125508,GBIF,BR,Minas Gerais,15,NA,HUMAN_OBSERVATION,6423125508,eligible,GBIF_6423125508,GBIF,BR,19.9701671600342,180.654846191406,1532,81.6336898803711
-46.290858,-23.003731,GBIF_4924109651,GBIF,BR,São Paulo,6,NA,HUMAN_OBSERVATION,4924109651,eligible,GBIF_4924109651,GBIF,BR,17.9561672210693,240.405242919922,1443,67.0449371337891
-46.2975,-23.66195,GBIF_918797684,GBIF,BR,,NA,NA,PRESERVED_SPECIMEN,918797684,eligible,GBIF_918797684,GBIF,BR,17.8893337249756,243.198669433594,1910,46.4381484985352
-46.31293,-18.998508,GBIF_4525144507,GBIF,BR,Minas Gerais,20,NA,HUMAN_OBSERVATION,4525144507,eligible,GBIF_4525144507,GBIF,BR,19.97483253479,168.195999145508,1524,82.7199859619141
-46.383402,-23.97043,GBIF_4872250453,GBIF,BR,São Paulo,48,NA,HUMAN_OBSERVATION,4872250453,eligible,GBIF_4872250453,GBIF,BR,22.615873336792,242.648086547852,2550,38.8296775817871
-46.448412,-23.382185,GBIF_6552632492,GBIF,BR,São Paulo,NA,NA,HUMAN_OBSERVATION,6552632492,eligible,GBIF_6552632492,GBIF,BR,18.4928340911865,236.330505371094,1407,60.6109008789062
-46.46663,-23.676201,GBIF_6519145503,GBIF,BR,São Paulo,37,NA,HUMAN_OBSERVATION,6519145503,eligible,GBIF_6519145503,GBIF,BR,18.2124996185303,244.027862548828,1703,50.0950202941895
-46.514966,-23.454817,GBIF_3705636382,GBIF,BR,São Paulo,9,NA,HUMAN_OBSERVATION,3705636382,eligible,GBIF_3705636382,GBIF,BR,18.8295001983643,234.426742553711,1444,60.201602935791
-46.521793,-23.567219,GBIF_4909302224,GBIF,BR,São Paulo,NA,NA,HUMAN_OBSERVATION,4909302224,eligible,GBIF_4909302224,GBIF,BR,18.90016746521,240.071334838867,1519,57.692798614502
-46.583755,-23.062553,GBIF_5892544790,GBIF,BR,São Paulo,298,NA,HUMAN_OBSERVATION,5892544790,eligible,GBIF_5892544790,GBIF,BR,18.0321674346924,235.452911376953,1363,63.692741394043
-46.613953,-23.608747,GBIF_3079894997,GBIF,BR,São Paulo,10,NA,HUMAN_OBSERVATION,3079894997,eligible,GBIF_3079894997,GBIF,BR,18.8578338623047,238.75309753418,1488,59.476505279541
-46.628358,-22.472879,GBIF_6334411603,GBIF,BR,São Paulo,NA,NA,HUMAN_OBSERVATION,6334411603,eligible,GBIF_6334411603,GBIF,BR,18.9696674346924,229.984146118164,1433,69.5791168212891
-46.70345,-23.532488,GBIF_4440739664,GBIF,BR,São Paulo,13,NA,HUMAN_OBSERVATION,4440739664,eligible,GBIF_4440739664,GBIF,BR,19.1111660003662,233.735961914062,1473,61.743953704834
-46.734668,-23.636789,GBIF_5140161533,GBIF,BR,São Paulo,38,NA,HUMAN_OBSERVATION,5140161533,eligible,GBIF_5140161533,GBIF,BR,18.6205005645752,240.688446044922,1532,58.9606590270996
-46.749725,-23.440722,GBIF_5938690242,GBIF,BR,São Paulo,12,NA,HUMAN_OBSERVATION,5938690242,eligible,GBIF_5938690242,GBIF,BR,18.3334999084473,229.968627929688,1388,62.6661796569824
-46.755872,-23.350799,GBIF_6518507887,GBIF,BR,São Paulo,23,NA,HUMAN_OBSERVATION,6518507887,eligible,GBIF_6518507887,GBIF,BR,18.3036670684814,227.800888061523,1364,63.1019134521484
-46.786238,-21.96704,GBIF_5008089793,GBIF,BR,São Paulo,8,NA,HUMAN_OBSERVATION,5008089793,eligible,GBIF_5008089793,GBIF,BR,20.2756671905518,235.077194213867,1522,71.6191101074219
-46.801391,-1.63228,GBIF_4465481398,GBIF,BR,Pará,212,NA,HUMAN_OBSERVATION,4465481398,eligible,GBIF_4465481398;GBIF_4465483403,GBIF,BR,26.0575008392334,44.4260368347168,2240,71.9528579711914
-46.836778,-23.531812,GBIF_6480745487,GBIF,BR,São Paulo,10,NA,HUMAN_OBSERVATION,6480745487,eligible,GBIF_6480745487,GBIF,BR,18.7501659393311,238.640563964844,1439,61.4399528503418
-46.910159,-22.742469,GBIF_6400249672,GBIF,BR,São Paulo,5,NA,HUMAN_OBSERVATION,6400249672,eligible,GBIF_6400249672,GBIF,BR,19.8169994354248,233.965835571289,1297,66.8778686523438
-46.912954,-21.606244,GBIF_5216533438,GBIF,BR,São Paulo,5,NA,HUMAN_OBSERVATION,5216533438,eligible,GBIF_5216533438,GBIF,BR,20.4720001220703,232.258178710938,1425,76.6715393066406
-46.922653,-23.28024,GBIF_4994108793,GBIF,BR,São Paulo,20,NA,HUMAN_OBSERVATION,4994108793,eligible,GBIF_4994108793,GBIF,BR,17.2496662139893,226.429046630859,1379,63.2560119628906
-46.930438,-23.149527,GBIF_4417003068,GBIF,BR,São Paulo,19,NA,HUMAN_OBSERVATION,4417003068,eligible,GBIF_4417003068,GBIF,BR,19.2261657714844,229.051788330078,1311,67.3572463989258
-47.020213,-23.652375,GBIF_5104720031,GBIF,BR,São Paulo,193,NA,HUMAN_OBSERVATION,5104720031,eligible,GBIF_5104720031,GBIF,BR,17.2001667022705,241.367691040039,1495,57.925048828125
-47.036305,-22.887078,GBIF_4405051660,GBIF,BR,São Paulo,2,NA,HUMAN_OBSERVATION,4405051660,eligible,GBIF_4405051660,GBIF,BR,20.1198329925537,233.187118530273,1304,67.4876556396484
-47.174426,-22.343685,GBIF_4863455325,GBIF,BR,São Paulo,NA,NA,HUMAN_OBSERVATION,4863455325,eligible,GBIF_4863455325,GBIF,BR,20.611499786377,242.993881225586,1313,73.8103942871094
-47.175625,-23.541505,GBIF_4973863908,GBIF,BR,São Paulo,24,NA,HUMAN_OBSERVATION,4973863908,eligible,GBIF_4973863908,GBIF,BR,17.755500793457,240.98942565918,1373,60.4971122741699
-47.178956,-23.129645,GBIF_6499283779,GBIF,BR,São Paulo,5,NA,HUMAN_OBSERVATION,6499283779,eligible,GBIF_6499283779,GBIF,BR,20.0633335113525,230.543304443359,1277,64.3950424194336
-47.2996008,-23.2646754,GBIF_3967750840,GBIF,BR,Sp,NA,NA,OCCURRENCE,3967750840,eligible,GBIF_3967750840,GBIF,BR,19.9195003509521,240.701171875,1287,62.5751762390137
-47.31427,-23.162475,GBIF_5087482894,GBIF,BR,São Paulo,4,NA,HUMAN_OBSERVATION,5087482894,eligible,GBIF_5087482894,GBIF,BR,20.2343330383301,236.964614868164,1236,64.4106826782227
-47.3318034,-22.7396748,GBIF_3967757599,GBIF,BR,Sp,NA,NA,OCCURRENCE,3967757599,eligible,GBIF_3967757599,GBIF,BR,20.6681671142578,246.63688659668,1276,72.3468551635742
-47.375405,-22.559647,GBIF_5840558022,GBIF,BR,São Paulo,4,NA,HUMAN_OBSERVATION,5840558022,eligible,GBIF_5840558022,GBIF,BR,20.703332901001,254.105056762695,1292,73.5446472167969
-47.390344,-22.359025,GBIF_4921844431,GBIF,BR,São Paulo,NA,NA,HUMAN_OBSERVATION,4921844431,eligible,GBIF_4921844431,GBIF,BR,20.6191673278809,245.805755615234,1333,74.5118179321289
-47.438918,-22.763064,GBIF_4441000459,GBIF,BR,São Paulo,23,NA,HUMAN_OBSERVATION,4441000459,eligible,GBIF_4441000459,GBIF,BR,20.4798336029053,247.526916503906,1233,71.2093124389648
-47.444598,-23.540283,GBIF_5282122470,GBIF,BR,São Paulo,4596,NA,HUMAN_OBSERVATION,5282122470,eligible,GBIF_5282122470,GBIF,BR,19.2938327789307,247.649963378906,1248,61.8321266174316
-47.452957,-24.029414,GBIF_6498685177,GBIF,BR,São Paulo,2,NA,HUMAN_OBSERVATION,6498685177,eligible,GBIF_6498685177,GBIF,BR,19.3108329772949,261.553863525391,1664,46.3294486999512
-47.50516,-24.319966,GBIF_5292084136,GBIF,BR,São Paulo,60,NA,HUMAN_OBSERVATION,5292084136,eligible,GBIF_5292084136,GBIF,BR,21.9913330078125,275.395233154297,1701,44.6682624816895
-47.570736,-24.757021,GBIF_6195412297,GBIF,BR,São Paulo,23,NA,HUMAN_OBSERVATION,6195412297,eligible,GBIF_6195412297,GBIF,BR,21.9927082061768,291.330444335938,1948,38.5288505554199
-47.573349,-22.415267,GBIF_4926223871,GBIF,BR,São Paulo,13,NA,HUMAN_OBSERVATION,4926223871,eligible,GBIF_4926223871,GBIF,BR,20.5683326721191,253.549133300781,1301,73.8234634399414
-47.6496035,-22.7257729,GBIF_3967753850,GBIF,BR,Sp,NA,NA,OCCURRENCE,3967753850,eligible,GBIF_3967753850,GBIF,BR,20.8934993743896,256.119689941406,1274,71.7032928466797
-47.657974,-20.988297,GBIF_4153514155,GBIF,BR,São Paulo,3091,NA,HUMAN_OBSERVATION,4153514155,eligible,GBIF_4153514155;GBIF_4153650240,GBIF,BR,20.5983333587646,196.183563232422,1550,72.645378112793
-47.660304,-15.611535,GBIF_5908617111,GBIF,BR,Distrito Federal,24,NA,HUMAN_OBSERVATION,5908617111,eligible,GBIF_5908617111,GBIF,BR,21.1979999542236,123.89916229248,1467,81.0710601806641
-47.7151041,-23.1023739,GBIF_3967750963,GBIF,BR,Sp,NA,NA,OCCURRENCE,3967750963,eligible,GBIF_3967750963,GBIF,BR,20.5726661682129,246.040313720703,1157,66.6661834716797
-47.759522,-15.650487,GBIF_3058904783,GBIF,BR,Distrito Federal,65,NA,HUMAN_OBSERVATION,3058904783,eligible,GBIF_3058904783,GBIF,BR,20.5629997253418,114.856597900391,1519,78.1971282958984
-47.773225,-16.112225,GBIF_4936547097,GBIF,BR,Goiás,4,NA,HUMAN_OBSERVATION,4936547097,eligible,GBIF_4936547097,GBIF,BR,21.1056671142578,143.378326416016,1522,84.7084808349609
-47.777031,-21.024654,GBIF_4076007307,GBIF,BR,São Paulo,244,NA,HUMAN_OBSERVATION,4076007307,eligible,GBIF_4076007307,GBIF,BR,21.9785003662109,201.854064941406,1509,75.6874237060547
-47.788544,-22.666639,GBIF_6133592363,GBIF,BR,São Paulo,NA,NA,HUMAN_OBSERVATION,6133592363,eligible,GBIF_6133592363,GBIF,BR,20.861499786377,251.201965332031,1257,71.4673461914062
-47.789369,-16.586782,GBIF_3044664404,GBIF,BR,Goiás,122,NA,HUMAN_OBSERVATION,3044664404,eligible,GBIF_3044664404,GBIF,BR,21.5520000457764,157.715728759766,1521,86.5651397705078
-47.808137,-21.205795,GBIF_5868422801,GBIF,BR,São Paulo,19,NA,HUMAN_OBSERVATION,5868422801,eligible,GBIF_5868422801,GBIF,BR,22.3753337860107,214.953094482422,1536,74.2385330200195
-47.809397,-15.799297,GBIF_6130162821,GBIF,BR,Distrito Federal,1,NA,HUMAN_OBSERVATION,6130162821,eligible,GBIF_6130162821,GBIF,BR,20.8593330383301,118.419845581055,1485,79.7175750732422
-47.8260048,-22.7790736,GBIF_3967769488,GBIF,BR,Sp,NA,NA,OCCURRENCE,3967769488,eligible,GBIF_3967769488;GBIF_3967772526,GBIF,BR,20.4559993743896,248.362014770508,1217,70.2547607421875
-47.8385115,-24.8962785,GBIF_3967766552,GBIF,BR,Sp,NA,NA,OCCURRENCE,3967766552,eligible,GBIF_3967766552,GBIF,BR,22.2970237731934,291.171539306641,1995,44.2995567321777
-47.8553,-23.3545,GBIF_6510445214,GBIF,BR,São Paulo,NA,NA,HUMAN_OBSERVATION,6510445214,eligible,GBIF_6510445214,GBIF,BR,19.6468334197998,250.755737304688,1186,63.2154121398926
-47.875556,-21.990278,GBIF_3109117339,GBIF,BR,São Paulo,NA,NA,HUMAN_OBSERVATION,3109117339,eligible,GBIF_3109117339,GBIF,BR,19.6986675262451,219.793243408203,1418,69.3651428222656
-47.890113,-24.6118786,GBIF_3967770530,GBIF,BR,Sp,NA,NA,OCCURRENCE,3967770530,eligible,GBIF_3967770530,GBIF,BR,22.5139999389648,296.989013671875,1615,48.1858367919922
-47.910189,-15.760353,GBIF_6479484631,GBIF,BR,Distrito Federal,77,NA,HUMAN_OBSERVATION,6479484631,eligible,GBIF_6479484631,GBIF,BR,20.8893337249756,115.205535888672,1516,77.1491394042969
-47.923248,-15.889696,GBIF_6273995693,GBIF,BR,Distrito Federal,82,NA,HUMAN_OBSERVATION,6273995693,eligible,GBIF_6273995693,GBIF,BR,20.7263336181641,123.247985839844,1520,78.9038925170898
-47.928387,-25.003692,GBIF_6171135987,GBIF,BR,São Paulo,NA,NA,HUMAN_OBSERVATION,6171135987,eligible,GBIF_6171135987,GBIF,BR,22.469165802002,291.370269775391,2123,45.8925743103027
-47.932145,-16.264655,GBIF_3759296176,GBIF,BR,Goiás,5,NA,HUMAN_OBSERVATION,3759296176,eligible,GBIF_3759296176,GBIF,BR,20.9893341064453,145.948547363281,1557,85.999870300293
-47.97694,-16.120969,GBIF_3044952781,GBIF,BR,Goiás,NA,NA,HUMAN_OBSERVATION,3044952781,eligible,GBIF_3044952781,GBIF,BR,21.0026664733887,136.005401611328,1535,82.9300994873047
-48.002228,-15.80672,GBIF_4165762324,GBIF,BR,Distrito Federal,9,NA,HUMAN_OBSERVATION,4165762324,eligible,GBIF_4165762324,GBIF,BR,20.7226657867432,114.103637695312,1513,76.9287261962891
-48.055049,-16.002417,GBIF_3118361752,GBIF,BR,Distrito Federal,45,NA,HUMAN_OBSERVATION,3118361752,eligible,GBIF_3118361752,GBIF,BR,20.6933326721191,121.585334777832,1544,79.5798645019531
-48.139141,-15.783895,GBIF_3355161539,GBIF,BR,Distrito Federal,15,NA,HUMAN_OBSERVATION,3355161539,eligible,GBIF_3355161539,GBIF,BR,20.7099990844727,109.588012695312,1533,77.0525360107422
-48.193006,-21.81464,GBIF_6519912292,GBIF,BR,São Paulo,NA,NA,HUMAN_OBSERVATION,6519912292,eligible,GBIF_6519912292,GBIF,BR,20.8894996643066,230.40657043457,1351,73.6187896728516
-48.281087,-18.910305,GBIF_4006547762,GBIF,BR,Minas Gerais,10,NA,HUMAN_OBSERVATION,4006547762,eligible,GBIF_4006547762,GBIF,BR,22.0863342285156,149.127685546875,1612,83.9622039794922
-48.341048,-21.239967,GBIF_3031829636,GBIF,BR,São Paulo,31,NA,HUMAN_OBSERVATION,3031829636,eligible,GBIF_3031829636,GBIF,BR,21.6333332061768,200.493713378906,1335,78.1652069091797
-48.383889,-22.3675,GBIF_3398922243,GBIF,BR,São Paulo,NA,NA,HUMAN_OBSERVATION,3398922243,eligible,GBIF_3398922243,GBIF,BR,20.066333770752,246.462783813477,1298,70.1268920898438
-48.444256,-1.451233,GBIF_1890154367,GBIF,BR,Pará,NA,NA,PRESERVED_SPECIMEN,1890154367,eligible,GBIF_1890154367;GBIF_1890154331,GBIF,,26.5246658325195,41.5692710876465,2766,60.2226066589355
-48.455002,-25.65471,GBIF_3456418952,GBIF,BR,Paraná,20,NA,HUMAN_OBSERVATION,3456418952,eligible,GBIF_3456418952,GBIF,BR,20.6383323669434,305.605529785156,1995,41.967601776123
-48.478847,-23.60854,GBIF_5844516993,GBIF,BR,São Paulo,204,NA,HUMAN_OBSERVATION,5844516993,eligible,GBIF_5844516993,GBIF,BR,19.8451671600342,261.840698242188,1196,56.2407264709473
-48.4898085,-22.8923703,GBIF_3967753663,GBIF,BR,Sp,NA,NA,OCCURRENCE,3967753663,eligible,GBIF_3967753663,GBIF,BR,18.9505004882812,235.887786865234,1328,62.6520538330078
-48.491777,-27.442647,GBIF_4039493580,GBIF,BR,Santa Catarina,1375,NA,HUMAN_OBSERVATION,4039493580,eligible,GBIF_4039493580,GBIF,,19.953332901001,315.542846679688,1589,20.6815853118896
-48.515278,-21.258056,GBIF_3712672812,GBIF,BR,São Paulo,NA,NA,HUMAN_OBSERVATION,3712672812,eligible,GBIF_3712672812,GBIF,BR,21.3476676940918,201.043960571289,1324,78.2167282104492
-48.525505,-27.602859,GBIF_5828700335,GBIF,BR,Santa Catarina,15,NA,HUMAN_OBSERVATION,5828700335,eligible,GBIF_5828700335,GBIF,BR,19.7647571563721,313.915466308594,1594,20.794605255127
-48.532525,-25.516618,GBIF_4910929516,GBIF,BR,Paraná,NA,NA,HUMAN_OBSERVATION,4910929516,eligible,GBIF_4910929516,GBIF,,20.7128791809082,312.256713867188,1951,44.095588684082
-48.535833,-6.076667,GBIF_896825672,GBIF,BR,Pará,NA,NA,PRESERVED_SPECIMEN,896825672,eligible,GBIF_896825672,GBIF,BR,25.8875007629395,49.0618133544922,1583,69.1861572265625
-48.602322,-27.022967,GBIF_5839853133,GBIF,BR,Santa Catarina,NA,NA,HUMAN_OBSERVATION,5839853133,eligible,GBIF_5839853133,GBIF,BR,19.7411231994629,320.548889160156,1574,29.1396369934082
-48.60495,-26.124001,GBIF_6400420616,GBIF,BR,Santa Catarina,1,NA,HUMAN_OBSERVATION,6400420616,eligible,GBIF_6400420616,GBIF,,20.7161102294922,293.930786132812,1839,39.6307601928711
-48.616428,-27.792632,GBIF_6179328866,GBIF,BR,Santa Catarina,51,NA,HUMAN_OBSERVATION,6179328866,eligible,GBIF_6179328866,GBIF,BR,19.9636898040771,309.394104003906,1529,24.4644527435303
-48.617124,-26.793561,GBIF_6413214055,GBIF,BR,Santa Catarina,NA,NA,HUMAN_OBSERVATION,6413214055,eligible,GBIF_6413214055,GBIF,,20.0967254638672,315.936401367188,1632,31.2468910217285
-48.655208,-28.152398,GBIF_6147340214,GBIF,BR,Santa Catarina,NA,NA,HUMAN_OBSERVATION,6147340214,eligible,GBIF_6147340214,GBIF,BR,19.9270839691162,307.348968505859,1492,22.3023986816406
-48.665187,-26.916569,GBIF_5840108016,GBIF,BR,Santa Catarina,NA,NA,HUMAN_OBSERVATION,5840108016,eligible,GBIF_5840108016,GBIF,BR,20.2318458557129,324.912475585938,1617,30.2411422729492
-48.690586,-27.676284,GBIF_6422684576,GBIF,BR,Santa Catarina,NA,NA,HUMAN_OBSERVATION,6422684576,eligible,GBIF_6422684576,GBIF,BR,19.9785003662109,317.2841796875,1564,24.3055610656738
-48.769312,-28.480455,GBIF_6399582742,GBIF,BR,Santa Catarina,14,NA,HUMAN_OBSERVATION,6399582742,eligible,GBIF_6399582742,GBIF,,20.08717918396,302.530181884766,1439,18.5713424682617
-48.80356,-22.595912,GBIF_6147640525,GBIF,BR,São Paulo,14,NA,HUMAN_OBSERVATION,6147640525,eligible,GBIF_6147640525,GBIF,BR,20.7916660308838,235.449249267578,1239,64.1469421386719
-48.85355,-26.278472,GBIF_6551986429,GBIF,BR,Santa Catarina,9,NA,HUMAN_OBSERVATION,6551986429,eligible,GBIF_6551986429,GBIF,BR,20.9138336181641,304.313446044922,1732,37.4620590209961
-48.884434,-27.064001,GBIF_5760922755,GBIF,BR,Santa Catarina,196,NA,HUMAN_OBSERVATION,5760922755,eligible,GBIF_5760922755,GBIF,BR,19.91233253479,328.946533203125,1675,26.0730075836182
-48.926591,-16.646986,GBIF_6519878326,GBIF,BR,Goiás,NA,NA,HUMAN_OBSERVATION,6519878326,eligible,GBIF_6519878326,GBIF,BR,22.3050003051758,117.697273254395,1605,78.6521759033203
-48.929119,-26.904419,GBIF_5889468087,GBIF,BR,Santa Catarina,863,NA,HUMAN_OBSERVATION,5889468087,eligible,GBIF_5889468087,GBIF,BR,19.9915008544922,323.522613525391,1662,26.807107925415
-48.947685,-16.380491,GBIF_3698152529,GBIF,BR,Goiás,NA,NA,HUMAN_OBSERVATION,3698152529,eligible,GBIF_3698152529,GBIF,BR,21.7818336486816,101.793098449707,1654,77.0471649169922
-48.956362,-28.44364,GBIF_5070007435,GBIF,BR,Santa Catarina,NA,NA,HUMAN_OBSERVATION,5070007435,eligible,GBIF_5070007435,GBIF,BR,20.1200008392334,311.157409667969,1442,21.0555648803711
-49.03141,-22.348653,GBIF_3860500479,GBIF,BR,São Paulo,84,NA,HUMAN_OBSERVATION,3860500479,eligible,GBIF_3860500479,GBIF,BR,21.2026672363281,218.828872680664,1170,63.821533203125
-49.072994,-26.924025,GBIF_6334651984,GBIF,BR,Santa Catarina,NA,NA,HUMAN_OBSERVATION,6334651984,eligible,GBIF_6334651984,GBIF,BR,19.9375,326.633056640625,1668,25.2501392364502
-49.135027,-22.412651,GBIF_4925938861,GBIF,BR,São Paulo,1876,NA,HUMAN_OBSERVATION,4925938861,eligible,GBIF_4925938861,GBIF,BR,21.3993339538574,224.913940429688,1181,62.6792907714844
-49.23762,-16.678699,GBIF_4516283928,GBIF,BR,Goiás,20,NA,HUMAN_OBSERVATION,4516283928,eligible,GBIF_4516283928,GBIF,BR,23.2565002441406,121.421905517578,1679,79.2699203491211
-49.252447,-26.440526,GBIF_5827553252,GBIF,BR,Santa Catarina,205,NA,HUMAN_OBSERVATION,5827553252,eligible,GBIF_5827553252,GBIF,BR,19.8893337249756,315.312530517578,1542,29.3427047729492
-49.275144,-26.932929,GBIF_3985608233,GBIF,BR,Santa Catarina,NA,NA,HUMAN_OBSERVATION,3985608233,eligible,GBIF_3985608233,GBIF,BR,19.7523326873779,329.238494873047,1637,22.7587566375732
-49.278921,-26.794102,GBIF_6178529661,GBIF,BR,Santa Catarina,2087,NA,HUMAN_OBSERVATION,6178529661,eligible,GBIF_6178529661;GBIF_5076783897,GBIF,BR,20.0384998321533,328.755035400391,1634,23.1855869293213
-49.342511,-16.781751,GBIF_5153727332,GBIF,BR,Goiás,NA,NA,HUMAN_OBSERVATION,5153727332,eligible,GBIF_5153727332,GBIF,BR,22.6356658935547,115.251770019531,1670,78.2198181152344
-49.369711,-20.778732,GBIF_5037161106,GBIF,BR,São Paulo,NA,NA,HUMAN_OBSERVATION,5037161106,eligible,GBIF_5037161106,GBIF,BR,22.9233341217041,208.161529541016,1263,75.997917175293
-49.375358,-28.672278,GBIF_2963824476,GBIF,BR,Santa Catarina,1716,NA,HUMAN_OBSERVATION,2963824476,eligible,GBIF_2963824476,GBIF,BR,19.6113338470459,337.074462890625,1358,25.8811092376709
-49.403566,-22.410384,GBIF_5935921527,GBIF,BR,São Paulo,576,NA,HUMAN_OBSERVATION,5935921527,eligible,GBIF_5935921527,GBIF,BR,21.0106658935547,246.152709960938,1231,62.3055458068848
-49.526249,-16.059925,GBIF_5908640542,GBIF,BR,Goiás,NA,NA,HUMAN_OBSERVATION,5908640542,eligible,GBIF_5908640542,GBIF,BR,22.9646663665771,110.395896911621,1684,78.8591766357422
-49.941193,-15.563959,GBIF_3067742191,GBIF,BR,Goiás,5,NA,HUMAN_OBSERVATION,3067742191,eligible,GBIF_3067742191,GBIF,BR,23.671667098999,118.610374450684,1659,80.3848876953125
-50.38506,-21.254881,GBIF_6551797500,GBIF,BR,São Paulo,654,NA,HUMAN_OBSERVATION,6551797500,eligible,GBIF_6551797500,GBIF,BR,22.0448341369629,254.445114135742,1200,68.7517929077148
-50.550484,-20.685685,GBIF_4067293054,GBIF,BR,São Paulo,87,NA,HUMAN_OBSERVATION,4067293054,eligible,GBIF_4067293054,GBIF,BR,22.3888339996338,239.732055664062,1187,69.9822463989258
-50.865674,-21.224623,GBIF_4607635784,GBIF,BR,São Paulo,2294,NA,HUMAN_OBSERVATION,4607635784,eligible,GBIF_4607635784,GBIF,BR,21.992166519165,257.730133056641,1170,67.630729675293
-50.892204,-22.2294,GBIF_4153872977,GBIF,BR,São Paulo,2468,NA,HUMAN_OBSERVATION,4153872977,eligible,GBIF_4153872977,GBIF,BR,21.804500579834,261.945587158203,1287,54.0340347290039
-51.186575,-28.059614,GBIF_3039506875,GBIF,BR,Rio Grande do Sul,NA,NA,HUMAN_OBSERVATION,3039506875,eligible,GBIF_3039506875,GBIF,BR,16.003833770752,326.315734863281,1619,15.3193664550781
-51.445,-1.737639,GBIF_1890147457,GBIF,BR,Pará,NA,NA,PRESERVED_SPECIMEN,1890147457,eligible,GBIF_1890147457,GBIF,BR,26.1136665344238,47.4032554626465,2200,58.1500930786133
-51.967795,-23.393092,GBIF_5827675286,GBIF,BR,Paraná,2,NA,HUMAN_OBSERVATION,5827675286,eligible,GBIF_5827675286,GBIF,BR,18.5561676025391,300.857757568359,1251,34.3338928222656
-52.16667,-21.83333,GBIF_477979813,GBIF,BR,Amazonas,3036,NA,PRESERVED_SPECIMEN,477979813,eligible,GBIF_477979813,GBIF,BR,23.2003326416016,241.626434326172,1129,47.6233406066895
-52.17186,-22.621273,GBIF_6179115540,GBIF,BR,São Paulo,73,NA,HUMAN_OBSERVATION,6179115540,eligible,GBIF_6179115540,GBIF,BR,22.1544990539551,258.208465576172,1175,42.5877113342285
-52.224595,-3.2677,GBIF_5077183474,GBIF,BR,Pará,32,NA,HUMAN_OBSERVATION,5077183474,eligible,GBIF_5077183474,GBIF,BR,26.1158332824707,60.5133399963379,1946,75.6788558959961
-52.332638,4.884125,GBIF_4904132609,GBIF,GF,Cayenne,85,NA,HUMAN_OBSERVATION,4904132609,eligible,GBIF_4904132609,GBIF,-99,25.957332611084,41.5647125244141,2863,52.3681182861328
-52.456235,4.907154,GBIF_4901008609,GBIF,GF,Cayenne,4,NA,HUMAN_OBSERVATION,4901008609,eligible,GBIF_4901008609,GBIF,-99,25.8524990081787,40.173999786377,2973,50.2473449707031
-53.006158,5.371209,GBIF_6252316344,GBIF,GF,Cayenne,2,NA,HUMAN_OBSERVATION,6252316344,eligible,GBIF_6252316344,GBIF,-99,25.8708324432373,48.9092750549316,2766,50.6837425231934
-53.157169,-27.979463,GBIF_4413540488,GBIF,BR,Rio Grande do Sul,NA,NA,HUMAN_OBSERVATION,4413540488,eligible,GBIF_4413540488,GBIF,BR,18.4848327636719,375.691253662109,1822,9.74030876159668
-54.475261,-16.62188,GBIF_5897816337,GBIF,BR,Mato Grosso,1000,NA,HUMAN_OBSERVATION,5897816337,eligible,GBIF_5897816337,GBIF,BR,24.2111663818359,191.36328125,1563,74.9862442016602
-54.559801,-20.422829,GBIF_4908246748,GBIF,BR,Mato Grosso do Sul,28,NA,HUMAN_OBSERVATION,4908246748,eligible,GBIF_4908246748,GBIF,BR,23.0406665802002,178.407440185547,1466,54.5104522705078
-54.6471,-20.514136,GBIF_3698414452,GBIF,BR,Mato Grosso do Sul,731,NA,HUMAN_OBSERVATION,3698414452,eligible,GBIF_3698414452;GBIF_3698320220,GBIF,BR,23.6638336181641,183.332916259766,1461,53.8251571655273
-54.732209,-2.417721,GBIF_4046590389,GBIF,BR,Pará,22,NA,HUMAN_OBSERVATION,4046590389,eligible,GBIF_4046590389,GBIF,BR,26.4131660461426,65.4819946289062,2173,68.2906494140625
-54.936942,-2.635831,GBIF_6510824815,GBIF,BR,Pará,NA,NA,HUMAN_OBSERVATION,6510824815,eligible,GBIF_6510824815,GBIF,BR,25.6848335266113,66.9254837036133,1921,64.7489700317383
-54.936976,-12.382073,GBIF_3391314154,GBIF,BR,Mato Grosso,2148,NA,HUMAN_OBSERVATION,3391314154,eligible,GBIF_3391314154,GBIF,BR,24.5306663513184,79.6718521118164,1849,83.6116485595703
-54.939298,-10.186609,GBIF_5890059269,GBIF,BR,Mato Grosso,16,NA,HUMAN_OBSERVATION,5890059269,eligible,GBIF_5890059269,GBIF,BR,26.5939998626709,53.1245346069336,2257,72.4327011108398
-55.756602,-27.913514,GBIF_230839251,GBIF,AR,Misiones,2281.98,NA,PRESERVED_SPECIMEN,230839251,eligible,GBIF_230839251,GBIF,AR,20.8096656799316,400.286834716797,1709,15.4931812286377
-56.0487,-15.562611,GBIF_6510658258,GBIF,BR,Mato Grosso,NA,NA,HUMAN_OBSERVATION,6510658258,eligible,GBIF_6510658258,GBIF,BR,25.1585006713867,143.725723266602,1432,67.0099945068359
-57.527878,-25.305049,GBIF_2963887336,GBIF,PY,Central,2,NA,HUMAN_OBSERVATION,2963887336,eligible,GBIF_2963887336,GBIF,PY,22.6653327941895,367.927947998047,1436,33.5839157104492
-57.55336,-17.831497,GBIF_3923563565,GBIF,BR,Mato Grosso do Sul,NA,NA,HUMAN_OBSERVATION,3923563565,eligible,GBIF_3923563565,GBIF,BR,26.2334995269775,208.161270141602,1179,65.62158203125
-58.030253,-33.24585,GBIF_4454081598,GBIF,UY,Soriano,1,NA,HUMAN_OBSERVATION,4454081598,eligible,GBIF_4454081598,GBIF,UY,17.6889991760254,496.840301513672,1135,23.6664924621582
-58.807373,-17.97431,GBIF_6550958951,GBIF,BO,Santa Cruz,NA,NA,HUMAN_OBSERVATION,6550958951,eligible,GBIF_6550958951,GBIF,BO,26.2593326568604,209.563446044922,1226,57.4011993408203
-59.297052,3.756823,GBIF_6470246907,GBIF,GY,Upper Takutu-Upper Essequibo,211,NA,HUMAN_OBSERVATION,6470246907,eligible,GBIF_6470246907;GBIF_6480178666;GBIF_6498758664,GBIF,GY,27.2948341369629,60.9231491088867,1636,72.284912109375
-59.5771,13.0696,GBIF_6158971301,GBIF,BB,,NA,NA,MATERIAL_CITATION,6158971301,eligible,GBIF_6158971301,GBIF,,26.96875,73.802604675293,1607,41.6769638061523
-59.5825,13.1725,GBIF_6158971334,GBIF,BB,,NA,NA,MATERIAL_CITATION,6158971334,eligible,GBIF_6158971334,GBIF,BB,25.5896663665771,75.2718734741211,1714,43.317813873291
-59.838444,3.369167,GBIF_6510536737,GBIF,BR,Roraima,NA,NA,HUMAN_OBSERVATION,6510536737,eligible,GBIF_6510536737,GBIF,BR,27.7641658782959,76.2364120483398,1670,75.2948684692383
-60.172565,-3.014729,GBIF_1123012923,GBIF,BR,,NA,NA,PRESERVED_SPECIMEN,1123012923,eligible,GBIF_1123012923;GBIF_1123013314;GBIF_1123013320,GBIF,BR,26.7278327941895,46.7913589477539,2242,50.0123481750488
-60.727798,11.180233,GBIF_6236151717,GBIF,TT,Tobago,19,NA,HUMAN_OBSERVATION,6236151717,eligible,GBIF_6236151717,GBIF,,26.4874992370605,60.7278900146484,2121,43.3130416870117
-60.85742,14.433245,GBIF_6551025589,GBIF,MQ,Le Marin,11,NA,HUMAN_OBSERVATION,6551025589,eligible,GBIF_6551025589,GBIF,-99,26.604528427124,82.3110733032227,1913,42.6102676391602
-60.9176,13.8668,GBIF_6158971538,GBIF,LC,,NA,NA,MATERIAL_CITATION,6158971538,eligible,GBIF_6158971538,GBIF,LC,25.9108333587646,87.3211059570312,2131,39.8096237182617
-60.93,13.964,GBIF_4913198525,GBIF,LC,,NA,NA,MATERIAL_SAMPLE,4913198525,eligible,GBIF_4913198525;GBIF_4916553205,GBIF,LC,25.7963333129883,87.747688293457,2068,39.0237770080566
-60.97952,14.47621,GBIF_4050781071,GBIF,MQ,,NA,NA,HUMAN_OBSERVATION,4050781071,eligible,GBIF_4050781071,GBIF,-99,26.5352935791016,85.8907623291016,1935,42.4860382080078
-61.1655,13.1447,GBIF_6158971457,GBIF,VC,,NA,NA,MATERIAL_CITATION,6158971457,eligible,GBIF_6158971457,GBIF,,27.2385406494141,77.6994476318359,2091,42.3046188354492
-61.2174,14.8392,GBIF_6158971521,GBIF,MQ,,NA,NA,MATERIAL_CITATION,6158971521,eligible,GBIF_6158971521,GBIF,,25.776388168335,98.194465637207,1794,43.9338302612305
-61.257185,10.739116,GBIF_3764116410,GBIF,TT,Tunapuna/Piarco,12,NA,HUMAN_OBSERVATION,3764116410,eligible,GBIF_3764116410,GBIF,TT,24.3316669464111,63.8037261962891,1899,40.9011001586914
-61.2739,12.9918,GBIF_6158971468,GBIF,VC,,NA,NA,MATERIAL_CITATION,6158971468,eligible,GBIF_6158971468,GBIF,VC,27.3125,75.4150772094727,1836,46.1907005310059
-61.334,15.341,GBIF_4913215702,GBIF,DM,,NA,NA,MATERIAL_SAMPLE,4913215702,eligible,GBIF_4913215702,GBIF,DM,23.3245010375977,104.371978759766,1874,34.8886680603027
-61.400088,10.640622,GBIF_5206011382,GBIF,TT,Tunapuna/Piarco,NA,NA,HUMAN_OBSERVATION,5206011382,eligible,GBIF_5206011382,GBIF,TT,26.3864994049072,59.8704071044922,1479,42.6347045898438
-61.408894,10.50239,GBIF_2988289157,GBIF,TT,Chaguanas,31,NA,HUMAN_OBSERVATION,2988289157,eligible,GBIF_2988289157,GBIF,TT,26.7213325500488,58.69677734375,1355,46.2790908813477
-61.4431,12.6029,GBIF_6158971446,GBIF,VC,,NA,NA,MATERIAL_CITATION,6158971446,eligible,GBIF_6158971446,GBIF,,27.1976852416992,73.065185546875,1653,45.8356170654297
-61.448,12.4817,GBIF_6158971339,GBIF,GD,,NA,NA,MATERIAL_CITATION,6158971339,eligible,GBIF_6158971339,GBIF,,27.0335788726807,73.2488021850586,1773,42.9852027893066
-61.473,15.584,GBIF_4913183081,GBIF,DM,,NA,NA,MATERIAL_SAMPLE,4913183081,eligible,GBIF_4913183081;GBIF_4913241971;GBIF_4913271922,GBIF,,26.7775001525879,107.245788574219,1999,35.5448913574219
-61.487105,10.233997,GBIF_3764545405,GBIF,TT,Penal-Debe,320,NA,HUMAN_OBSERVATION,3764545405,eligible,GBIF_3764545405,GBIF,TT,26.6464996337891,55.5469245910645,1635,44.6325759887695
-61.758572,10.673921,GBIF_5167039797,GBIF,TT,Diego Martin,193,NA,HUMAN_OBSERVATION,5167039797,eligible,GBIF_5167039797,GBIF,,26.473611831665,59.132869720459,1393,50.4781875610352
-62.1725,-16.441667,GBIF_730557386,GBIF,BO,Santa Cruz,NA,NA,PRESERVED_SPECIMEN,730557386,eligible,GBIF_730557386,GBIF,BO,23.9953327178955,176.268569946289,1123,57.4163513183594
-62.596,17.142,GBIF_4916442397,GBIF,KN,,NA,NA,MATERIAL_SAMPLE,4916442397,eligible,GBIF_4916442397;GBIF_4916530050;GBIF_4916675358,GBIF,KN,25.4265003204346,111.018203735352,1385,31.2866840362549
-62.9625,17.475834,GBIF_6368581668,GBIF,BQ,Sint Eustatius,NA,NA,MATERIAL_SAMPLE,6368581668,eligible,GBIF_6368581668,GBIF,NL,26.1067714691162,113.5185546875,1176,34.6151390075684
-63.021097,18.045592,GBIF_6552233661,GBIF,SX,,2,NA,HUMAN_OBSERVATION,6552233661,eligible,GBIF_6552233661,GBIF,SX,26.611457824707,100.79940032959,1004,36.1605110168457
-63.126227,-17.775327,GBIF_4852423461,GBIF,BO,Santa Cruz,201,NA,HUMAN_OBSERVATION,4852423461,eligible,GBIF_4852423461;GBIF_4607429683,GBIF,BO,24.4554996490479,237.413314819336,1284,46.5665512084961
-63.137,18.063,GBIF_4913200247,GBIF,MF,,NA,NA,MATERIAL_SAMPLE,4913200247,eligible,GBIF_4913200247;GBIF_4916655616,GBIF,,26.7999992370605,106.133766174316,1013,37.6838035583496
-63.231,17.6444,GBIF_6158971470,GBIF,BQ,,NA,NA,MATERIAL_CITATION,6158971470,eligible,GBIF_6158971470,GBIF,,24.7222213745117,115.58374786377,1158,33.1985816955566
-64.18256,10.45397,MS_006,Manuscript,VE,Sucre,NA,FALSE,Manuscript record,NA,eligible,MS_006,Manuscript,VE,26.8154163360596,62.3386688232422,841,55.0254936218262
-64.663163,32.347572,GBIF_5086977372,GBIF,BM,Saint George's,71,NA,HUMAN_OBSERVATION,5086977372,eligible,GBIF_5086977372,GBIF,,22.6949996948242,327.364837646484,1502,22.2515487670898
-64.706932,17.743689,GBIF_6162837670,GBIF,VI,St. Croix,11,NA,HUMAN_OBSERVATION,6162837670,eligible,GBIF_6162837670,GBIF,VI,26.3552093505859,122.193649291992,1058,41.5595741271973
-64.775585,32.281575,GBIF_3772753512,GBIF,BM,Paget,NA,NA,HUMAN_OBSERVATION,3772753512,eligible,GBIF_3772753512,GBIF,BM,22.1577377319336,340.072631835938,1511,21.90114402771
-64.906879,-14.847161,GBIF_5154160806,GBIF,BO,El Beni,72,NA,HUMAN_OBSERVATION,5154160806,eligible,GBIF_5154160806,GBIF,BO,25.8369998931885,151.843948364258,1927,59.9995918273926
-64.932594,18.343788,GBIF_6163186583,GBIF,VI,St. Thomas,3,NA,HUMAN_OBSERVATION,6163186583,eligible,GBIF_6163186583,GBIF,VI,25.8631935119629,120.050148010254,1101,35.4206275939941
-65.779393,18.310137,GBIF_3337780311,GBIF,PR,Río Grande,244,NA,HUMAN_OBSERVATION,3337780311,eligible,GBIF_3337780311,GBIF,PR,22.5799999237061,133.640716552734,2135,25.8023147583008
-65.8849,17.9883,GBIF_6158971390,GBIF,PR,,NA,NA,MATERIAL_CITATION,6158971390,eligible,GBIF_6158971390,GBIF,,25.7541675567627,133.080551147461,1689,46.8718490600586
-66.163825,18.117558,GBIF_6163022530,GBIF,PR,Cayey,7,NA,HUMAN_OBSERVATION,6163022530,eligible,GBIF_6163022530,GBIF,PR,22.4160003662109,141.18864440918,1702,35.1161956787109
-66.2955,2.61458,MS_019,Manuscript,VE,Amazonas,NA,FALSE,Manuscript record,NA,eligible,MS_019,Manuscript,VE,26.8118324279785,52.0603523254395,3352,36.6043930053711
-66.333,18.351,GBIF_4918827997,GBIF,PR,,NA,NA,MATERIAL_SAMPLE,4918827997,eligible,GBIF_4918827997,GBIF,PR,24.8506660461426,139.307800292969,1846,28.4414405822754
-66.597,18.453,GBIF_4912623638,GBIF,PR,,NA,NA,MATERIAL_SAMPLE,4912623638,eligible,GBIF_4912623638;GBIF_4912628245;GBIF_4915889477;GBIF_4915976254;GBIF_4916130707;GBIF_4918801013,GBIF,PR,25.1603336334229,132.696060180664,1626,25.7189254760742
-66.729,18.414,GBIF_4912633893,GBIF,PR,,NA,NA,MATERIAL_SAMPLE,4912633893,eligible,GBIF_4912633893,GBIF,PR,24.3446674346924,132.61296081543,1837,32.2469177246094
-66.778,10.4348,MS_001,Manuscript,VE,S_fusca,NA,FALSE,Manuscript record,NA,eligible,MS_001,Manuscript,VE,21.6573333740234,87.1173477172852,1076,51.154972076416
-66.868,17.9715,GBIF_6189870216,GBIF,PR,,NA,NA,PRESERVED_SPECIMEN,6189870216,eligible,GBIF_6189870216;GBIF_6189929351;GBIF_6190185600;GBIF_6190409103;GBIF_6190527280;GBIF_6190775581;GBIF_6190971535,GBIF,PR,25.4584999084473,130.79377746582,1027,59.3600311279297
-66.87919,10.48801,MS_005,Manuscript,VE,Distrito Capital,NA,FALSE,Manuscript record,NA,eligible,MS_005,Manuscript,VE,21.5014991760254,85.028450012207,916,46.1098861694336
-67.249718,18.36298,GBIF_4507728821,GBIF,PR,Rincón,NA,NA,HUMAN_OBSERVATION,4507728821,eligible,GBIF_4507728821,GBIF,PR,25.3958339691162,117.337509155273,1748,47.2711372375488
-67.611,10.273,MS_017,Manuscript,VE,Aragua,NA,FALSE,Manuscript record,NA,eligible,MS_017,Manuscript,VE,24.6523323059082,65.4063186645508,1015,52.9917106628418
-67.7461,10.3888,MS_016,Manuscript,VE,Aragua,NA,FALSE,Manuscript record,NA,eligible,MS_016,Manuscript,VE,23.8968334197998,62.720703125,1075,52.0031471252441
-67.7872,4.2716,MS_018,Manuscript,VE,Amazonas,NA,FALSE,Manuscript record,NA,eligible,MS_018,Manuscript,VE,27.2466659545898,76.2910995483398,2928,57.6686630249023
-67.86647,-9.956635,GBIF_5889331718,GBIF,BR,Acre,250,NA,HUMAN_OBSERVATION,5889331718,eligible,GBIF_5889331718,GBIF,BR,25.2814998626709,86.0361251831055,1677,35.5383453369141
-67.9424,18.0858,GBIF_6158971367,GBIF,PR,,NA,NA,MATERIAL_CITATION,6158971367,eligible,GBIF_6158971367,GBIF,,26.1712493896484,125.216567993164,1034,31.9274711608887
-68.016777,10.275097,GBIF_6519735677,GBIF,VE,Carabobo,6,NA,HUMAN_OBSERVATION,6519735677,eligible,GBIF_6519735677,GBIF,VE,24.1126670837402,52.0192337036133,993,54.1868209838867
-68.39612,18.63227,GBIF_6479927556,GBIF,DO,La Altagracia,11,NA,HUMAN_OBSERVATION,6479927556,eligible,GBIF_6479927556,GBIF,DO,26.3920135498047,120.396476745605,1224,30.2065029144287
-68.505872,-10.653126,GBIF_5217156154,GBIF,BR,Acre,101,NA,HUMAN_OBSERVATION,5217156154,eligible,GBIF_5217156154,GBIF,BR,25.4029998779297,89.5799713134766,1769,63.219409942627
-68.6183,18.3555,GBIF_6158971371,GBIF,DO,,NA,NA,MATERIAL_CITATION,6158971371,eligible,GBIF_6158971371,GBIF,DO,26.1495361328125,123.103225708008,1194,39.2212409973145
-68.81,18.329,GBIF_6158971376,GBIF,DO,,NA,NA,MATERIAL_CITATION,6158971376,eligible,GBIF_6158971376,GBIF,DO,26.2618064880371,125.502220153809,1064,44.8632545471191
-68.902369,18.40244,GBIF_5889729232,GBIF,DO,La Romana,10,NA,HUMAN_OBSERVATION,5889729232,eligible,GBIF_5889729232,GBIF,DO,26.4229164123535,122.001487731934,1039,45.9977684020996
-68.90572,12.141236,GBIF_5889409199,GBIF,CW,,13,NA,HUMAN_OBSERVATION,5889409199,eligible,GBIF_5889409199,GBIF,CW,27.9331588745117,93.597297668457,548,65.3760375976562
-69.02478,18.416004,GBIF_2980393939,GBIF,DO,,NA,NA,PRESERVED_SPECIMEN,2980393939,eligible,GBIF_2980393939,GBIF,DO,26.5430564880371,119.630142211914,964,52.9489402770996
-69.18913,-12.59331,GBIF_477984245,GBIF,PE,Madre de Dios,301,NA,PRESERVED_SPECIMEN,477984245,eligible,GBIF_477984245,GBIF,PE,25.4389991760254,99.9158630371094,2207,56.6998481750488
-69.282486,18.46329,GBIF_5831073522,GBIF,DO,San Pedro de Macorís,2,NA,HUMAN_OBSERVATION,5831073522,eligible,GBIF_5831073522,GBIF,DO,26.359167098999,116.875946044922,1103,50.5266342163086
-69.4636,19.067,GBIF_6158971302,GBIF,DO,,NA,NA,MATERIAL_CITATION,6158971302,eligible,GBIF_6158971302,GBIF,DO,25.2149620056152,119.756683349609,2100,30.9380569458008
-69.489523,-12.860998,GBIF_6413067477,GBIF,PE,Madre de Dios,67,NA,HUMAN_OBSERVATION,6413067477,eligible,GBIF_6413067477,GBIF,PE,25.154167175293,101.989646911621,2793,53.4020309448242
-69.9456,11.9026,MS_020,Manuscript,VE,Falcón,NA,FALSE,Manuscript record,NA,eligible,MS_020,Manuscript,VE,26.8514995574951,111.779899597168,503,61.1538696289062
-7.470548,38.364323,GBIF_5889425902,GBIF,PT,Évora,2,NA,HUMAN_OBSERVATION,5889425902,eligible,GBIF_5889425902,GBIF,PT,16.2078342437744,522.36376953125,562,58.981746673584
-7.54898,37.293174,GBIF_2397706011,GBIF,PT,Faro,NA,NA,HUMAN_OBSERVATION,2397706011,eligible,GBIF_2397706011;GBIF_2621927564,GBIF,PT,17.2806663513184,515.640075683594,532,69.5359420776367
-7.570008,38.714814,GBIF_4982125912,GBIF,PT,Évora,4,NA,HUMAN_OBSERVATION,4982125912,eligible,GBIF_4982125912,GBIF,PT,15.0854997634888,519.037109375,657,57.5168228149414
-7.728505,38.291781,GBIF_4606821872,GBIF,PT,Évora,8,NA,HUMAN_OBSERVATION,4606821872,eligible,GBIF_4606821872,GBIF,PT,15.7174997329712,524.894714355469,606,59.8858947753906
-7.810942,37.044938,GBIF_4535735334,GBIF,PT,Faro,NA,NA,HUMAN_OBSERVATION,4535735334,eligible,GBIF_4535735334,GBIF,PT,17.4915008544922,471.882904052734,527,74.7037963867188
-70.025586,18.516637,GBIF_6185929100,GBIF,DO,Santo Domingo,20,NA,HUMAN_OBSERVATION,6185929100,eligible,GBIF_6185929100,GBIF,DO,26.2059993743896,108.322418212891,1788,44.4322204589844
-70.0565,12.5508,GBIF_5862214943,GBIF,AW,,NA,NA,MATERIAL_SAMPLE,5862214943,eligible,GBIF_5862214943;GBIF_5862615755,GBIF,AW,27.9590282440186,109.014991760254,390,62.6089859008789
-70.111,19.355,GBIF_6158971352,GBIF,DO,,NA,NA,MATERIAL_CITATION,6158971352,eligible,GBIF_6158971352,GBIF,DO,23.1248340606689,133.940658569336,1869,25.3001041412354
-70.275827,9.23588,GBIF_3079522132,GBIF,VE,Trujillo,265,NA,HUMAN_OBSERVATION,3079522132,eligible,GBIF_3079522132,GBIF,VE,20.216667175293,35.3565063476562,1221,53.019847869873
-70.544342,19.058502,GBIF_3337441429,GBIF,DO,La Vega,206,NA,HUMAN_OBSERVATION,3337441429,eligible,GBIF_3337441429,GBIF,DO,18.4108333587646,135.616775512695,1293,40.8946418762207
-70.717,19.789,GBIF_6158971469,GBIF,DO,,NA,NA,MATERIAL_CITATION,6158971469,eligible,GBIF_6158971469,GBIF,DO,24.8915004730225,153.285507202148,1630,41.7942161560059
-70.857062,19.643881,GBIF_3337465336,GBIF,DO,Puerto Plata,62,NA,HUMAN_OBSERVATION,3337465336,eligible,GBIF_3337465336,GBIF,DO,23.3223323822021,150.55810546875,1521,32.9868698120117
-71.076705,19.556847,GBIF_6178623828,GBIF,DO,Valverde,10,NA,HUMAN_OBSERVATION,6178623828,eligible,GBIF_6178623828,GBIF,DO,26.550666809082,158.808990478516,889,39.3720207214355
-71.090003,42.306838,GBIF_4420901800,GBIF,US,Massachusetts,35,NA,HUMAN_OBSERVATION,4420901800,eligible,GBIF_4420901800,GBIF,US,10.2264995574951,925.482971191406,1144,7.78494262695312
-71.16043,-15.0314,GBIF_477980386,GBIF,PE,,3036,NA,PRESERVED_SPECIMEN,477980386,eligible,GBIF_477980386,GBIF,PE,6.09700012207031,194.482391357422,806,99.5274124145508
-71.2667,19.6833,GBIF_6158971434,GBIF,DO,,NA,NA,MATERIAL_CITATION,6158971434,eligible,GBIF_6158971434,GBIF,DO,26.7268333435059,157.056350708008,896,33.4258575439453
-71.469572,8.824862,GBIF_6498294956,GBIF,VE,Mérida,NA,NA,HUMAN_OBSERVATION,6498294956,eligible,GBIF_6498294956,GBIF,VE,27.8449993133545,51.5283317565918,1424,52.6472434997559
-71.506797,-13.040853,GBIF_3070658160,GBIF,PE,Cusco,5,NA,HUMAN_OBSERVATION,3070658160,eligible,GBIF_3070658160,GBIF,PE,21.0481662750244,77.9884948730469,2373,46.0146102905273
-71.573611,18.406944,GBIF_4167333540,GBIF,DO,Independencia,NA,NA,PRESERVED_SPECIMEN,4167333540,eligible,GBIF_4167333540,GBIF,DO,26.86549949646,121.50609588623,659,64.8739624023438
-71.575986,18.316181,GBIF_4138125037,GBIF,DO,Independencia,NA,NA,HUMAN_OBSERVATION,4138125037,eligible,GBIF_4138125037,GBIF,DO,24.0034999847412,117.9423828125,1008,62.9204330444336
-72.018747,21.920313,GBIF_1845383523,GBIF,TC,North Caicos,NA,NA,PRESERVED_SPECIMEN,1845383523,eligible,GBIF_1845383523,GBIF,,26.1312503814697,168.837814331055,774,43.3950271606445
-72.209129,7.771073,GBIF_4528277322,GBIF,VE,Táchira,4,NA,HUMAN_OBSERVATION,4528277322,eligible,GBIF_4528277322,GBIF,VE,22.1520004272461,42.1926383972168,2180,43.191333770752
-72.218444,21.7835,GBIF_1845383516,GBIF,TC,Providenciales,NA,NA,PRESERVED_SPECIMEN,1845383516,eligible,GBIF_1845383516,GBIF,TC,26.3327770233154,163.816299438477,771,44.4090003967285
-73.64868,11.2551,MS_013,Manuscript,CO,Magdalena,NA,FALSE,Manuscript record,NA,eligible,MS_013,Manuscript,CO,27.5208339691162,63.7273368835449,907,82.9742965698242
-73.758338,6.942096,GBIF_6188045675,GBIF,CO,Santander,17,NA,HUMAN_OBSERVATION,6188045675,eligible,GBIF_6188045675,GBIF,CO,27.8906669616699,33.409236907959,2672,43.7833938598633
-74.08938,11.06377,MS_012,Manuscript,CO,Magdalena,NA,FALSE,Manuscript record,NA,eligible,MS_012,Manuscript,CO,23.1741676330566,53.2514038085938,1411,69.7078704833984
-74.093,4.663,MS_002,Manuscript,CO,Cundinamarca,NA,FALSE,Manuscript record,NA,eligible,MS_002;MS_003,Manuscript,CO,13.9656667709351,32.8665390014648,1262,34.6264266967773
-74.338837,4.983847,GBIF_5216992560,GBIF,CO,Cundinamarca,9,NA,HUMAN_OBSERVATION,5216992560,eligible,GBIF_5216992560,GBIF,CO,21.1485004425049,32.6019821166992,2080,38.0785713195801
-74.380305,5.069457,GBIF_3061755653,GBIF,CO,Cundinamarca,712,NA,HUMAN_OBSERVATION,3061755653,eligible,GBIF_3061755653;GBIF_3320861602,GBIF,CO,23.1364994049072,32.7949333190918,1999,41.3633346557617
-74.4561,20.3372,GBIF_6190596661,GBIF,CU,,NA,NA,PRESERVED_SPECIMEN,6190596661,eligible,GBIF_6190596661,GBIF,CU,25.6763896942139,156.673843383789,2483,36.5878715515137
-74.463,4.766,MS_008,Manuscript,CO,Cundinamarca,NA,FALSE,Manuscript record,NA,eligible,MS_008,Manuscript,CO,20.4080009460449,30.4298858642578,2031,36.4988670349121
-74.48,4.185,MS_009,Manuscript,CO,Cundinamarca,NA,FALSE,Manuscript record,NA,eligible,MS_009;MS_010;MS_011,Manuscript,CO,21.7110004425049,30.6408557891846,1885,39.6427764892578
-74.59316,20.32733,GBIF_4913211929,GBIF,CU,Guantanamo,NA,NA,MATERIAL_SAMPLE,4913211929,eligible,GBIF_4913211929,GBIF,CU,23.59983253479,158.988159179688,2048,33.7410278320312
-74.886,4.148,MS_004,Manuscript,CO,Tolima,NA,FALSE,Manuscript record,NA,eligible,MS_004,Manuscript,CO,27.6928329467773,47.5628128051758,1833,39.1543769836426
-75.156353,19.893205,GBIF_2397460170,GBIF,CU,Guantánamo,1,NA,HUMAN_OBSERVATION,2397460170,eligible,GBIF_2397460170,GBIF,,26.614444732666,142.43440246582,764,57.139820098877
-75.3848,20.0117,GBIF_6158971499,GBIF,CU,,NA,NA,MATERIAL_CITATION,6158971499,eligible,GBIF_6158971499,GBIF,CU,25.9006671905518,145.593475341797,1064,57.9776153564453
-75.625282,6.157327,GBIF_3325574265,GBIF,CO,Antioquia,29,NA,HUMAN_OBSERVATION,3325574265,eligible,GBIF_3325574265,GBIF,CO,18.8125,35.6049118041992,2462,32.6570777893066
-75.64956,4.69105,GBIF_3391302273,GBIF,CO,Quindío,2162,NA,HUMAN_OBSERVATION,3391302273,eligible,GBIF_3391302273,GBIF,CO,17.8011665344238,32.7737731933594,2201,32.2763900756836
-75.6725,4.5388889,MS_014,Manuscript,CO,Quindío,NA,FALSE,Manuscript record,NA,eligible,MS_014,Manuscript,CO,20.3740005493164,37.9353485107422,2183,35.4847755432129
-75.777782,4.801867,GBIF_4127372840,GBIF,CO,Risaralda,NA,NA,HUMAN_OBSERVATION,4127372840,eligible,GBIF_4127372840,GBIF,CO,21.8131675720215,33.5224685668945,1987,31.7271900177002
-76.013924,5.786361,GBIF_3888718088,GBIF,CO,Antioquia,23,NA,HUMAN_OBSERVATION,3888718088,eligible,GBIF_3888718088,GBIF,CO,17.5714988708496,28.6247310638428,2609,27.9173240661621
-76.128,5.35,MS_015,Manuscript,CO,Risaralda,NA,FALSE,Manuscript record,NA,eligible,MS_015,Manuscript,CO,24.2163333892822,31.0848445892334,2904,27.403148651123
-76.149899,-0.637069,GBIF_3988493871,GBIF,EC,Orellana,4,NA,HUMAN_OBSERVATION,3988493871,eligible,GBIF_3988493871,GBIF,EC,25.212833404541,54.6933441162109,3202,20.471700668335
-76.409375,7.199447,GBIF_6186071469,GBIF,CO,Antioquia,NA,NA,HUMAN_OBSERVATION,6186071469,eligible,GBIF_6186071469,GBIF,CO,25.6498336791992,35.4861679077148,3373,34.1606483459473
-76.503,20.053,GBIF_4914287026,GBIF,CU,Granma,NA,NA,MATERIAL_SAMPLE,4914287026,eligible,GBIF_4914287026;GBIF_4914384710;GBIF_4917321432,GBIF,CU,19.5428333282471,163.29670715332,1741,52.749195098877
-76.657067,2.34582,GBIF_3031856749,GBIF,CO,Cauca,4,NA,HUMAN_OBSERVATION,3031856749,eligible,GBIF_3031856749,GBIF,CO,17.2316665649414,20.2929286956787,2154,45.9092903137207
-76.7277,18.089,GBIF_6190477663,GBIF,JM,,NA,NA,PRESERVED_SPECIMEN,6190477663,eligible,GBIF_6190477663,GBIF,JM,19.4581661224365,107.593215942383,2169,37.4809989929199
-77.216206,2.533625,GBIF_1123013427,GBIF,CO,,NA,NA,PRESERVED_SPECIMEN,1123013427,eligible,GBIF_1123013427;GBIF_1123013448;GBIF_1123013304;GBIF_1123013310,GBIF,CO,23.5516662597656,36.9605865478516,2529,33.6831207275391
-77.2247,17.7376,GBIF_6191018014,GBIF,JM,,NA,NA,PRESERVED_SPECIMEN,6191018014,eligible,GBIF_6191018014,GBIF,JM,26.4587497711182,95.3022079467773,997,63.6214599609375
-77.3949,25.0716,GBIF_1414210892,GBIF,BS,,NA,NA,MATERIAL_SAMPLE,1414210892,eligible,GBIF_1414210892,GBIF,BS,25.0201759338379,256.997467041016,1308,54.9202003479004
-77.6059,18.4589,GBIF_6190234641,GBIF,JM,,NA,NA,PRESERVED_SPECIMEN,6190234641,eligible,GBIF_6190234641,GBIF,JM,25.8106479644775,107.616714477539,1233,33.2320518493652
-77.701477,-2.144072,GBIF_5231602450,GBIF,EC,Morona Santiago,NA,NA,HUMAN_OBSERVATION,5231602450,eligible,GBIF_5231602450,GBIF,EC,23.2046661376953,48.6967964172363,3446,15.3567590713501
-77.78822,21.59166,GBIF_4916440195,GBIF,CU,Camaguey,NA,NA,MATERIAL_SAMPLE,4916440195,eligible,GBIF_4916440195,GBIF,CU,24.7051658630371,194.315200805664,1422,56.9680557250977
-77.816007,-0.99132,GBIF_2239002925,GBIF,EC,Napo,202,NA,HUMAN_OBSERVATION,2239002925,eligible,GBIF_2239002925,GBIF,EC,23.1229991912842,42.6633834838867,4322,21.8101673126221
-77.995772,-1.53331,GBIF_4153884305,GBIF,EC,Pastaza,8,NA,HUMAN_OBSERVATION,4153884305,eligible,GBIF_4153884305,GBIF,EC,21.1206665039062,46.6430549621582,4374,14.157320022583
-78.170781,0.803072,GBIF_5231536454,GBIF,EC,Carchi,NA,NA,HUMAN_OBSERVATION,5231536454,eligible,GBIF_5231536454,GBIF,EC,17.6300010681152,21.6680660247803,1298,45.7729263305664
-78.174,2.964,MS_007,Manuscript,,Cauca,NA,FALSE,Manuscript record,NA,eligible,MS_007,Manuscript,,25.3946971893311,28.3624229431152,4903,28.4719295501709
-79.115669,-0.214582,GBIF_5908923444,GBIF,EC,Santo Domingo de los Tsáchilas,NA,NA,HUMAN_OBSERVATION,5908923444,eligible,GBIF_5908923444,GBIF,EC,21.8608341217041,54.833381652832,2743,77.4294662475586
-79.502834,-1.081309,GBIF_5230294557,GBIF,EC,Los Rios,120,NA,HUMAN_OBSERVATION,5230294557,eligible,GBIF_5230294557,GBIF,EC,24.9233341217041,76.0313720703125,2073,101.53343963623
-79.611109,-0.027571,GBIF_5231210613,GBIF,EC,Manabi,5,NA,HUMAN_OBSERVATION,5231210613,eligible,GBIF_5231210613,GBIF,EC,24.8449993133545,64.3640747070312,2084,99.1690216064453
-79.698983,9.119105,GBIF_3784712405,GBIF,PA,Colón,13,NA,HUMAN_OBSERVATION,3784712405,eligible,GBIF_3784712405,GBIF,PA,26.4006671905518,69.1246948242188,2386,61.1354026794434
-79.786769,-3.151343,GBIF_5231367290,GBIF,EC,El Oro,NA,NA,HUMAN_OBSERVATION,5231367290,eligible,GBIF_5231367290,GBIF,EC,25.2513332366943,101.011253356934,686,77.870475769043
-79.898991,-3.290042,GBIF_4021992834,GBIF,EC,El Oro,15,NA,HUMAN_OBSERVATION,4021992834,eligible,GBIF_4021992834,GBIF,EC,25.4876670837402,110.238777160645,541,86.0785064697266
-8.013228,40.427474,GBIF_2294542652,GBIF,PT,Viseu,11,NA,HUMAN_OBSERVATION,2294542652,eligible,GBIF_2294542652,GBIF,PT,14.8035001754761,462.302276611328,1312,57.0117874145508
-8.378564,37.363058,GBIF_4407480637,GBIF,PT,Faro,49,NA,HUMAN_OBSERVATION,4407480637,eligible,GBIF_4407480637,GBIF,PT,16.4580001831055,435.030975341797,554,69.7267379760742
-8.486459,39.403497,GBIF_4407337464,GBIF,PT,Santarém,22,NA,HUMAN_OBSERVATION,4407337464,eligible,GBIF_4407337464,GBIF,PT,16.511833190918,431.687225341797,701,59.0019454956055
-80.075028,26.916022,GBIF_6185365529,GBIF,US,Florida,2,NA,HUMAN_OBSERVATION,6185365529,eligible,GBIF_6185365529,GBIF,US,23.7053565979004,358.8271484375,1457,42.817066192627
-80.095024,26.37464,GBIF_4028956583,GBIF,US,Florida,12,NA,HUMAN_OBSERVATION,4028956583,eligible,GBIF_4028956583,GBIF,US,24.1129989624023,346.14794921875,1527,44.5222549438477
-80.126435,26.181662,GBIF_5063568536,GBIF,US,Florida,5,NA,HUMAN_OBSERVATION,5063568536,eligible,GBIF_5063568536,GBIF,US,24.306999206543,334.454071044922,1558,44.8503036499023
-80.13125,25.779618,GBIF_6195303857,GBIF,US,Florida,5,NA,HUMAN_OBSERVATION,6195303857,eligible,GBIF_6195303857,GBIF,,24.1768932342529,319.289184570312,1480,54.7543754577637
-80.1376,26.988905,GBIF_3873664613,GBIF,US,Florida,2,NA,HUMAN_OBSERVATION,3873664613,eligible,GBIF_3873664613,GBIF,US,23.4253330230713,364.722320556641,1435,42.0586395263672
-80.139982,26.83628,GBIF_5133529988,GBIF,US,Florida,6,NA,HUMAN_OBSERVATION,5133529988,eligible,GBIF_5133529988,GBIF,US,23.5383338928223,361.063537597656,1469,41.8700408935547
-80.145741,27.086776,GBIF_4405315608,GBIF,US,Florida,35,NA,HUMAN_OBSERVATION,4405315608,eligible,GBIF_4405315608,GBIF,US,23.3814811706543,366.901794433594,1408,42.3553199768066
-80.160042,25.687308,GBIF_5133457618,GBIF,US,Florida,13,NA,HUMAN_OBSERVATION,5133457618,eligible,GBIF_5133457618,GBIF,,24.4316673278809,316.452758789062,1463,57.0488662719727
-80.166035,26.66746,GBIF_3892679160,GBIF,US,Florida,17,NA,HUMAN_OBSERVATION,3892679160,eligible,GBIF_3892679160,GBIF,US,23.8728332519531,354.303955078125,1516,41.9207954406738
-80.174625,26.098375,GBIF_5167915055,GBIF,US,Florida,18,NA,HUMAN_OBSERVATION,5167915055,eligible,GBIF_5167915055,GBIF,US,24.3018341064453,330.532958984375,1581,45.2811241149902
-80.194113,25.85377,GBIF_3772806115,GBIF,US,Florida,8,NA,HUMAN_OBSERVATION,3772806115,eligible,GBIF_3772806115,GBIF,US,24.3956527709961,321.065765380859,1509,51.8882522583008
-80.212937,26.305807,GBIF_5827899763,GBIF,US,Florida,4,NA,HUMAN_OBSERVATION,5827899763,eligible,GBIF_5827899763,GBIF,US,23.9435005187988,348.64599609375,1542,44.9018783569336
-80.216187,26.46253,GBIF_5935705222,GBIF,US,Florida,4,NA,HUMAN_OBSERVATION,5935705222,eligible,GBIF_5935705222,GBIF,US,23.5821666717529,356.666015625,1505,45.782543182373
-80.227478,27.232522,GBIF_5890064593,GBIF,US,Florida,4,NA,HUMAN_OBSERVATION,5890064593,eligible,GBIF_5890064593,GBIF,,23.3257350921631,373.822662353516,1380,41.787109375
-80.248838,26.732808,GBIF_6178533108,GBIF,US,Florida,2,NA,HUMAN_OBSERVATION,6178533108,eligible,GBIF_6178533108,GBIF,US,23.6499996185303,360.239685058594,1475,43.5565528869629
-80.250947,25.740669,GBIF_5868410363,GBIF,US,Florida,7,NA,HUMAN_OBSERVATION,5868410363,eligible,GBIF_5868410363,GBIF,US,24.4246673583984,318.496887207031,1487,56.3095626831055
-80.259512,27.114237,GBIF_5760453317,GBIF,US,Florida,5,NA,HUMAN_OBSERVATION,5760453317,eligible,GBIF_5760453317,GBIF,US,23.2705001831055,376.3154296875,1396,41.3479385375977
-80.31897,25.907875,GBIF_4014990733,GBIF,US,Florida,7,NA,HUMAN_OBSERVATION,4014990733,eligible,GBIF_4014990733,GBIF,US,24.4605007171631,323.476409912109,1525,51.5638465881348
-80.323512,26.07506,GBIF_5838300764,GBIF,US,Florida,20,NA,HUMAN_OBSERVATION,5838300764,eligible,GBIF_5838300764,GBIF,US,24.1146659851074,338.858489990234,1545,49.0590133666992
-80.373572,27.587705,GBIF_6273719595,GBIF,US,Florida,2,NA,HUMAN_OBSERVATION,6273719595,eligible,GBIF_6273719595,GBIF,,22.9324073791504,395.680725097656,1308,44.0595855712891
-80.393238,27.753673,GBIF_4903920557,GBIF,US,Florida,43,NA,HUMAN_OBSERVATION,4903920557,eligible,GBIF_4903920557,GBIF,US,22.7350006103516,403.023468017578,1268,45.0041427612305
-80.421678,25.673187,GBIF_4442698688,GBIF,US,Florida,8,NA,HUMAN_OBSERVATION,4442698688,eligible,GBIF_4442698688,GBIF,US,24.2280006408691,322.758361816406,1483,58.6841735839844
-80.439804,25.089968,GBIF_6273464094,GBIF,US,Florida,14,NA,HUMAN_OBSERVATION,6273464094,eligible,GBIF_6273464094,GBIF,US,24.6374988555908,308.673034667969,1231,59.3154945373535
-80.482294,25.483265,GBIF_3328072506,GBIF,US,Florida,NA,NA,HUMAN_OBSERVATION,3328072506,eligible,GBIF_3328072506,GBIF,US,24.3273334503174,320.612152099609,1436,61.3120498657227
-80.504044,27.837039,GBIF_5844437716,GBIF,US,Florida,NA,NA,HUMAN_OBSERVATION,5844437716,eligible,GBIF_5844437716,GBIF,US,22.5488338470459,413.065582275391,1233,44.9223289489746
-80.609627,25.382432,GBIF_6273806952,GBIF,US,Florida,20,NA,HUMAN_OBSERVATION,6273806952,eligible,GBIF_6273806952,GBIF,US,24.201000213623,327.493865966797,1397,63.4243927001953
-80.646505,26.665504,GBIF_6147447794,GBIF,US,Florida,15,NA,HUMAN_OBSERVATION,6147447794,eligible,GBIF_6147447794,GBIF,US,23.2426662445068,363.837799072266,1350,51.1254844665527
-80.679481,28.089146,GBIF_5840225867,GBIF,US,Florida,8,NA,HUMAN_OBSERVATION,5840225867,eligible,GBIF_5840225867,GBIF,US,22.5650005340576,425.363189697266,1177,43.9384574890137
-80.875105,25.185251,GBIF_5134184610,GBIF,US,Florida,1483,NA,HUMAN_OBSERVATION,5134184610,eligible,GBIF_5134184610,GBIF,US,24.2725696563721,324.698455810547,1227,63.5467109680176
-81.070854,28.509329,GBIF_4904086837,GBIF,US,Florida,NA,NA,HUMAN_OBSERVATION,4904086837,eligible,GBIF_4904086837,GBIF,US,21.8409996032715,459.8359375,1278,50.6714820861816
-81.199075,28.600267,GBIF_5108278532,GBIF,US,Florida,22,NA,HUMAN_OBSERVATION,5108278532,eligible,GBIF_5108278532,GBIF,US,22.0708332061768,466.407928466797,1256,50.664608001709
-81.302097,28.613681,GBIF_4171467613,GBIF,US,Florida,NA,NA,HUMAN_OBSERVATION,4171467613,eligible,GBIF_4171467613,GBIF,US,22.1588325500488,468.793212890625,1233,50.9048500061035
-81.33778,27.18833,GBIF_1933474190,GBIF,US,Florida,3036,NA,PRESERVED_SPECIMEN,1933474190,eligible,GBIF_1933474190,GBIF,US,22.4503326416016,419.541442871094,1240,61.0133171081543
-81.377725,28.526122,GBIF_3881493140,GBIF,US,Florida,14,NA,HUMAN_OBSERVATION,3881493140,eligible,GBIF_3881493140,GBIF,US,22.3306674957275,466.836364746094,1228,51.399486541748
-81.379053,24.707336,GBIF_5153118351,GBIF,US,Florida,256,NA,HUMAN_OBSERVATION,5153118351,eligible,GBIF_5153118351,GBIF,US,25.0226192474365,303.153442382812,1081,52.529167175293
-81.505042,8.447851,GBIF_5904030653,GBIF,PA,Ngöbe Buglé,1184,NA,HUMAN_OBSERVATION,5904030653,eligible,GBIF_5904030653,GBIF,PA,23.8514995574951,53.0610046386719,2700,68.4462585449219
-81.560303,26.355684,GBIF_4954673576,GBIF,US,Florida,59,NA,HUMAN_OBSERVATION,4954673576,eligible,GBIF_4954673576,GBIF,US,23.2526664733887,381.845306396484,1321,68.047248840332
-81.674893,26.653146,GBIF_3408019233,GBIF,US,Florida,NA,NA,HUMAN_OBSERVATION,3408019233,eligible,GBIF_3408019233,GBIF,US,23.2819995880127,400.202331542969,1323,68.1349411010742
-81.702916,7.637463,GBIF_4919830303,GBIF,PA,,NA,NA,OCCURRENCE,4919830303,eligible,GBIF_4919830303,GBIF,,25.9694442749023,63.296745300293,2995,69.8778686523438
-81.76052,28.037265,GBIF_1838037984,GBIF,US,Florida,200,NA,HUMAN_OBSERVATION,1838037984,eligible,GBIF_1838037984,GBIF,US,22.5508327484131,451.049682617188,1250,53.7188301086426
-81.761763,26.30023,GBIF_6195307421,GBIF,US,Florida,13,NA,HUMAN_OBSERVATION,6195307421,eligible,GBIF_6195307421,GBIF,US,23.6323337554932,385.318237304688,1316,69.643180847168
-81.830555,26.571168,GBIF_4075748070,GBIF,US,Florida,4023,NA,HUMAN_OBSERVATION,4075748070,eligible,GBIF_4075748070,GBIF,US,23.4211673736572,399.069396972656,1351,70.781623840332
-81.904822,28.055905,GBIF_5133304190,GBIF,US,Florida,4,NA,HUMAN_OBSERVATION,5133304190,eligible,GBIF_5133304190,GBIF,US,22.3129997253418,453.296173095703,1262,53.4804496765137
-81.968863,26.582608,GBIF_6413086813,GBIF,US,Florida,3,NA,HUMAN_OBSERVATION,6413086813,eligible,GBIF_6413086813,GBIF,US,23.6784992218018,400.005187988281,1318,69.7101211547852
-82.079622,26.43744,GBIF_4512196750,GBIF,US,Florida,8,NA,HUMAN_OBSERVATION,4512196750,eligible,GBIF_4512196750,GBIF,US,23.3863887786865,400.676300048828,1305,70.628662109375
-82.136644,27.936833,GBIF_6185585226,GBIF,US,Florida,NA,NA,HUMAN_OBSERVATION,6185585226,eligible,GBIF_6185585226,GBIF,US,22.4063339233398,455.658813476562,1280,55.9583358764648
-82.144712,26.97723,GBIF_6159545240,GBIF,US,Florida,1700,NA,HUMAN_OBSERVATION,6159545240,eligible,GBIF_6159545240;GBIF_6195254771,GBIF,US,22.9675006866455,424.670257568359,1265,64.6881942749023
-82.176588,28.044889,GBIF_3860533786,GBIF,US,Florida,75,NA,HUMAN_OBSERVATION,3860533786,eligible,GBIF_3860533786,GBIF,US,22.2281665802002,461.686798095703,1289,53.9371070861816
-82.251955,27.05929,GBIF_5007073368,GBIF,US,Florida,NA,NA,HUMAN_OBSERVATION,5007073368,eligible,GBIF_5007073368,GBIF,US,22.7936668395996,431.355102539062,1291,63.460620880127
-82.290853,26.855355,GBIF_2579309665,GBIF,US,Florida,45,NA,HUMAN_OBSERVATION,2579309665,eligible,GBIF_2579309665,GBIF,,23.0820655822754,422.776184082031,1262,65.6138153076172
-82.374873,27.106609,GBIF_3860727463,GBIF,US,Florida,11,NA,HUMAN_OBSERVATION,3860727463,eligible,GBIF_3860727463,GBIF,US,22.8541660308838,432.675140380859,1290,62.9672241210938
-82.383064,28.26688,GBIF_6422244719,GBIF,US,Florida,25,NA,HUMAN_OBSERVATION,6422244719,eligible,GBIF_6422244719,GBIF,US,21.896333694458,474.103240966797,1306,50.0236740112305
-82.478026,27.177194,GBIF_5133266010,GBIF,US,Florida,122,NA,HUMAN_OBSERVATION,5133266010,eligible,GBIF_5133266010,GBIF,US,22.8135414123535,437.186401367188,1285,62.1108055114746
-82.485625,27.999233,GBIF_3966649766,GBIF,US,Florida,18,NA,HUMAN_OBSERVATION,3966649766,eligible,GBIF_3966649766,GBIF,US,22.7291660308838,465.403839111328,1267,51.732852935791
-82.492495,27.870692,GBIF_4993987201,GBIF,US,Florida,40,NA,HUMAN_OBSERVATION,4993987201,eligible,GBIF_4993987201,GBIF,,22.5163459777832,460.978668212891,1258,55.6231689453125
-82.562637,28.799862,GBIF_4936734847,GBIF,US,Florida,4,NA,HUMAN_OBSERVATION,4936734847,eligible,GBIF_4936734847,GBIF,US,21.3651657104492,508.146820068359,1356,47.7508354187012
-82.577228,27.331684,GBIF_3912057106,GBIF,US,Florida,3,NA,HUMAN_OBSERVATION,3912057106,eligible,GBIF_3912057106,GBIF,US,22.8773803710938,439.427520751953,1285,62.2522239685059
-82.660622,27.513722,GBIF_4413653591,GBIF,US,Florida,4,NA,HUMAN_OBSERVATION,4413653591,eligible,GBIF_4413653591,GBIF,US,22.6907730102539,449.2587890625,1271,60.5248832702637
-82.688354,28.278364,GBIF_6334562873,GBIF,US,Florida,NA,NA,HUMAN_OBSERVATION,6334562873,eligible,GBIF_6334562873,GBIF,US,22.2678337097168,481.254455566406,1326,48.261848449707
-82.706497,27.816857,GBIF_5133798325,GBIF,US,Florida,14,NA,HUMAN_OBSERVATION,5133798325,eligible,GBIF_5133798325,GBIF,US,22.8891658782959,462.519775390625,1265,54.631404876709
-82.740058,27.63897,GBIF_6274166751,GBIF,US,Florida,2,NA,HUMAN_OBSERVATION,6274166751,eligible,GBIF_6274166751,GBIF,,22.6736106872559,460.389312744141,1270,59.162296295166
-82.821448,27.88941,GBIF_5908607707,GBIF,US,Florida,20,NA,HUMAN_OBSERVATION,5908607707,eligible,GBIF_5908607707,GBIF,US,22.6381950378418,468.673065185547,1289,53.1324081420898
-82.956337,8.803595,GBIF_6130995327,GBIF,CR,Puntarenas,18,NA,HUMAN_OBSERVATION,6130995327,eligible,GBIF_6130995327,GBIF,CR,21.4589996337891,70.7792053222656,2958,62.2705039978027
-83.20159,8.701021,GBIF_3784922451,GBIF,CR,Puntarenas,300,NA,HUMAN_OBSERVATION,3784922451,eligible,GBIF_3784922451,GBIF,CR,25.63450050354,73.993278503418,3198,61.8804779052734
-83.2891,9.0689,GBIF_4857497420,GBIF,CR,,NA,NA,PRESERVED_SPECIMEN,4857497420,eligible,GBIF_4857497420,GBIF,CR,24.9466667175293,73.262939453125,2575,62.0874977111816
-83.382926,8.579581,GBIF_4954243685,GBIF,CR,Puntarenas,2,NA,HUMAN_OBSERVATION,4954243685,eligible,GBIF_4954243685,GBIF,CR,26.2969989776611,77.9769821166992,3080,59.9351425170898
-83.563972,9.832025,GBIF_4413532697,GBIF,CR,Cartago,NA,NA,HUMAN_OBSERVATION,4413532697,eligible,GBIF_4413532697,GBIF,CR,20.8129997253418,66.1799011230469,3049,32.316047668457
-83.580868,10.434182,GBIF_1253976837,GBIF,CR,Limón,NA,NA,PRESERVED_SPECIMEN,1253976837,eligible,GBIF_1253976837,GBIF,CR,26.1280002593994,79.4859466552734,3591,35.0266456604004
-83.73834,22.62109,GBIF_4913228567,GBIF,CU,Pinar del Rio,NA,NA,MATERIAL_SAMPLE,4913228567,eligible,GBIF_4913228567,GBIF,CU,23.8921661376953,216.065689086914,1549,51.769660949707
-83.751751,9.784103,GBIF_5133214246,GBIF,CR,Cartago,25,NA,HUMAN_OBSERVATION,5133214246,eligible,GBIF_5133214246;GBIF_5133254172,GBIF,CR,19.144832611084,59.9849891662598,3143,33.6116256713867
-83.924309,9.842187,GBIF_6479393678,GBIF,CR,Cartago,NA,NA,HUMAN_OBSERVATION,6479393678,eligible,GBIF_6479393678,GBIF,CR,19.234167098999,62.2797584533691,2712,61.3366813659668
-84.00477,10.431263,GBIF_3784654387,GBIF,CR,Heredia,657,NA,HUMAN_OBSERVATION,3784654387,eligible,GBIF_3784654387,GBIF,CR,25.9654998779297,79.0811920166016,3704,38.3545417785645
-84.189595,10.025887,GBIF_6470119872,GBIF,CR,Alajuela,13,NA,HUMAN_OBSERVATION,6470119872,eligible,GBIF_6470119872,GBIF,CR,21.6525001525879,58.6767044067383,2659,71.514778137207
-84.469625,10.016667,GBIF_6480844461,GBIF,CR,Alajuela,18,NA,HUMAN_OBSERVATION,6480844461,eligible,GBIF_6480844461,GBIF,CR,20.3393325805664,63.749397277832,2507,73.6488571166992
-84.5,39.2,GBIF_4499668182,GBIF,US,Ohio,NA,NA,PRESERVED_SPECIMEN,4499668182,eligible,GBIF_4499668182,GBIF,US,12.4139995574951,943.331237792969,1067,16.8227844238281
-84.618697,10.383303,GBIF_6479852550,GBIF,CR,Alajuela,43,NA,HUMAN_OBSERVATION,6479852550,eligible,GBIF_6479852550,GBIF,CR,24.6671657562256,72.7397232055664,3616,44.0433349609375
-85.09311,10.4294,GBIF_477983951,GBIF,CR,Guanacaste,3036,NA,PRESERVED_SPECIMEN,477983951,eligible,GBIF_477983951,GBIF,CR,27.1480007171631,71.9883346557617,2051,83.0314025878906
-85.167178,12.215508,GBIF_4597059240,GBIF,NI,Chontales,NA,NA,HUMAN_OBSERVATION,4597059240,eligible,GBIF_4597059240,GBIF,NI,23.5811672210693,84.7209167480469,1875,62.8972625732422
-85.42595,10.989183,GBIF_5168086187,GBIF,CR,Guanacaste,17,NA,HUMAN_OBSERVATION,5168086187,eligible,GBIF_5168086187,GBIF,CR,21.9568328857422,72.536506652832,3006,45.6359786987305
-85.615491,10.83641,GBIF_1253976610,GBIF,CR,Guanacaste,NA,NA,PRESERVED_SPECIMEN,1253976610,eligible,GBIF_1253976610,GBIF,CR,25.8548336029053,76.7400588989258,1700,92.5693740844727
-85.720182,10.54313,GBIF_5166898306,GBIF,CR,Guanacaste,4,NA,HUMAN_OBSERVATION,5166898306,eligible,GBIF_5166898306,GBIF,,27.3583335876465,85.2874908447266,1692,97.4578094482422
-85.8441,10.273,GBIF_1414213852,GBIF,CR,Guanacaste Province,NA,NA,MATERIAL_SAMPLE,1414213852,eligible,GBIF_1414213852,GBIF,,27.2640151977539,88.974365234375,1735,98.7463989257812
-85.953633,11.708883,GBIF_1300086895,GBIF,NI,Granada,NA,NA,PRESERVED_SPECIMEN,1300086895,eligible,GBIF_1300086895,GBIF,NI,26.7111663818359,78.8667984008789,1462,98.0576858520508
-85.97831,11.83446,GBIF_477944107,GBIF,NI,Granada,301,NA,PRESERVED_SPECIMEN,477944107,eligible,GBIF_477944107;GBIF_477944018,GBIF,NI,24.1079998016357,83.5916976928711,1550,84.0574951171875
-86.55371,14.03723,GBIF_3784736385,GBIF,HN,El Paraíso,977,NA,HUMAN_OBSERVATION,3784736385,eligible,GBIF_3784736385;GBIF_3915275198;GBIF_3355252109;GBIF_3391521571;GBIF_3415989389;GBIF_3784664387,GBIF,HN,23.0281658172607,145.816558837891,1136,71.0218887329102
-87.007856,14.007443,GBIF_4993849346,GBIF,HN,Francisco Morazán,4,NA,HUMAN_OBSERVATION,4993849346,eligible,GBIF_4993849346,GBIF,HN,22.1458339691162,141.116195678711,972,81.704833984375
-88,14.866667,GBIF_208046141,GBIF,HN,,NA,NA,PRESERVED_SPECIMEN,208046141,eligible,GBIF_208046141;GBIF_208046142,GBIF,HN,23.2953338623047,114.316879272461,2242,64.4869079589844
-88.263555,18.543458,GBIF_6170863113,GBIF,MX,Quintana Roo,NA,NA,HUMAN_OBSERVATION,6170863113,eligible,GBIF_6170863113,GBIF,MX,26.2342014312744,164.5849609375,1215,56.7131767272949
-88.565955,18.086292,GBIF_3330513331,GBIF,BZ,Orange Walk,12,NA,HUMAN_OBSERVATION,3330513331,eligible,GBIF_3330513331,GBIF,BZ,25.8395004272461,173.804489135742,1449,58.432445526123
-89.131277,18.662164,GBIF_5890392931,GBIF,MX,Quintana Roo,31,NA,HUMAN_OBSERVATION,5890392931,eligible,GBIF_5890392931,GBIF,MX,24.6858329772949,169.306854248047,1004,59.590274810791
-89.193883,13.703333,GBIF_237924383,GBIF,SV,,NA,NA,PRESERVED_SPECIMEN,237924383,eligible,GBIF_237924383,GBIF,SV,23.4495010375977,76.1883163452148,1857,95.3827285766602
-89.88972,18.36417,GBIF_4169191668,GBIF,MX,Campeche,90,NA,PRESERVED_SPECIMEN,4169191668,eligible,GBIF_4169191668,GBIF,MX,25.4951667785645,204.876235961914,1122,65.7920761108398
-9.081355,38.626691,GBIF_3456535058,GBIF,PT,Setúbal,1694,NA,HUMAN_OBSERVATION,3456535058,eligible,GBIF_3456535058,GBIF,PT,17.0347213745117,407.909423828125,685,65.4539566040039
-9.168348,38.743606,GBIF_3961500453,GBIF,PT,Lisboa,60,NA,HUMAN_OBSERVATION,3961500453,eligible,GBIF_3961500453,GBIF,PT,16.6445007324219,405.101013183594,716,64.1812438964844
-90.52793,14.655656,GBIF_3902538371,GBIF,GT,Guatemala,12,NA,HUMAN_OBSERVATION,3902538371,eligible,GBIF_3902538371,GBIF,GT,19.5988330841064,88.0201797485352,1249,99.5657501220703
-90.9986,-0.84564,GBIF_5859889794,GBIF,EC,Galapagos,NA,NA,MATERIAL_SAMPLE,5859889794,eligible,GBIF_5859889794;GBIF_5864209507,GBIF,EC,23.6424999237061,156.859558105469,337,72.131217956543
-92.33615,15.17318,GBIF_1897538792,GBIF,MX,Chiapas,NA,NA,PRESERVED_SPECIMEN,1897538792,eligible,GBIF_1897538792;GBIF_1897538849,GBIF,MX,22.7846660614014,56.1637649536133,2843,83.1941299438477
-93.06667,17.38333,GBIF_477986565,GBIF,MX,Tamaulipas,3036,NA,PRESERVED_SPECIMEN,477986565,eligible,GBIF_477986565,GBIF,MX,23.9978332519531,204.354873657227,4070,41.435546875
-96.509444,19.386667,GBIF_1897538795,GBIF,MX,Veracruz de ignacio de la llave,NA,NA,PRESERVED_SPECIMEN,1897538795,eligible,GBIF_1897538795,GBIF,MX,24.7763328552246,215.296798706055,1030,111.778747558594
-96.89399,19.53635,GBIF_5890110474,GBIF,MX,Veracruz,NA,NA,HUMAN_OBSERVATION,5890110474,eligible,GBIF_5890110474,GBIF,MX,19.3003330230713,214.882720947266,1710,72.9120407104492
-96.912,17.648,GBIF_4169181389,GBIF,MX,Oaxaca,90,NA,PRESERVED_SPECIMEN,4169181389,eligible,GBIF_4169181389;GBIF_4169198272;GBIF_4169214077;GBIF_4169002143,GBIF,MX,24.3689994812012,224.549423217773,897,90.3286819458008
-96.945,17.772,GBIF_4169156268,GBIF,MX,Oaxaca,90,NA,PRESERVED_SPECIMEN,4169156268,eligible,GBIF_4169156268;GBIF_4168987959;GBIF_4169225561,GBIF,MX,24.40016746521,240.999664306641,854,89.5821685791016
-96.965863,18.882389,GBIF_2999160054,GBIF,MX,Veracruz,NA,NA,HUMAN_OBSERVATION,2999160054,eligible,GBIF_2999160054,GBIF,MX,21.2738342285156,218.320770263672,1512,76.1469879150391
-98.199002,20.399271,GBIF_3456376006,GBIF,MX,Hidalgo,132,NA,HUMAN_OBSERVATION,3456376006,eligible,GBIF_3456376006,GBIF,MX,19.2843322753906,246.441101074219,2230,83.0037994384766
-99.148044,23.030427,GBIF_1803641418,GBIF,MX,Tamaulipas,2000,NA,PRESERVED_SPECIMEN,1803641418,eligible,GBIF_1803641418,GBIF,MX,23.496000289917,393.330047607422,1496,84.5711898803711
-99.16,17.439,GBIF_4169001651,GBIF,MX,Guerrero,90,NA,PRESERVED_SPECIMEN,4169001651,eligible,GBIF_4169001651;GBIF_4169167439;GBIF_4169185387;GBIF_4169115417;GBIF_4169182212,GBIF,MX,24.2560005187988,124.403694152832,1179,111.761711120605
-99.221178,18.621918,GBIF_2331908270,GBIF,MX,Morelos,4,NA,HUMAN_OBSERVATION,2331908270,eligible,GBIF_2331908270,GBIF,MX,24.9261665344238,210.307830810547,979,109.52188873291
-99.465283,17.411667,GBIF_918797671,GBIF,MX,,NA,NA,PRESERVED_SPECIMEN,918797671,eligible,GBIF_918797671,GBIF,MX,22.4876670837402,138.431442260742,1038,107.955055236816
10.29312,56.23327,GBIF_4512490948,GBIF,DK,,NA,NA,PRESERVED_SPECIMEN,4512490948,eligible,GBIF_4512490948,GBIF,DK,8.00803565979004,609.112976074219,626,21.9468307495117
101.023247,13.611852,GBIF_6334176717,GBIF,TH,Chachoengsao,10,NA,HUMAN_OBSERVATION,6334176717,eligible,GBIF_6334176717,GBIF,TH,28.1381664276123,134.357437133789,1235,80.9489593505859
101.681667,3.686383,GBIF_918797651,GBIF,MY,,NA,NA,PRESERVED_SPECIMEN,918797651,eligible,GBIF_918797651,GBIF,MY,21.5650005340576,54.1956825256348,2700,30.1623477935791
103.830125,1.325797,GBIF_6178659782,GBIF,SG,Central,5,NA,HUMAN_OBSERVATION,6178659782,eligible,GBIF_6178659782,GBIF,SG,26.9196662902832,45.4542274475098,2379,20.6987972259521
103.952783,1.378472,GBIF_6130681495,GBIF,SG,East,44,NA,HUMAN_OBSERVATION,6130681495,eligible,GBIF_6130681495,GBIF,SG,27.0612182617188,48.207649230957,2270,24.8979091644287
104.7581,-2.9883,GBIF_4857492435,GBIF,ID,,NA,NA,PRESERVED_SPECIMEN,4857492435,eligible,GBIF_4857492435,GBIF,ID,27.3893337249756,35.7731590270996,2641,36.8397445678711
106.187,-6.6687,GBIF_4857637579,GBIF,ID,,NA,NA,PRESERVED_SPECIMEN,4857637579,eligible,GBIF_4857637579,GBIF,ID,22.2933330535889,32.3001174926758,4252,24.9777698516846
106.7953,-6.595,GBIF_4857640828,GBIF,ID,,NA,NA,PRESERVED_SPECIMEN,4857640828,eligible,GBIF_4857640828,GBIF,ID,25.1156673431396,31.9840641021729,3619,23.1724872589111
107.771212,-6.931855,GBIF_3873617481,GBIF,ID,Jawa Barat,2,NA,HUMAN_OBSERVATION,3873617481,eligible,GBIF_3873617481,GBIF,ID,22.4301662445068,36.5950393676758,2288,52.8390808105469
109.073889,-7.657222,GBIF_4067236508,GBIF,ID,Jawa Tengah,2150,NA,HUMAN_OBSERVATION,4067236508,eligible,GBIF_4067236508,GBIF,ID,26.5678329467773,54.5512351989746,2841,40.0903930664062
109.1533,-6.9878,GBIF_4857497423,GBIF,ID,,NA,NA,PRESERVED_SPECIMEN,4857497423,eligible,GBIF_4857497423,GBIF,ID,26.9283332824707,39.8100662231445,2143,63.7348594665527
109.545,-7.319,GBIF_4857640827,GBIF,ID,,NA,NA,PRESERVED_SPECIMEN,4857640827,eligible,GBIF_4857640827,GBIF,ID,24.3279991149902,45.2092628479004,3593,50.9709739685059
110.376369,-7.393196,GBIF_4067177552,GBIF,ID,Jawa Tengah,NA,NA,HUMAN_OBSERVATION,4067177552,eligible,GBIF_4067177552,GBIF,ID,18.5949993133545,45.3268165588379,2948,58.4970970153809
110.427349,-7.624493,GBIF_2550002820,GBIF,ID,Yogyakarta,127,NA,HUMAN_OBSERVATION,2550002820,eligible,GBIF_2550002820,GBIF,ID,21.2604999542236,43.8810272216797,3541,56.9748649597168
110.5135,-8.0062,GBIF_4067148524,GBIF,ID,Yogyakarta,NA,NA,HUMAN_OBSERVATION,4067148524,eligible,GBIF_4067148524;GBIF_4067157513,GBIF,ID,25.720666885376,41.459228515625,2294,68.5231018066406
115.111195,-8.807153,GBIF_6398788704,GBIF,ID,Bali,NA,NA,HUMAN_OBSERVATION,6398788704,eligible,GBIF_6398788704,GBIF,ID,26.3322219848633,54.0047302246094,1765,64.2421569824219
115.264177,-8.554796,GBIF_4952340880,GBIF,ID,Bali,NA,NA,HUMAN_OBSERVATION,4952340880,eligible,GBIF_4952340880;GBIF_4952392972;GBIF_4952561710;GBIF_4953052568,GBIF,ID,26.4028339385986,70.2192230224609,1913,47.0387191772461
116.782857,5.945346,GBIF_3013983374,GBIF,MY,Sabah,NA,NA,HUMAN_OBSERVATION,3013983374,eligible,GBIF_3013983374,GBIF,MY,24.8271675109863,54.4997482299805,2391,18.6194496154785
118.11616,5.841234,GBIF_5076868246,GBIF,MY,Sabah,NA,NA,HUMAN_OBSERVATION,5076868246,eligible,GBIF_5076868246,GBIF,,27.0199279785156,44.5639877319336,2501,29.9183979034424
118.13733,4.722942,GBIF_2619920489,GBIF,MY,Sabah,NA,NA,HUMAN_OBSERVATION,2619920489,eligible,GBIF_2619920489,GBIF,MY,26.4131660461426,36.5532684326172,1991,12.9616975784302
119.987945,15.317289,GBIF_2626424709,GBIF,PH,Zambales,5,NA,HUMAN_OBSERVATION,2626424709,eligible,GBIF_2626424709,GBIF,PH,27.3092956542969,89.5126876831055,3510,118.231941223145
12.518429,55.649322,GBIF_3415995342,GBIF,DK,Hovedstaden,4,NA,HUMAN_OBSERVATION,3415995342,eligible,GBIF_3415995342,GBIF,DK,8.72480201721191,630.757507324219,610,19.2369842529297
120.72587,22.079531,GBIF_5909356353,GBIF,TW,Taiwan,5,NA,HUMAN_OBSERVATION,5909356353,eligible,GBIF_5909356353,GBIF,CN-TW,24.5049991607666,297.753204345703,2113,98.3925170898438
120.998898,16.303895,GBIF_3455748503,GBIF,PH,Nueva Vizcaya,4570,NA,HUMAN_OBSERVATION,3455748503,eligible,GBIF_3455748503,GBIF,PH,24.1896667480469,143.596054077148,1790,67.2737808227539
121.053794,16.944098,GBIF_6147310007,GBIF,PH,Ifugao,8,NA,HUMAN_OBSERVATION,6147310007,eligible,GBIF_6147310007,GBIF,PH,19.0753326416016,154.296127319336,2993,52.7163963317871
121.237228,16.63442,GBIF_5839922224,GBIF,PH,Nueva Vizcaya,11,NA,HUMAN_OBSERVATION,5839922224,eligible,GBIF_5839922224,GBIF,PH,26.0401668548584,167.231323242188,1956,45.4570465087891
122.634331,14.094248,GBIF_6188572415,GBIF,PH,Camarines Norte,NA,NA,HUMAN_OBSERVATION,6188572415,eligible,GBIF_6188572415,GBIF,PH,26.2901668548584,120.298217773438,2800,54.3027572631836
124.19,8.1878,GBIF_4916241152,GBIF,PH,Lanao del Norte,NA,NA,MATERIAL_SAMPLE,4916241152,eligible,GBIF_4916241152,GBIF,PH,27.1092109680176,68.1984329223633,2961,62.4423637390137
13.05,-5.85,GBIF_5842077640,GBIF,CD,,NA,NA,PRESERVED_SPECIMEN,5842077640,eligible,GBIF_5842077640,GBIF,CD,26.0051670074463,192.323303222656,1016,82.4280090332031
143.55,-3.333333,GBIF_1100125377,GBIF,PG,Eastern Sepik Province,NA,NA,PRESERVED_SPECIMEN,1100125377,eligible,GBIF_1100125377;GBIF_1100125856;GBIF_1100125272;GBIF_2446211466,GBIF,,25.5261898040771,18.5297584533691,2046,13.0726261138916
144.229,-5.682,GBIF_4857637578,GBIF,PG,,NA,NA,PRESERVED_SPECIMEN,4857637578,eligible,GBIF_4857637578,GBIF,PG,17.5849990844727,40.1042671203613,2523,31.1852531433105
145.33333,-16.483334,GBIF_2446172623,GBIF,AU,Queensland,NA,NA,PRESERVED_SPECIMEN,2446172623,eligible,GBIF_2446172623,GBIF,AU,21.3231658935547,259.90087890625,3350,72.2856903076172
145.41529,-16.17416,GBIF_4973892737,GBIF,AU,Queensland,100,NA,HUMAN_OBSERVATION,4973892737,eligible,GBIF_4973892737,GBIF,AU,23.0986671447754,243.099426269531,3078,75.9943695068359
145.55,-17.166666,GBIF_2973693645,GBIF,AU,Queensland,NA,NA,PRESERVED_SPECIMEN,2973693645,eligible,GBIF_2973693645,GBIF,AU,20.2811660766602,274.422454833984,1637,82.309455871582
145.57912,-17.27019,GBIF_5008150569,GBIF,AU,Queensland,4,NA,HUMAN_OBSERVATION,5008150569,eligible,GBIF_5008150569,GBIF,AU,20.8780002593994,293.000946044922,2256,74.7788238525391
145.74226,-5.44566,GBIF_4857497416,GBIF,PG,,NA,NA,PRESERVED_SPECIMEN,4857497416,eligible,GBIF_4857497416,GBIF,PG,26.1927089691162,36.0457878112793,2689,41.4394340515137
145.75,-17.016666,GBIF_2973665688,GBIF,AU,Queensland,NA,NA,PRESERVED_SPECIMEN,2973665688,eligible,GBIF_2973665688;GBIF_2973673426;GBIF_2973692605,GBIF,AU,24.6056671142578,255.611404418945,2319,95.3540420532227
145.76666,-16.916666,GBIF_1100108735,GBIF,AU,Queensland,NA,NA,PRESERVED_SPECIMEN,1100108735,eligible,GBIF_1100108735,GBIF,AU,24.8977279663086,235.977645874023,2201,93.7434539794922
145.78673,-5.22246,GBIF_4857497418,GBIF,PG,,NA,NA,PRESERVED_SPECIMEN,4857497418,eligible,GBIF_4857497418;GBIF_4857492423;GBIF_4857492421,GBIF,,26.3018341064453,37.7186431884766,2905,37.795223236084
145.9439,-18.417778,GBIF_2446237357,GBIF,AU,Queensland,NA,NA,PRESERVED_SPECIMEN,2446237357,eligible,GBIF_2446237357,GBIF,AU,23.6416664123535,322.106903076172,1872,84.3252258300781
146.825125,-19.2651,GBIF_6159645066,GBIF,AU,Queensland,NA,NA,HUMAN_OBSERVATION,6159645066,eligible,GBIF_6159645066,GBIF,AU,24.5721015930176,308.173248291016,1895,118.62141418457
146.934395,-19.428394,GBIF_5292387003,GBIF,AU,Queensland,20,NA,HUMAN_OBSERVATION,5292387003,eligible,GBIF_5292387003,GBIF,AU,22.8538341522217,320.691925048828,1074,91.8445281982422
147.76581,-6.48494,GBIF_4857497409,GBIF,PG,,NA,NA,PRESERVED_SPECIMEN,4857497409,eligible,GBIF_4857497409,GBIF,PG,24.0171661376953,65.8268890380859,3196,17.4669628143311
151.30028,-24.069723,GBIF_1100081681,GBIF,AU,Queensland,100,NA,PRESERVED_SPECIMEN,1100081681,eligible,GBIF_1100081681,GBIF,AU,21.8395004272461,360.001586914062,962,56.2870826721191
152.616002,-25.184737,GBIF_4908637064,GBIF,AU,Queensland,12,NA,HUMAN_OBSERVATION,4908637064,eligible,GBIF_4908637064,GBIF,AU,21.4515342712402,360.315734863281,1057,47.8234558105469
152.694744,-25.544928,GBIF_5889726730,GBIF,AU,Queensland,50,NA,HUMAN_OBSERVATION,5889726730,eligible,GBIF_5889726730,GBIF,AU,21.2528324127197,381.747863769531,1179,46.5703353881836
152.6957,-25.790107,GBIF_4009827572,GBIF,AU,Queensland,20,NA,HUMAN_OBSERVATION,4009827572,eligible,GBIF_4009827572,GBIF,AU,20.5183334350586,384.23486328125,1199,47.8007354736328
152.89185,-25.293715,GBIF_4607348952,GBIF,AU,Queensland,39,NA,HUMAN_OBSERVATION,4607348952,eligible,GBIF_4607348952,GBIF,,21.8490734100342,363.882965087891,1238,45.4867858886719
152.931258,-26.854483,GBIF_6147426522,GBIF,AU,Queensland,19,NA,HUMAN_OBSERVATION,6147426522,eligible,GBIF_6147426522,GBIF,AU,20.058666229248,382.974822998047,1559,48.3333358764648
152.955208,-26.623925,GBIF_4908720632,GBIF,AU,Queensland,19,NA,HUMAN_OBSERVATION,4908720632,eligible,GBIF_4908720632,GBIF,AU,19.9701671600342,373.062286376953,1631,48.2853775024414
153.166694,-27.434235,GBIF_6235837400,GBIF,AU,Queensland,14,NA,HUMAN_OBSERVATION,6235837400,eligible,GBIF_6235837400,GBIF,AU,20.4458332061768,378.517700195312,1293,44.233829498291
153.349723,-29.396072,GBIF_5282223290,GBIF,AU,New South Wales,18,NA,HUMAN_OBSERVATION,5282223290,eligible,GBIF_5282223290,GBIF,,19.5060615539551,335.930297851562,1454,39.6913604736328
178,-18,GBIF_1100119756,GBIF,FJ,Viti Levu,NA,NA,PRESERVED_SPECIMEN,1100119756,eligible,GBIF_1100119756,GBIF,FJ,23.0399990081787,162.907623291016,3150,30.2375888824463
18.436607,-34.05289,GBIF_3112434587,GBIF,ZA,Western Cape,2,NA,HUMAN_OBSERVATION,3112434587,eligible,GBIF_3112434587,GBIF,ZA,17.0498332977295,291.847961425781,568,68.7237167358398
18.600914,-34.075203,GBIF_5889235490,GBIF,ZA,Western Cape,1795,NA,HUMAN_OBSERVATION,5889235490,eligible,GBIF_5889235490,GBIF,ZA,17.1011905670166,325.753723144531,600,67.6399536132812
18.97733,-33.815647,GBIF_6147603813,GBIF,ZA,Western Cape,16,NA,HUMAN_OBSERVATION,6147603813,eligible,GBIF_6147603813,GBIF,ZA,17.4386672973633,404.150695800781,722,63.056396484375
2.137154,41.378306,GBIF_5292649199,GBIF,ES,Cataluña,67,NA,HUMAN_OBSERVATION,5292649199,eligible,GBIF_5292649199,GBIF,ES,15.7281665802002,548.682983398438,644,30.2630290985107
22.41667,-5.9,GBIF_5841976497,GBIF,CD,,NA,NA,PRESERVED_SPECIMEN,5841976497,eligible,GBIF_5841976497,GBIF,CD,24.9165000915527,39.9804000854492,1562,56.8932037353516
22.46,-32.28,GBIF_1291621959,GBIF,ZA,Western Cape,NA,NA,PRESERVED_SPECIMEN,1291621959,eligible,GBIF_1291621959,GBIF,ZA,13.498833656311,461.077331542969,285,44.897102355957
22.461928,-33.962607,GBIF_1986580494,GBIF,ZA,Western Cape,1720,NA,HUMAN_OBSERVATION,1986580494,eligible,GBIF_1986580494,GBIF,ZA,17.211332321167,264.583679199219,611,25.2006893157959
23.71,-32.58,GBIF_1291613585,GBIF,ZA,Western Cape,NA,NA,PRESERVED_SPECIMEN,1291613585,eligible,GBIF_1291613585,GBIF,ZA,17.099666595459,477.840606689453,275,42.8799285888672
25.722712,-33.392127,GBIF_5909322383,GBIF,ZA,Eastern Cape,200,NA,HUMAN_OBSERVATION,5909322383,eligible,GBIF_5909322383,GBIF,ZA,17.8913326263428,322.212310791016,436,23.2205295562744
27.55,1.31667,GBIF_5842080537,GBIF,CD,,NA,NA,PRESERVED_SPECIMEN,5842080537,eligible,GBIF_5842080537,GBIF,CD,24.8094997406006,42.9762763977051,1722,32.7128143310547
28.230091,-25.751709,GBIF_6552411021,GBIF,ZA,Gauteng,37,NA,HUMAN_OBSERVATION,6552411021,eligible,GBIF_6552411021,GBIF,ZA,17.6163330078125,384.603729248047,706,80.8026428222656
29,-3.5,GBIF_5842060940,GBIF,CD,,NA,NA,PRESERVED_SPECIMEN,5842060940,eligible,GBIF_5842060940,GBIF,CD,12.003999710083,49.3403091430664,1925,54.6390495300293
30.40547,-15.26909,GBIF_4857492436,GBIF,MZ,,NA,NA,PRESERVED_SPECIMEN,4857492436,eligible,GBIF_4857492436,GBIF,MZ,25.1224994659424,317.109893798828,730,123.35871887207
47.150278,-24.5825,GBIF_5162966733,GBIF,MG,,NA,NA,MATERIAL_SAMPLE,5162966733,eligible,GBIF_5162966733,GBIF,MG,22.4231662750244,253.027191162109,1523,56.6275901794434
49.120911,-12.96002,GBIF_5162835497,GBIF,MG,,NA,NA,MATERIAL_SAMPLE,5162835497,eligible,GBIF_5162835497;GBIF_5162673094,GBIF,MG,26.1861667633057,125.491012573242,1589,114.866096496582
55.46667,-4.66667,GBIF_5841951665,GBIF,SC,,NA,NA,PRESERVED_SPECIMEN,5841951665,eligible,GBIF_5841951665;GBIF_5841972699,GBIF,SC,25.6906242370605,70.4317092895508,2375,40.7086944580078
55.567736,-21.358611,GBIF_3415801884,GBIF,RE,Saint-Pierre,4,NA,HUMAN_OBSERVATION,3415801884,eligible,GBIF_3415801884,GBIF,-99,22.0772571563721,229.535919189453,1251,48.3570899963379
55.73333,-4.26667,GBIF_5842026745,GBIF,SC,,NA,NA,PRESERVED_SPECIMEN,5842026745,eligible,GBIF_5842026745;GBIF_5842036308,GBIF,,27.1875,72.2137985229492,2256,44.0458297729492
6.67359,50.037833,GBIF_3722783355,GBIF,DE,Rheinland-Pfalz,25,NA,HUMAN_OBSERVATION,3722783355,eligible,GBIF_3722783355,GBIF,DE,8.69416618347168,610.750915527344,886,14.3905429840088
6.806615,51.434781,GBIF_5197877461,GBIF,DE,Nordrhein-Westfalen,4,NA,HUMAN_OBSERVATION,5197877461,eligible,GBIF_5197877461,GBIF,DE,10.6451663970947,591.095397949219,832,12.8081712722778
72.914865,22.567606,GBIF_4597303104,GBIF,IN,Gujarat,NA,NA,HUMAN_OBSERVATION,4597303104,eligible,GBIF_4597303104,GBIF,IN,26.9703330993652,428.342590332031,828,153.612045288086
74.367881,15.33146,GBIF_4014867033,GBIF,IN,Karnataka,299,NA,HUMAN_OBSERVATION,4014867033,eligible,GBIF_4014867033,GBIF,IN,23.0580005645752,141.70881652832,3586,160.544021606445
75.591247,19.993272,GBIF_4923911208,GBIF,IN,Maharashtra,NA,NA,HUMAN_OBSERVATION,4923911208,eligible,GBIF_4923911208,GBIF,IN,25.7668323516846,379.079925537109,739,116.333557128906
76.627288,12.222723,GBIF_6133136046,GBIF,IN,Karnataka,127,NA,HUMAN_OBSERVATION,6133136046,eligible,GBIF_6133136046,GBIF,IN,24.607666015625,179.83772277832,713,83.562614440918
77.026378,11.935205,GBIF_6162771898,GBIF,IN,Karnataka,22,NA,HUMAN_OBSERVATION,6162771898,eligible,GBIF_6162771898,GBIF,IN,24.5995006561279,178.52864074707,648,92.900505065918
77.426628,8.187726,GBIF_4028769599,GBIF,IN,Tamil Nadu,1702,NA,HUMAN_OBSERVATION,4028769599,eligible,GBIF_4028769599,GBIF,IN,28.0441665649414,100.474159240723,1163,64.1233673095703
77.606017,12.934432,GBIF_5892674467,GBIF,IN,Karnataka,526,NA,HUMAN_OBSERVATION,5892674467,eligible,GBIF_5892674467,GBIF,IN,24.0311660766602,213.188049316406,816,86.2244110107422
79.008397,29.4079,GBIF_6234202630,GBIF,IN,Uttarakhand,NA,NA,HUMAN_OBSERVATION,6234202630,eligible,GBIF_6234202630,GBIF,IN,24.0726661682129,624.049560546875,1597,122.984619140625
79.931066,7.062061,GBIF_6320584933,GBIF,LK,Gampaha,5,NA,HUMAN_OBSERVATION,6320584933,eligible,GBIF_6320584933,GBIF,LK,27.333833694458,65.1451416015625,2473,53.031421661377
88.53,22.81,GBIF_3351648729,GBIF,IN,,NA,NA,PRESERVED_SPECIMEN,3351648729,eligible,GBIF_3351648729,GBIF,IN,26.2196674346924,409.656188964844,1595,97.5272216796875
89.169266,23.169028,GBIF_5932492101,GBIF,BD,Khulna,11,NA,HUMAN_OBSERVATION,5932492101,eligible,GBIF_5932492101,GBIF,BD,26.1499996185303,411.372406005859,1660,88.7245254516602
9.91401,56.03862,GBIF_4512489601,GBIF,DK,,NA,NA,PRESERVED_SPECIMEN,4512489601,eligible,GBIF_4512489601,GBIF,DK,7.61933326721191,640.764587402344,636,23.503999710083
96.37,-83.02,GBIF_1291613600,GBIF,ZA,Western Cape,NA,NA,PRESERVED_SPECIMEN,1291613600,eligible,GBIF_1291613600,GBIF,AQ,-50.9560012817383,1177.31689453125,12,158.113876342773
96.45292,16.522353,GBIF_4022222842,GBIF,MM,Yangon,14,NA,HUMAN_OBSERVATION,4022222842,eligible,GBIF_4022222842,GBIF,MM,27.1783332824707,160.244567871094,3114,104.364219665527
