scientific_name,longitude,latitude,source,record_id,countryCode,stateProvince,uncertainty_m,issues,datasetKey,basisOfRecord,license,url,excluded_reason
Scytodes longipes,-73.979,5.644,manuscript,new_01,CO,Boyacá,,,,,,,
Scytodes longipes,-78.174,2.964,manuscript,new_02,CO,Cauca,,,,,,,
Scytodes longipes,-73.346,4.758,manuscript,new_03,CO,Cundinamarca,,,,,,,
Scytodes longipes,-74.397,4.371,manuscript,new_04,CO,Cundinamarca,,,,,,,
Scytodes longipes,-74.14708,11.15221,manuscript,new_05,CO,Magdalena,,,,,,,
Scytodes longipes,-74.15894,11.16271,manuscript,new_06,CO,Magdalena,,,,,,,
Scytodes longipes,-76.128,5.35,manuscript,new_07,CO,Risaralda,,,,,,,
Scytodes longipes,-75.904,5.416,manuscript,new_08,CO,Risaralda,,,,,,,
Scytodes longipes,-75.6725,4.5388889,manuscript,new_09,CO,Quindío,,,,,,,
Scytodes longipes,-75.64083333333333,4.5291667,manuscript,new_10,CO,Quindío,,,,,,,
Scytodes longipes,-66.8111,10.5012,manuscript,new_11,VE,Miranda,,,,,,,
Scytodes longipes,-68.72604,11.1602,manuscript,new_12,VE,Falcón,,,,,,,
Scytodes longipes,-69.64106827185024,11.216237010564209,manuscript,new_13,VE,Falcón,,,,,,,
Scytodes longipes,-99.228283,19.328016,GBIF,6130821448,MX,Distrito Federal,15.0,COORDINATE_ROUNDED;CONTINENT_DERIVED_FROM_COORDINATES;TAXON_ID_NOT_FOUND,50c9509d-22c7-4a22-a47d-8c48425ef4a7,HUMAN_OBSERVATION,http://creativecommons.org/licenses/by-nc/4.0/legalcode,https://www.gbif.org/occurrence/6130821448,
Scytodes longipes,-84.317322,10.204497,GBIF,6131214505,CR,Alajuela,2.0,COORDINATE_ROUNDED;CONTINENT_DERIVED_FROM_COORDINATES;TAXON_ID_NOT_FOUND,50c9509d-22c7-4a22-a47d-8c48425ef4a7,HUMAN_OBSERVATION,http://creativecommons.org/licenses/by-nc/4.0/legalcode,https://www.gbif.org/occurrence/6131214505,
Scytodes longipes,-75.775574,4.573833,GBIF,6163235018,CO,Quindío,42.0,COORDINATE_ROUNDED;CONTINENT_DERIVED_FROM_COORDINATES;TAXON_ID_NOT_FOUND,50c9509d-22c7-4a22-a47d-8c48425ef4a7,HUMAN_OBSERVATION,http://creativecommons.org/licenses/by-nc/4.0/legalcode,https://www.gbif.org/occurrence/6163235018,
Scytodes longipes,-63.019945,18.049382,GBIF,6552379354,SX,,2.0,COORDINATE_ROUNDED;CONTINENT_DERIVED_FROM_COORDINATES;TAXON_ID_NOT_FOUND,50c9509d-22c7-4a22-a47d-8c48425ef4a7,HUMAN_OBSERVATION,http://creativecommons.org/licenses/by-nc/4.0/legalcode,https://www.gbif.org/occurrence/6552379354,
Scytodes longipes,110.674533,-8.007881,GBIF,6398991459,ID,Yogyakarta,2521.0,COORDINATE_ROUNDED;CONTINENT_DERIVED_FROM_COORDINATES;TAXON_ID_NOT_FOUND,50c9509d-22c7-4a22-a47d-8c48425ef4a7,HUMAN_OBSERVATION,http://creativecommons.org/licenses/by-nc/4.0/legalcode,https://www.gbif.org/occurrence/6398991459,
Scytodes longipes,-99.125905,19.226819,GBIF,6441375497,MX,Distrito Federal,30580.0,COORDINATE_ROUNDED;CONTINENT_DERIVED_FROM_COORDINATES;TAXON_ID_NOT_FOUND,50c9509d-22c7-4a22-a47d-8c48425ef4a7,HUMAN_OBSERVATION,http://creativecommons.org/publicdomain/zero/1.0/legalcode,https://www.gbif.org/occurrence/6441375497,
Scytodes longipes,-99.737,19.332497,GBIF,6451921689,MX,México,27.0,COORDINATE_ROUNDED;CONTINENT_DERIVED_FROM_COORDINATES;TAXON_ID_NOT_FOUND,50c9509d-22c7-4a22-a47d-8c48425ef4a7,HUMAN_OBSERVATION,http://creativecommons.org/licenses/by-nc/4.0/legalcode,https://www.gbif.org/occurrence/6451921689,
Scytodes longipes,-99.18277,19.412638,GBIF,6469766125,MX,Distrito Federal,11.0,COORDINATE_ROUNDED;CONTINENT_DERIVED_FROM_COORDINATES;TAXON_ID_NOT_FOUND,50c9509d-22c7-4a22-a47d-8c48425ef4a7,HUMAN_OBSERVATION,http://creativecommons.org/licenses/by-nc/4.0/legalcode,https://www.gbif.org/occurrence/6469766125,
Scytodes longipes,-84.07322,9.938374,GBIF,6481065698,CR,San José,,COORDINATE_ROUNDED;CONTINENT_DERIVED_FROM_COORDINATES;TAXON_ID_NOT_FOUND,50c9509d-22c7-4a22-a47d-8c48425ef4a7,HUMAN_OBSERVATION,http://creativecommons.org/licenses/by-nc/4.0/legalcode,https://www.gbif.org/occurrence/6481065698,
Scytodes longipes,-99.228301,19.32797,GBIF,6481208270,MX,Distrito Federal,15.0,COORDINATE_ROUNDED;CONTINENT_DERIVED_FROM_COORDINATES;TAXON_ID_NOT_FOUND,50c9509d-22c7-4a22-a47d-8c48425ef4a7,HUMAN_OBSERVATION,http://creativecommons.org/licenses/by-nc/4.0/legalcode,https://www.gbif.org/occurrence/6481208270,
Scytodes longipes,-159.565597,22.21975,GBIF,6499843429,US,Hawaii,59.0,COORDINATE_ROUNDED;CONTINENT_DERIVED_FROM_COORDINATES;TAXON_ID_NOT_FOUND,50c9509d-22c7-4a22-a47d-8c48425ef4a7,HUMAN_OBSERVATION,http://creativecommons.org/licenses/by-nc/4.0/legalcode,https://www.gbif.org/occurrence/6499843429,
Scytodes longipes,-85.618362,10.839458,GBIF,6500169593,CR,Guanacaste,23.0,COORDINATE_ROUNDED;CONTINENT_DERIVED_FROM_COORDINATES;TAXON_ID_NOT_FOUND,50c9509d-22c7-4a22-a47d-8c48425ef4a7,HUMAN_OBSERVATION,http://creativecommons.org/licenses/by-nc/4.0/legalcode,https://www.gbif.org/occurrence/6500169593,
Scytodes longipes,-77.000181,-12.108243,GBIF,6520560755,PE,Lima Province,15.0,COORDINATE_ROUNDED;CONTINENT_DERIVED_FROM_COORDINATES;TAXON_ID_NOT_FOUND,50c9509d-22c7-4a22-a47d-8c48425ef4a7,HUMAN_OBSERVATION,http://creativecommons.org/licenses/by-nc/4.0/legalcode,https://www.gbif.org/occurrence/6520560755,
Scytodes longipes,-84.79892,10.281983,GBIF,6550957926,CR,Puntarenas,6.0,COORDINATE_ROUNDED;CONTINENT_DERIVED_FROM_COORDINATES;TAXON_ID_NOT_FOUND,50c9509d-22c7-4a22-a47d-8c48425ef4a7,HUMAN_OBSERVATION,http://creativecommons.org/licenses/by-nc/4.0/legalcode,https://www.gbif.org/occurrence/6550957926,
Scytodes longipes,-99.228226,19.328001,GBIF,6552903339,MX,Distrito Federal,15.0,COORDINATE_ROUNDED;CONTINENT_DERIVED_FROM_COORDINATES;TAXON_ID_NOT_FOUND,50c9509d-22c7-4a22-a47d-8c48425ef4a7,HUMAN_OBSERVATION,http://creativecommons.org/licenses/by-nc/4.0/legalcode,https://www.gbif.org/occurrence/6552903339,
Scytodes longipes,-62.829917,17.891145,GBIF,6552348389,BL,,8.0,COORDINATE_ROUNDED;CONTINENT_DERIVED_FROM_COORDINATES;TAXON_ID_NOT_FOUND,50c9509d-22c7-4a22-a47d-8c48425ef4a7,HUMAN_OBSERVATION,http://creativecommons.org/licenses/by-nc/4.0/legalcode,https://www.gbif.org/occurrence/6552348389,
Scytodes longipes,-157.803895,21.335472,GBIF,5133124863,US,Hawaii,13.0,COORDINATE_ROUNDED;CONTINENT_DERIVED_FROM_COORDINATES;TAXON_ID_NOT_FOUND,50c9509d-22c7-4a22-a47d-8c48425ef4a7,HUMAN_OBSERVATION,http://creativecommons.org/licenses/by-nc/4.0/legalcode,https://www.gbif.org/occurrence/5133124863,
Scytodes longipes,-99.228323,19.327924,GBIF,5133752550,MX,Distrito Federal,15.0,COORDINATE_ROUNDED;CONTINENT_DERIVED_FROM_COORDINATES;TAXON_ID_NOT_FOUND,50c9509d-22c7-4a22-a47d-8c48425ef4a7,HUMAN_OBSERVATION,http://creativecommons.org/licenses/by-nc/4.0/legalcode,https://www.gbif.org/occurrence/5133752550,
Scytodes longipes,-99.22821,19.327869,GBIF,5133936091,MX,Distrito Federal,15.0,COORDINATE_ROUNDED;CONTINENT_DERIVED_FROM_COORDINATES;TAXON_ID_NOT_FOUND,50c9509d-22c7-4a22-a47d-8c48425ef4a7,HUMAN_OBSERVATION,http://creativecommons.org/licenses/by-nc/4.0/legalcode,https://www.gbif.org/occurrence/5133936091,
Scytodes longipes,-157.803038,21.332792,GBIF,5134174914,US,Hawaii,14.0,COORDINATE_ROUNDED;CONTINENT_DERIVED_FROM_COORDINATES;TAXON_ID_NOT_FOUND,50c9509d-22c7-4a22-a47d-8c48425ef4a7,HUMAN_OBSERVATION,http://creativecommons.org/licenses/by-nc/4.0/legalcode,https://www.gbif.org/occurrence/5134174914,
Scytodes longipes,-53.21165,3.622893,GBIF,5932289865,GF,Saint-Laurent-du-Maroni,,COORDINATE_ROUNDED;CONTINENT_DERIVED_FROM_COORDINATES;TAXON_ID_NOT_FOUND,50c9509d-22c7-4a22-a47d-8c48425ef4a7,HUMAN_OBSERVATION,http://creativecommons.org/licenses/by-nc/4.0/legalcode,https://www.gbif.org/occurrence/5932289865,
Scytodes longipes,-77.086052,-12.003309,GBIF,5282612904,PE,Lima Province,31104.0,COORDINATE_ROUNDED;CONTINENT_DERIVED_FROM_COORDINATES;TAXON_ID_NOT_FOUND,50c9509d-22c7-4a22-a47d-8c48425ef4a7,HUMAN_OBSERVATION,http://creativecommons.org/licenses/by-nc/4.0/legalcode,https://www.gbif.org/occurrence/5282612904,
Scytodes longipes,-87.075084,14.034454,GBIF,5759719386,HN,Francisco Morazán,5.0,COORDINATE_ROUNDED;CONTINENT_DERIVED_FROM_COORDINATES;TAXON_ID_NOT_FOUND,50c9509d-22c7-4a22-a47d-8c48425ef4a7,HUMAN_OBSERVATION,http://creativecommons.org/licenses/by-nc/4.0/legalcode,https://www.gbif.org/occurrence/5759719386,
Scytodes longipes,-80.010509,0.07138,GBIF,5838167708,EC,Manabi,20.0,COORDINATE_ROUNDED;CONTINENT_DERIVED_FROM_COORDINATES;TAXON_ID_NOT_FOUND,50c9509d-22c7-4a22-a47d-8c48425ef4a7,HUMAN_OBSERVATION,http://creativecommons.org/licenses/by-nc/4.0/legalcode,https://www.gbif.org/occurrence/5838167708,
Scytodes longipes,-155.826612,19.497035,GBIF,5889936533,US,Hawaii,61695.0,COORDINATE_ROUNDED;CONTINENT_DERIVED_FROM_COORDINATES;TAXON_ID_NOT_FOUND,50c9509d-22c7-4a22-a47d-8c48425ef4a7,HUMAN_OBSERVATION,http://creativecommons.org/licenses/by-nc/4.0/legalcode,https://www.gbif.org/occurrence/5889936533,
Scytodes longipes,-83.371562,22.654044,GBIF,6130584357,CU,Pinar del Río,924.0,COORDINATE_ROUNDED;CONTINENT_DERIVED_FROM_COORDINATES;TAXON_ID_NOT_FOUND,50c9509d-22c7-4a22-a47d-8c48425ef4a7,HUMAN_OBSERVATION,http://creativecommons.org/licenses/by-nc/4.0/legalcode,https://www.gbif.org/occurrence/6130584357,
Scytodes longipes,-90.302647,-0.741901,GBIF,5909061060,EC,Galápagos,10.0,COORDINATE_ROUNDED;CONTINENT_DERIVED_FROM_COORDINATES;TAXON_ID_NOT_FOUND,50c9509d-22c7-4a22-a47d-8c48425ef4a7,HUMAN_OBSERVATION,http://creativecommons.org/licenses/by-nc/4.0/legalcode,https://www.gbif.org/occurrence/5909061060,
Scytodes longipes,-85.463181,13.309906,GBIF,5909314581,NI,Atlántico Norte,,COORDINATE_ROUNDED;CONTINENT_DERIVED_FROM_COORDINATES;TAXON_ID_NOT_FOUND,50c9509d-22c7-4a22-a47d-8c48425ef4a7,HUMAN_OBSERVATION,http://creativecommons.org/licenses/by-nc/4.0/legalcode,https://www.gbif.org/occurrence/5909314581,
Scytodes longipes,-155.618776,20.003989,GBIF,5935343190,US,Hawaii,30508.0,COORDINATE_ROUNDED;CONTINENT_DERIVED_FROM_COORDINATES;TAXON_ID_NOT_FOUND,50c9509d-22c7-4a22-a47d-8c48425ef4a7,HUMAN_OBSERVATION,http://creativecommons.org/licenses/by/4.0/legalcode,https://www.gbif.org/occurrence/5935343190,
Scytodes longipes,-157.79689,21.315085,GBIF,5935975220,US,Hawaii,8.0,COORDINATE_ROUNDED;CONTINENT_DERIVED_FROM_COORDINATES;TAXON_ID_NOT_FOUND,50c9509d-22c7-4a22-a47d-8c48425ef4a7,HUMAN_OBSERVATION,http://creativecommons.org/licenses/by-nc/4.0/legalcode,https://www.gbif.org/occurrence/5935975220,
Scytodes longipes,-98.185272,18.980091,GBIF,6131087470,MX,Puebla,,COORDINATE_ROUNDED;CONTINENT_DERIVED_FROM_COORDINATES;TAXON_ID_NOT_FOUND,50c9509d-22c7-4a22-a47d-8c48425ef4a7,HUMAN_OBSERVATION,http://creativecommons.org/licenses/by-nc/4.0/legalcode,https://www.gbif.org/occurrence/6131087470,
Scytodes longipes,165.232824,-20.815944,GBIF,4516505404,NC,Nord,2077.0,COORDINATE_ROUNDED;CONTINENT_DERIVED_FROM_COORDINATES;TAXON_ID_NOT_FOUND,50c9509d-22c7-4a22-a47d-8c48425ef4a7,HUMAN_OBSERVATION,http://creativecommons.org/licenses/by-nc/4.0/legalcode,https://www.gbif.org/occurrence/4516505404,
Scytodes longipes,119.544011,-4.805329,GBIF,4528052643,ID,Sulawesi Selatan,9.0,COORDINATE_ROUNDED;CONTINENT_DERIVED_FROM_COORDINATES;TAXON_ID_NOT_FOUND,50c9509d-22c7-4a22-a47d-8c48425ef4a7,HUMAN_OBSERVATION,http://creativecommons.org/licenses/by-nc/4.0/legalcode,https://www.gbif.org/occurrence/4528052643,
Scytodes longipes,119.544011,-4.805329,GBIF,4528090605,ID,Sulawesi Selatan,9.0,COORDINATE_ROUNDED;CONTINENT_DERIVED_FROM_COORDINATES;TAXON_ID_NOT_FOUND,50c9509d-22c7-4a22-a47d-8c48425ef4a7,HUMAN_OBSERVATION,http://creativecommons.org/licenses/by-nc/4.0/legalcode,https://www.gbif.org/occurrence/4528090605,
Scytodes longipes,119.544019,-4.805292,GBIF,4528298662,ID,Sulawesi Selatan,33.0,COORDINATE_ROUNDED;CONTINENT_DERIVED_FROM_COORDINATES;TAXON_ID_NOT_FOUND,50c9509d-22c7-4a22-a47d-8c48425ef4a7,HUMAN_OBSERVATION,http://creativecommons.org/licenses/by-nc/4.0/legalcode,https://www.gbif.org/occurrence/4528298662,
Scytodes longipes,119.544011,-4.805329,GBIF,4528348697,ID,Sulawesi Selatan,9.0,COORDINATE_ROUNDED;CONTINENT_DERIVED_FROM_COORDINATES;TAXON_ID_NOT_FOUND,50c9509d-22c7-4a22-a47d-8c48425ef4a7,HUMAN_OBSERVATION,http://creativecommons.org/licenses/by-nc/4.0/legalcode,https://www.gbif.org/occurrence/4528348697,
Scytodes longipes,-77.596805,-11.102768,GBIF,4852223935,PE,Lima,2.0,COORDINATE_ROUNDED;CONTINENT_DERIVED_FROM_COORDINATES;TAXON_ID_NOT_FOUND,50c9509d-22c7-4a22-a47d-8c48425ef4a7,HUMAN_OBSERVATION,http://creativecommons.org/licenses/by-nc/4.0/legalcode,https://www.gbif.org/occurrence/4852223935,
Scytodes longipes,123.221797,10.579905,GBIF,4872317650,PH,Negros Occidental,1125.0,COORDINATE_ROUNDED;CONTINENT_DERIVED_FROM_COORDINATES;TAXON_ID_NOT_FOUND,50c9509d-22c7-4a22-a47d-8c48425ef4a7,HUMAN_OBSERVATION,http://creativecommons.org/publicdomain/zero/1.0/legalcode,https://www.gbif.org/occurrence/4872317650,
Scytodes longipes,-74.386272,4.402914,GBIF,4901837168,CO,Cundinamarca,,COORDINATE_ROUNDED;CONTINENT_DERIVED_FROM_COORDINATES;TAXON_ID_NOT_FOUND,50c9509d-22c7-4a22-a47d-8c48425ef4a7,HUMAN_OBSERVATION,http://creativecommons.org/licenses/by-nc/4.0/legalcode,https://www.gbif.org/occurrence/4901837168,
Scytodes longipes,-74.990587,6.396028,GBIF,4908599497,CO,Antioquia,4.0,COORDINATE_ROUNDED;CONTINENT_DERIVED_FROM_COORDINATES;TAXON_ID_NOT_FOUND,50c9509d-22c7-4a22-a47d-8c48425ef4a7,HUMAN_OBSERVATION,http://creativecommons.org/licenses/by-nc/4.0/legalcode,https://www.gbif.org/occurrence/4908599497,
Scytodes longipes,-75.65151,4.510058,GBIF,4908890624,CO,Quindío,,COORDINATE_ROUNDED;CONTINENT_DERIVED_FROM_COORDINATES;TAXON_ID_NOT_FOUND,50c9509d-22c7-4a22-a47d-8c48425ef4a7,HUMAN_OBSERVATION,http://creativecommons.org/licenses/by-nc/4.0/legalcode,https://www.gbif.org/occurrence/4908890624,
Scytodes longipes,169.349881,-19.438454,GBIF,4993741126,VU,Tafea,30562.0,COORDINATE_ROUNDED;CONTINENT_DERIVED_FROM_COORDINATES;TAXON_ID_NOT_FOUND,50c9509d-22c7-4a22-a47d-8c48425ef4a7,HUMAN_OBSERVATION,http://creativecommons.org/licenses/by/4.0/legalcode,https://www.gbif.org/occurrence/4993741126,
Scytodes longipes,169.387972,-19.515118,GBIF,4993899039,VU,Tafea,30562.0,COORDINATE_ROUNDED;CONTINENT_DERIVED_FROM_COORDINATES;TAXON_ID_NOT_FOUND,50c9509d-22c7-4a22-a47d-8c48425ef4a7,HUMAN_OBSERVATION,http://creativecommons.org/licenses/by/4.0/legalcode,https://www.gbif.org/occurrence/4993899039,
Scytodes longipes,169.293897,-19.58112,GBIF,4994374912,VU,Tafea,30562.0,COORDINATE_ROUNDED;CONTINENT_DERIVED_FROM_COORDINATES;TAXON_ID_NOT_FOUND,50c9509d-22c7-4a22-a47d-8c48425ef4a7,HUMAN_OBSERVATION,http://creativecommons.org/licenses/by/4.0/legalcode,https://www.gbif.org/occurrence/4994374912,
Scytodes longipes,169.23581,-19.407713,GBIF,4994414886,VU,Tafea,30562.0,COORDINATE_ROUNDED;CONTINENT_DERIVED_FROM_COORDINATES;TAXON_ID_NOT_FOUND,50c9509d-22c7-4a22-a47d-8c48425ef4a7,HUMAN_OBSERVATION,http://creativecommons.org/licenses/by/4.0/legalcode,https://www.gbif.org/occurrence/4994414886,
Scytodes longipes,169.307216,-19.409914,GBIF,4994437540,VU,Tafea,30562.0,COORDINATE_ROUNDED;CONTINENT_DERIVED_FROM_COORDINATES;TAXON_ID_NOT_FOUND,50c9509d-22c7-4a22-a47d-8c48425ef4a7,HUMAN_OBSERVATION,http://creativecommons.org/licenses/by/4.0/legalcode,https://www.gbif.org/occurrence/4994437540,
Scytodes longipes,169.246805,-19.490297,GBIF,4994446909,VU,Tafea,30562.0,COORDINATE_ROUNDED;CONTINENT_DERIVED_FROM_COORDINATES;TAXON_ID_NOT_FOUND,50c9509d-22c7-4a22-a47d-8c48425ef4a7,HUMAN_OBSERVATION,http://creativecommons.org/licenses/by/4.0/legalcode,https://www.gbif.org/occurrence/4994446909,
Scytodes longipes,169.324933,-19.479365,GBIF,4994547446,VU,Tafea,30562.0,COORDINATE_ROUNDED;CONTINENT_DERIVED_FROM_COORDINATES;TAXON_ID_NOT_FOUND,50c9509d-22c7-4a22-a47d-8c48425ef4a7,HUMAN_OBSERVATION,http://creativecommons.org/licenses/by/4.0/legalcode,https://www.gbif.org/occurrence/4994547446,
Scytodes longipes,-52.347796,4.845758,GBIF,5932275742,GF,Cayenne,6.0,COORDINATE_ROUNDED;CONTINENT_DERIVED_FROM_COORDINATES;TAXON_ID_NOT_FOUND,50c9509d-22c7-4a22-a47d-8c48425ef4a7,HUMAN_OBSERVATION,http://creativecommons.org/licenses/by-nc/4.0/legalcode,https://www.gbif.org/occurrence/5932275742,
Scytodes longipes,-157.798903,21.308708,GBIF,4935717241,US,Hawaii,1418.0,COORDINATE_ROUNDED;CONTINENT_DERIVED_FROM_COORDINATES;TAXON_ID_NOT_FOUND,50c9509d-22c7-4a22-a47d-8c48425ef4a7,HUMAN_OBSERVATION,http://creativecommons.org/licenses/by-nc/4.0/legalcode,https://www.gbif.org/occurrence/4935717241,
Scytodes longipes,-157.802984,21.332814,GBIF,4946570091,US,Hawaii,35.0,COORDINATE_ROUNDED;CONTINENT_DERIVED_FROM_COORDINATES;TAXON_ID_NOT_FOUND,50c9509d-22c7-4a22-a47d-8c48425ef4a7,HUMAN_OBSERVATION,http://creativecommons.org/licenses/by-nc/4.0/legalcode,https://www.gbif.org/occurrence/4946570091,
Scytodes longipes,-157.803144,21.332921,GBIF,4987609103,US,Hawaii,21.0,COORDINATE_ROUNDED;CONTINENT_DERIVED_FROM_COORDINATES;TAXON_ID_NOT_FOUND,50c9509d-22c7-4a22-a47d-8c48425ef4a7,HUMAN_OBSERVATION,http://creativecommons.org/licenses/by-nc/4.0/legalcode,https://www.gbif.org/occurrence/4987609103,
Scytodes longipes,-159.501612,22.306346,GBIF,5844485717,US,Hawaii,30298.0,COORDINATE_ROUNDED;TAXON_ID_NOT_FOUND,50c9509d-22c7-4a22-a47d-8c48425ef4a7,HUMAN_OBSERVATION,http://creativecommons.org/licenses/by-nc/4.0/legalcode,https://www.gbif.org/occurrence/5844485717,
Scytodes longipes,169.369031,-19.56079,GBIF,4994626699,VU,Tafea,30562.0,COORDINATE_ROUNDED;CONTINENT_DERIVED_FROM_COORDINATES;TAXON_ID_NOT_FOUND,50c9509d-22c7-4a22-a47d-8c48425ef4a7,HUMAN_OBSERVATION,http://creativecommons.org/licenses/by/4.0/legalcode,https://www.gbif.org/occurrence/4994626699,
Scytodes longipes,-98.161436,19.119271,GBIF,4138180127,MX,Tlaxcala,726.0,COORDINATE_ROUNDED;CONTINENT_DERIVED_FROM_COORDINATES;TAXON_ID_NOT_FOUND,50c9509d-22c7-4a22-a47d-8c48425ef4a7,HUMAN_OBSERVATION,http://creativecommons.org/licenses/by/4.0/legalcode,https://www.gbif.org/occurrence/4138180127,
Scytodes longipes,-84.158767,10.16175,GBIF,4976243821,CR,Heredia,60.0,CONTINENT_DERIVED_FROM_COORDINATES;TAXON_ID_NOT_FOUND,50c9509d-22c7-4a22-a47d-8c48425ef4a7,HUMAN_OBSERVATION,http://creativecommons.org/licenses/by-nc/4.0/legalcode,https://www.gbif.org/occurrence/4976243821,
Scytodes longipes,-83.737225,9.962579,GBIF,4976490522,CR,Cartago,15.0,COORDINATE_ROUNDED;CONTINENT_DERIVED_FROM_COORDINATES;TAXON_ID_NOT_FOUND,50c9509d-22c7-4a22-a47d-8c48425ef4a7,HUMAN_OBSERVATION,http://creativecommons.org/licenses/by-nc/4.0/legalcode,https://www.gbif.org/occurrence/4976490522,
Scytodes longipes,-84.158767,10.16175,GBIF,4976589413,CR,Heredia,65.0,CONTINENT_DERIVED_FROM_COORDINATES;TAXON_ID_NOT_FOUND,50c9509d-22c7-4a22-a47d-8c48425ef4a7,HUMAN_OBSERVATION,http://creativecommons.org/licenses/by-nc/4.0/legalcode,https://www.gbif.org/occurrence/4976589413,
Scytodes longipes,-84.158767,10.16175,GBIF,4976623314,CR,Heredia,65.0,CONTINENT_DERIVED_FROM_COORDINATES;TAXON_ID_NOT_FOUND,50c9509d-22c7-4a22-a47d-8c48425ef4a7,HUMAN_OBSERVATION,http://creativecommons.org/licenses/by-nc/4.0/legalcode,https://www.gbif.org/occurrence/4976623314,
Scytodes longipes,-77.133571,-12.079781,GBIF,3784888400,PE,Lima Province,31104.0,COORDINATE_ROUNDED;CONTINENT_DERIVED_FROM_COORDINATES;TAXON_ID_NOT_FOUND,50c9509d-22c7-4a22-a47d-8c48425ef4a7,HUMAN_OBSERVATION,http://creativecommons.org/licenses/by-nc/4.0/legalcode,https://www.gbif.org/occurrence/3784888400,
Scytodes longipes,-83.007019,22.79157,GBIF,4022150583,CU,Pinar del Río,,COORDINATE_ROUNDED;CONTINENT_DERIVED_FROM_COORDINATES;TAXON_ID_NOT_FOUND,50c9509d-22c7-4a22-a47d-8c48425ef4a7,HUMAN_OBSERVATION,http://creativecommons.org/licenses/by-nc/4.0/legalcode,https://www.gbif.org/occurrence/4022150583,
Scytodes longipes,122.049458,10.787503,GBIF,4029129332,PH,Antique,16.0,COORDINATE_ROUNDED;CONTINENT_DERIVED_FROM_COORDINATES;TAXON_ID_NOT_FOUND,50c9509d-22c7-4a22-a47d-8c48425ef4a7,HUMAN_OBSERVATION,http://creativecommons.org/licenses/by-nc/4.0/legalcode,https://www.gbif.org/occurrence/4029129332,
Scytodes longipes,-73.101775,7.05087,GBIF,3802314558,CO,Santander,9.0,COORDINATE_ROUNDED;CONTINENT_DERIVED_FROM_COORDINATES;TAXON_ID_NOT_FOUND,50c9509d-22c7-4a22-a47d-8c48425ef4a7,HUMAN_OBSERVATION,http://creativecommons.org/licenses/by-nc/4.0/legalcode,https://www.gbif.org/occurrence/3802314558,
Scytodes longipes,-75.657703,4.67472,GBIF,3888873180,CO,Quindío,1195.0,COORDINATE_ROUNDED;CONTINENT_DERIVED_FROM_COORDINATES;TAXON_ID_NOT_FOUND,50c9509d-22c7-4a22-a47d-8c48425ef4a7,HUMAN_OBSERVATION,http://creativecommons.org/licenses/by-nc/4.0/legalcode,https://www.gbif.org/occurrence/3888873180,
Scytodes longipes,-156.393919,20.91345,GBIF,4153789358,US,Hawaii,,COORDINATE_ROUNDED;CONTINENT_DERIVED_FROM_COORDINATES;TAXON_ID_NOT_FOUND,50c9509d-22c7-4a22-a47d-8c48425ef4a7,HUMAN_OBSERVATION,http://creativecommons.org/licenses/by-nc/4.0/legalcode,https://www.gbif.org/occurrence/4153789358,
Scytodes longipes,-74.386429,4.407095,GBIF,4165410382,CO,Cundinamarca,,COORDINATE_ROUNDED;CONTINENT_DERIVED_FROM_COORDINATES;TAXON_ID_NOT_FOUND,50c9509d-22c7-4a22-a47d-8c48425ef4a7,HUMAN_OBSERVATION,http://creativecommons.org/licenses/by-nc/4.0/legalcode,https://www.gbif.org/occurrence/4165410382,
Scytodes longipes,-162.077023,5.87448,GBIF,3902619997,UM,Palmyra,45.0,COORDINATE_ROUNDED;CONTINENT_DERIVED_FROM_COORDINATES;TAXON_ID_NOT_FOUND,50c9509d-22c7-4a22-a47d-8c48425ef4a7,HUMAN_OBSERVATION,http://creativecommons.org/licenses/by-nc/4.0/legalcode,https://www.gbif.org/occurrence/3902619997,
Scytodes longipes,-98.168307,19.0413,GBIF,3335091285,MX,Puebla,,COORDINATE_ROUNDED;CONTINENT_DERIVED_FROM_COORDINATES;TAXON_ID_NOT_FOUND,50c9509d-22c7-4a22-a47d-8c48425ef4a7,HUMAN_OBSERVATION,http://creativecommons.org/licenses/by-nc/4.0/legalcode,https://www.gbif.org/occurrence/3335091285,
Scytodes longipes,-162.092126,5.890361,GBIF,3902101136,UM,Palmyra,52.0,COORDINATE_ROUNDED;CONTINENT_DERIVED_FROM_COORDINATES;TAXON_ID_NOT_FOUND,50c9509d-22c7-4a22-a47d-8c48425ef4a7,HUMAN_OBSERVATION,http://creativecommons.org/licenses/by-nc/4.0/legalcode,https://www.gbif.org/occurrence/3902101136,
Scytodes longipes,110.450682,-7.641636,GBIF,4067209514,ID,Yogyakarta,,COORDINATE_ROUNDED;CONTINENT_DERIVED_FROM_COORDINATES;TAXON_ID_NOT_FOUND,50c9509d-22c7-4a22-a47d-8c48425ef4a7,HUMAN_OBSERVATION,http://creativecommons.org/licenses/by-nc/4.0/legalcode,https://www.gbif.org/occurrence/4067209514,
Scytodes longipes,-83.395299,22.662781,GBIF,3456375301,CU,Pinar del Río,756.0,COORDINATE_ROUNDED;CONTINENT_DERIVED_FROM_COORDINATES;TAXON_ID_NOT_FOUND,50c9509d-22c7-4a22-a47d-8c48425ef4a7,HUMAN_OBSERVATION,http://creativecommons.org/licenses/by-nc/4.0/legalcode,https://www.gbif.org/occurrence/3456375301,
Scytodes longipes,110.297033,-7.735565,GBIF,2813926906,ID,Yogyakarta,122.0,COORDINATE_ROUNDED;CONTINENT_DERIVED_FROM_COORDINATES;TAXON_ID_NOT_FOUND,50c9509d-22c7-4a22-a47d-8c48425ef4a7,HUMAN_OBSERVATION,http://creativecommons.org/licenses/by-nc/4.0/legalcode,https://www.gbif.org/occurrence/2813926906,
Scytodes longipes,110.540497,-7.841174,GBIF,4976662978,ID,Yogyakarta,325.0,COORDINATE_ROUNDED;CONTINENT_DERIVED_FROM_COORDINATES;TAXON_ID_NOT_FOUND,50c9509d-22c7-4a22-a47d-8c48425ef4a7,HUMAN_OBSERVATION,http://creativecommons.org/licenses/by-nc/4.0/legalcode,https://www.gbif.org/occurrence/4976662978,
Scytodes longipes,-87.000943,14.006967,GBIF,3327787377,HN,Francisco Morazán,4.0,COORDINATE_ROUNDED;CONTINENT_DERIVED_FROM_COORDINATES;TAXON_ID_NOT_FOUND,50c9509d-22c7-4a22-a47d-8c48425ef4a7,HUMAN_OBSERVATION,http://creativecommons.org/licenses/by-nc/4.0/legalcode,https://www.gbif.org/occurrence/3327787377,
Scytodes longipes,-99.114575,19.316347,GBIF,3399114511,MX,Distrito Federal,,COORDINATE_ROUNDED;CONTINENT_DERIVED_FROM_COORDINATES;TAXON_ID_NOT_FOUND,50c9509d-22c7-4a22-a47d-8c48425ef4a7,HUMAN_OBSERVATION,http://creativecommons.org/licenses/by-nc/4.0/legalcode,https://www.gbif.org/occurrence/3399114511,
Scytodes longipes,-77.815666,-0.994048,GBIF,2242786136,EC,Napo,,COORDINATE_ROUNDED;CONTINENT_DERIVED_FROM_COORDINATES;TAXON_ID_NOT_FOUND,50c9509d-22c7-4a22-a47d-8c48425ef4a7,HUMAN_OBSERVATION,http://creativecommons.org/licenses/by-nc/4.0/legalcode,https://www.gbif.org/occurrence/2242786136,
Scytodes longipes,-75.130613,19.922345,GBIF,2397555865,CU,Guantánamo,4.0,COORDINATE_ROUNDED;CONTINENT_DERIVED_FROM_COORDINATES;TAXON_ID_NOT_FOUND,50c9509d-22c7-4a22-a47d-8c48425ef4a7,HUMAN_OBSERVATION,http://creativecommons.org/licenses/by-nc/4.0/legalcode,https://www.gbif.org/occurrence/2397555865,
Scytodes longipes,-82.042144,23.016956,GBIF,4028809768,CU,Mayabeque,1323.0,COORDINATE_ROUNDED;CONTINENT_DERIVED_FROM_COORDINATES;TAXON_ID_NOT_FOUND,50c9509d-22c7-4a22-a47d-8c48425ef4a7,HUMAN_OBSERVATION,http://creativecommons.org/licenses/by-nc/4.0/legalcode,https://www.gbif.org/occurrence/4028809768,
Scytodes longipes,167.93373,-21.46372,GBIF,4148399672,NC,,,FOOTPRINT_WKT_MISMATCH;COUNTRY_MISMATCH;CONTINENT_DERIVED_FROM_COORDINATES;TAXON_ID_NOT_FOUND,54facf62-bf0c-43e7-9972-4fdc407fa6c5,HUMAN_OBSERVATION,http://creativecommons.org/licenses/by/4.0/legalcode,https://www.gbif.org/occurrence/4148399672,
Scytodes longipes,-155.973101,19.611846,GBIF,4028677323,US,Hawaii,4.0,COORDINATE_ROUNDED;CONTINENT_DERIVED_FROM_COORDINATES;TAXON_ID_NOT_FOUND,50c9509d-22c7-4a22-a47d-8c48425ef4a7,HUMAN_OBSERVATION,http://creativecommons.org/publicdomain/zero/1.0/legalcode,https://www.gbif.org/occurrence/4028677323,
Scytodes longipes,-71.923515,-13.502845,GBIF,2632932294,PE,Cuzco Department,,GEODETIC_DATUM_ASSUMED_WGS84;CONTINENT_DERIVED_FROM_COORDINATES;TAXON_CONCEPT_ID_NOT_FOUND;TAXON_ID_NOT_FOUND;INSTITUTION_MATCH_NONE,040c5662-da76-4782-a48e-cdea1892d14c,MATERIAL_SAMPLE,http://creativecommons.org/licenses/by/4.0/legalcode,https://www.gbif.org/occurrence/2632932294,
Scytodes longipes,-100.777947,20.899875,GBIF,1586938819,MX,Guanajuato,,COORDINATE_ROUNDED;CONTINENT_DERIVED_FROM_COORDINATES;TAXON_ID_NOT_FOUND,50c9509d-22c7-4a22-a47d-8c48425ef4a7,HUMAN_OBSERVATION,http://creativecommons.org/licenses/by-nc/4.0/legalcode,https://www.gbif.org/occurrence/1586938819,
Scytodes longipes,-100.777947,20.899875,GBIF,1586938892,MX,Guanajuato,,COORDINATE_ROUNDED;CONTINENT_DERIVED_FROM_COORDINATES;TAXON_ID_NOT_FOUND,50c9509d-22c7-4a22-a47d-8c48425ef4a7,HUMAN_OBSERVATION,http://creativecommons.org/licenses/by-nc/4.0/legalcode,https://www.gbif.org/occurrence/1586938892,
Scytodes longipes,-90.316391,-0.740278,GBIF,1640084696,EC,Galápagos,,COORDINATE_ROUNDED;CONTINENT_DERIVED_FROM_COORDINATES;TAXON_ID_NOT_FOUND,50c9509d-22c7-4a22-a47d-8c48425ef4a7,HUMAN_OBSERVATION,http://creativecommons.org/licenses/by-nc/4.0/legalcode,https://www.gbif.org/occurrence/1640084696,
Scytodes longipes,-60.929372,-2.633468,GBIF,5827454162,BR,Amazonas,408.0,COORDINATE_ROUNDED;CONTINENT_DERIVED_FROM_COORDINATES;TAXON_ID_NOT_FOUND,50c9509d-22c7-4a22-a47d-8c48425ef4a7,HUMAN_OBSERVATION,http://creativecommons.org/licenses/by-nc/4.0/legalcode,https://www.gbif.org/occurrence/5827454162,
Scytodes longipes,-99.093053,19.80393,GBIF,1098915459,MX,México,4492.0,CONTINENT_DERIVED_FROM_COORDINATES;TAXON_ID_NOT_FOUND,50c9509d-22c7-4a22-a47d-8c48425ef4a7,HUMAN_OBSERVATION,http://creativecommons.org/licenses/by-nc/4.0/legalcode,https://www.gbif.org/occurrence/1098915459,
Scytodes longipes,-99.093053,19.80393,GBIF,1099964980,MX,México,4492.0,CONTINENT_DERIVED_FROM_COORDINATES;TAXON_ID_NOT_FOUND,50c9509d-22c7-4a22-a47d-8c48425ef4a7,HUMAN_OBSERVATION,http://creativecommons.org/licenses/by-nc/4.0/legalcode,https://www.gbif.org/occurrence/1099964980,
Scytodes longipes,144.76954,13.314035,GBIF,4946265521,GU,Guam,,CONTINENT_DERIVED_FROM_COORDINATES;TAXON_ID_NOT_FOUND,50c9509d-22c7-4a22-a47d-8c48425ef4a7,HUMAN_OBSERVATION,http://creativecommons.org/licenses/by-nc/4.0/legalcode,https://www.gbif.org/occurrence/4946265521,
Scytodes longipes,-158.04,21.6748,GBIF,1414114093,US,Hawaii,,GEODETIC_DATUM_ASSUMED_WGS84;CONTINENT_DERIVED_FROM_COORDINATES;TAXON_CONCEPT_ID_NOT_FOUND;TAXON_ID_NOT_FOUND;COLLECTION_MATCH_NONE;INSTITUTION_MATCH_FUZZY,040c5662-da76-4782-a48e-cdea1892d14c,MATERIAL_SAMPLE,http://creativecommons.org/licenses/by/4.0/legalcode,https://www.gbif.org/occurrence/1414114093,
Scytodes longipes,-158.04,21.6748,GBIF,1414114145,US,Hawaii,,GEODETIC_DATUM_ASSUMED_WGS84;CONTINENT_DERIVED_FROM_COORDINATES;TAXON_CONCEPT_ID_NOT_FOUND;TAXON_ID_NOT_FOUND;COLLECTION_MATCH_NONE;INSTITUTION_MATCH_FUZZY,040c5662-da76-4782-a48e-cdea1892d14c,MATERIAL_SAMPLE,http://creativecommons.org/licenses/by/4.0/legalcode,https://www.gbif.org/occurrence/1414114145,
Scytodes longipes,-158.04,21.6748,GBIF,1414114153,US,Hawaii,,GEODETIC_DATUM_ASSUMED_WGS84;CONTINENT_DERIVED_FROM_COORDINATES;TAXON_CONCEPT_ID_NOT_FOUND;TAXON_ID_NOT_FOUND;COLLECTION_MATCH_NONE;INSTITUTION_MATCH_FUZZY,040c5662-da76-4782-a48e-cdea1892d14c,MATERIAL_SAMPLE,http://creativecommons.org/licenses/by/4.0/legalcode,https://www.gbif.org/occurrence/1414114153,
Scytodes longipes,-86.040327,13.24046,GBIF,1300060769,NI,Jinotega,,GEODETIC_DATUM_ASSUMED_WGS84;TAXON_ID_NOT_FOUND;IDENTIFIED_DATE_INVALID;OCCURRENCE_STATUS_INFERRED_FROM_INDIVIDUAL_COUNT;COLLECTION_MATCH_NONE;INSTITUTION_MATCH_FUZZY,9e02f8f5-ae2f-49b9-b896-ffb0260a284c,PRESERVED_SPECIMEN,http://creativecommons.org/licenses/by-nc/4.0/legalcode,https://www.gbif.org/occurrence/1300060769,
Scytodes longipes,-85.910801,13.000261,GBIF,1449746525,NI,Matagalpa,,GEODETIC_DATUM_ASSUMED_WGS84;TAXON_ID_NOT_FOUND;IDENTIFIED_DATE_INVALID;OCCURRENCE_STATUS_INFERRED_FROM_INDIVIDUAL_COUNT;COLLECTION_MATCH_NONE;INSTITUTION_MATCH_FUZZY,9e02f8f5-ae2f-49b9-b896-ffb0260a284c,PRESERVED_SPECIMEN,http://creativecommons.org/licenses/by-nc/4.0/legalcode,https://www.gbif.org/occurrence/1449746525,
Scytodes longipes,-83.7016,22.6571,GBIF,6191100685,CU,,,GEODETIC_DATUM_ASSUMED_WGS84;CONTINENT_DERIVED_FROM_COORDINATES;TAXON_CONCEPT_ID_NOT_FOUND;TAXON_ID_NOT_FOUND,d8cd16ba-bb74-4420-821e-083f2bac17c2,PRESERVED_SPECIMEN,http://creativecommons.org/licenses/by/4.0/legalcode,https://www.gbif.org/occurrence/6191100685,
Scytodes longipes,-85.953633,11.708883,GBIF,1449746723,NI,Granada,,GEODETIC_DATUM_ASSUMED_WGS84;TAXON_ID_NOT_FOUND;IDENTIFIED_DATE_INVALID;OCCURRENCE_STATUS_INFERRED_FROM_INDIVIDUAL_COUNT;COLLECTION_MATCH_NONE;INSTITUTION_MATCH_FUZZY,9e02f8f5-ae2f-49b9-b896-ffb0260a284c,PRESERVED_SPECIMEN,http://creativecommons.org/licenses/by-nc/4.0/legalcode,https://www.gbif.org/occurrence/1449746723,
Scytodes longipes,-85.953633,11.708883,GBIF,1449746727,NI,Granada,,GEODETIC_DATUM_ASSUMED_WGS84;TAXON_ID_NOT_FOUND;IDENTIFIED_DATE_INVALID;OCCURRENCE_STATUS_INFERRED_FROM_INDIVIDUAL_COUNT;COLLECTION_MATCH_NONE;INSTITUTION_MATCH_FUZZY,9e02f8f5-ae2f-49b9-b896-ffb0260a284c,PRESERVED_SPECIMEN,http://creativecommons.org/licenses/by-nc/4.0/legalcode,https://www.gbif.org/occurrence/1449746727,
Scytodes longipes,-85.953633,11.708883,GBIF,1449746737,NI,Granada,,GEODETIC_DATUM_ASSUMED_WGS84;TAXON_ID_NOT_FOUND;IDENTIFIED_DATE_INVALID;OCCURRENCE_STATUS_INFERRED_FROM_INDIVIDUAL_COUNT;COLLECTION_MATCH_NONE;INSTITUTION_MATCH_FUZZY,9e02f8f5-ae2f-49b9-b896-ffb0260a284c,PRESERVED_SPECIMEN,http://creativecommons.org/licenses/by-nc/4.0/legalcode,https://www.gbif.org/occurrence/1449746737,
Scytodes longipes,-85.953633,11.708883,GBIF,1449746762,NI,Granada,,GEODETIC_DATUM_ASSUMED_WGS84;TAXON_ID_NOT_FOUND;IDENTIFIED_DATE_INVALID;OCCURRENCE_STATUS_INFERRED_FROM_INDIVIDUAL_COUNT;COLLECTION_MATCH_NONE;INSTITUTION_MATCH_FUZZY,9e02f8f5-ae2f-49b9-b896-ffb0260a284c,PRESERVED_SPECIMEN,http://creativecommons.org/licenses/by-nc/4.0/legalcode,https://www.gbif.org/occurrence/1449746762,
Scytodes longipes,-85.953633,11.708883,GBIF,1449746790,NI,Granada,,GEODETIC_DATUM_ASSUMED_WGS84;TAXON_ID_NOT_FOUND;IDENTIFIED_DATE_INVALID;OCCURRENCE_STATUS_INFERRED_FROM_INDIVIDUAL_COUNT;COLLECTION_MATCH_NONE;INSTITUTION_MATCH_FUZZY,9e02f8f5-ae2f-49b9-b896-ffb0260a284c,PRESERVED_SPECIMEN,http://creativecommons.org/licenses/by-nc/4.0/legalcode,https://www.gbif.org/occurrence/1449746790,
Scytodes longipes,-85.953633,11.708883,GBIF,1449746799,NI,Granada,,GEODETIC_DATUM_ASSUMED_WGS84;TAXON_ID_NOT_FOUND;IDENTIFIED_DATE_INVALID;OCCURRENCE_STATUS_INFERRED_FROM_INDIVIDUAL_COUNT;COLLECTION_MATCH_NONE;INSTITUTION_MATCH_FUZZY,9e02f8f5-ae2f-49b9-b896-ffb0260a284c,PRESERVED_SPECIMEN,http://creativecommons.org/licenses/by-nc/4.0/legalcode,https://www.gbif.org/occurrence/1449746799,
Scytodes longipes,-90.82436,16.68758,GBIF,4169179867,MX,Chiapas,90.0,RECORDED_DATE_INVALID;SCIENTIFIC_NAME_ID_NOT_FOUND;TAXON_ID_NOT_FOUND;OCCURRENCE_STATUS_INFERRED_FROM_INDIVIDUAL_COUNT,03b8dac0-be98-4f71-9440-76c406cbf2c1,PRESERVED_SPECIMEN,http://creativecommons.org/licenses/by/4.0/legalcode,https://www.gbif.org/occurrence/4169179867,
Scytodes longipes,-90.82436,16.68758,GBIF,4169218031,MX,Chiapas,90.0,SCIENTIFIC_NAME_ID_NOT_FOUND;TAXON_ID_NOT_FOUND;OCCURRENCE_STATUS_INFERRED_FROM_INDIVIDUAL_COUNT,03b8dac0-be98-4f71-9440-76c406cbf2c1,PRESERVED_SPECIMEN,http://creativecommons.org/licenses/by/4.0/legalcode,https://www.gbif.org/occurrence/4169218031,
Scytodes longipes,-90.82436,16.68758,GBIF,4169223440,MX,Chiapas,90.0,RECORDED_DATE_INVALID;SCIENTIFIC_NAME_ID_NOT_FOUND;TAXON_ID_NOT_FOUND;OCCURRENCE_STATUS_INFERRED_FROM_INDIVIDUAL_COUNT,03b8dac0-be98-4f71-9440-76c406cbf2c1,PRESERVED_SPECIMEN,http://creativecommons.org/licenses/by/4.0/legalcode,https://www.gbif.org/occurrence/4169223440,
Scytodes longipes,-99.13,19.39,GBIF,46448718,MX,Distrito Federal,,GEODETIC_DATUM_ASSUMED_WGS84;CONTINENT_DERIVED_FROM_COORDINATES;IDENTIFIED_DATE_INVALID;BASIS_OF_RECORD_INVALID,8514f100-f762-11e1-a439-00145eb45e9a,OCCURRENCE,http://creativecommons.org/licenses/by-nc/4.0/legalcode,https://www.gbif.org/occurrence/46448718,
Scytodes longipes,-99.07,19.35,GBIF,46448721,MX,Distrito Federal,,GEODETIC_DATUM_ASSUMED_WGS84;CONTINENT_DERIVED_FROM_COORDINATES;IDENTIFIED_DATE_INVALID;BASIS_OF_RECORD_INVALID,8514f100-f762-11e1-a439-00145eb45e9a,OCCURRENCE,http://creativecommons.org/licenses/by-nc/4.0/legalcode,https://www.gbif.org/occurrence/46448721,
Scytodes longipes,-99.13,19.39,GBIF,4169090498,MX,Ciudad de mexico,80.0,SCIENTIFIC_NAME_ID_NOT_FOUND;TAXON_ID_NOT_FOUND;OCCURRENCE_STATUS_INFERRED_FROM_INDIVIDUAL_COUNT,03b8dac0-be98-4f71-9440-76c406cbf2c1,PRESERVED_SPECIMEN,http://creativecommons.org/licenses/by/4.0/legalcode,https://www.gbif.org/occurrence/4169090498,
Scytodes longipes,-99.207236,19.401837,GBIF,4169209348,MX,Ciudad de mexico,55.15,COORDINATE_ROUNDED;SCIENTIFIC_NAME_ID_NOT_FOUND;TAXON_ID_NOT_FOUND;OCCURRENCE_STATUS_INFERRED_FROM_INDIVIDUAL_COUNT,03b8dac0-be98-4f71-9440-76c406cbf2c1,PRESERVED_SPECIMEN,http://creativecommons.org/licenses/by/4.0/legalcode,https://www.gbif.org/occurrence/4169209348,
Scytodes longipes,-99.07,19.35,GBIF,46448722,MX,Distrito Federal,,GEODETIC_DATUM_ASSUMED_WGS84;CONTINENT_DERIVED_FROM_COORDINATES;IDENTIFIED_DATE_INVALID;BASIS_OF_RECORD_INVALID,8514f100-f762-11e1-a439-00145eb45e9a,OCCURRENCE,http://creativecommons.org/licenses/by-nc/4.0/legalcode,https://www.gbif.org/occurrence/46448722,
Scytodes longipes,-99.14,19.48,GBIF,46448744,MX,Distrito Federal,,GEODETIC_DATUM_ASSUMED_WGS84;CONTINENT_DERIVED_FROM_COORDINATES;IDENTIFIED_DATE_INVALID;BASIS_OF_RECORD_INVALID,8514f100-f762-11e1-a439-00145eb45e9a,OCCURRENCE,http://creativecommons.org/licenses/by-nc/4.0/legalcode,https://www.gbif.org/occurrence/46448744,
Scytodes longipes,-99.07,19.35,GBIF,46448756,MX,Distrito Federal,,GEODETIC_DATUM_ASSUMED_WGS84;CONTINENT_DERIVED_FROM_COORDINATES;IDENTIFIED_DATE_INVALID;BASIS_OF_RECORD_INVALID,8514f100-f762-11e1-a439-00145eb45e9a,OCCURRENCE,http://creativecommons.org/licenses/by-nc/4.0/legalcode,https://www.gbif.org/occurrence/46448756,
Scytodes longipes,-99.07,19.35,GBIF,46448757,MX,Distrito Federal,,GEODETIC_DATUM_ASSUMED_WGS84;CONTINENT_DERIVED_FROM_COORDINATES;IDENTIFIED_DATE_INVALID;BASIS_OF_RECORD_INVALID,8514f100-f762-11e1-a439-00145eb45e9a,OCCURRENCE,http://creativecommons.org/licenses/by-nc/4.0/legalcode,https://www.gbif.org/occurrence/46448757,
Scytodes longipes,-99.207236,19.401837,GBIF,4169065978,MX,Ciudad de mexico,55.15,COORDINATE_ROUNDED;RECORDED_DATE_INVALID;SCIENTIFIC_NAME_ID_NOT_FOUND;TAXON_ID_NOT_FOUND;OCCURRENCE_STATUS_INFERRED_FROM_INDIVIDUAL_COUNT,03b8dac0-be98-4f71-9440-76c406cbf2c1,PRESERVED_SPECIMEN,http://creativecommons.org/licenses/by/4.0/legalcode,https://www.gbif.org/occurrence/4169065978,
Scytodes longipes,-99.14,19.48,GBIF,4169183722,MX,Ciudad de mexico,80.0,SCIENTIFIC_NAME_ID_NOT_FOUND;TAXON_ID_NOT_FOUND;OCCURRENCE_STATUS_INFERRED_FROM_INDIVIDUAL_COUNT,03b8dac0-be98-4f71-9440-76c406cbf2c1,PRESERVED_SPECIMEN,http://creativecommons.org/licenses/by/4.0/legalcode,https://www.gbif.org/occurrence/4169183722,
Scytodes longipes,-99.207236,19.401837,GBIF,4169208118,MX,Ciudad de mexico,55.15,COORDINATE_ROUNDED;RECORDED_DATE_INVALID;SCIENTIFIC_NAME_ID_NOT_FOUND;TAXON_ID_NOT_FOUND;OCCURRENCE_STATUS_INFERRED_FROM_INDIVIDUAL_COUNT,03b8dac0-be98-4f71-9440-76c406cbf2c1,PRESERVED_SPECIMEN,http://creativecommons.org/licenses/by/4.0/legalcode,https://www.gbif.org/occurrence/4169208118,
Scytodes longipes,-99.207236,19.401837,GBIF,4169219367,MX,Ciudad de mexico,55.15,COORDINATE_ROUNDED;RECORDED_DATE_INVALID;SCIENTIFIC_NAME_ID_NOT_FOUND;TAXON_ID_NOT_FOUND;OCCURRENCE_STATUS_INFERRED_FROM_INDIVIDUAL_COUNT,03b8dac0-be98-4f71-9440-76c406cbf2c1,PRESERVED_SPECIMEN,http://creativecommons.org/licenses/by/4.0/legalcode,https://www.gbif.org/occurrence/4169219367,
Scytodes longipes,0.0,0.0,GBIF,46448751,MX,Mexico,,ZERO_COORDINATE;GEODETIC_DATUM_ASSUMED_WGS84;COUNTRY_COORDINATE_MISMATCH;IDENTIFIED_DATE_INVALID;BASIS_OF_RECORD_INVALID,8514f100-f762-11e1-a439-00145eb45e9a,OCCURRENCE,http://creativecommons.org/licenses/by-nc/4.0/legalcode,https://www.gbif.org/occurrence/46448751,zero_zero
Scytodes longipes,-99.07,19.35,GBIF,46448717,MX,Distrito Federal,,GEODETIC_DATUM_ASSUMED_WGS84;CONTINENT_DERIVED_FROM_COORDINATES;IDENTIFIED_DATE_INVALID;BASIS_OF_RECORD_INVALID,8514f100-f762-11e1-a439-00145eb45e9a,OCCURRENCE,http://creativecommons.org/licenses/by-nc/4.0/legalcode,https://www.gbif.org/occurrence/46448717,
Scytodes longipes,-99.14,19.48,GBIF,46448729,MX,Distrito Federal,,GEODETIC_DATUM_ASSUMED_WGS84;CONTINENT_DERIVED_FROM_COORDINATES;IDENTIFIED_DATE_INVALID;BASIS_OF_RECORD_INVALID,8514f100-f762-11e1-a439-00145eb45e9a,OCCURRENCE,http://creativecommons.org/licenses/by-nc/4.0/legalcode,https://www.gbif.org/occurrence/46448729,
Scytodes longipes,-99.14,19.48,GBIF,46448755,MX,Distrito Federal,,GEODETIC_DATUM_ASSUMED_WGS84;CONTINENT_DERIVED_FROM_COORDINATES;IDENTIFIED_DATE_INVALID;BASIS_OF_RECORD_INVALID,8514f100-f762-11e1-a439-00145eb45e9a,OCCURRENCE,http://creativecommons.org/licenses/by-nc/4.0/legalcode,https://www.gbif.org/occurrence/46448755,
Scytodes longipes,-99.14,19.48,GBIF,46448771,MX,Distrito Federal,,GEODETIC_DATUM_ASSUMED_WGS84;CONTINENT_DERIVED_FROM_COORDINATES;IDENTIFIED_DATE_INVALID;BASIS_OF_RECORD_INVALID,8514f100-f762-11e1-a439-00145eb45e9a,OCCURRENCE,http://creativecommons.org/licenses/by-nc/4.0/legalcode,https://www.gbif.org/occurrence/46448771,
Scytodes longipes,-99.14,19.48,GBIF,4169051830,MX,Ciudad de mexico,80.0,RECORDED_DATE_INVALID;SCIENTIFIC_NAME_ID_NOT_FOUND;TAXON_ID_NOT_FOUND;OCCURRENCE_STATUS_INFERRED_FROM_INDIVIDUAL_COUNT,03b8dac0-be98-4f71-9440-76c406cbf2c1,PRESERVED_SPECIMEN,http://creativecommons.org/licenses/by/4.0/legalcode,https://www.gbif.org/occurrence/4169051830,
Scytodes longipes,-99.14,19.48,GBIF,4169104097,MX,Ciudad de mexico,80.0,SCIENTIFIC_NAME_ID_NOT_FOUND;TAXON_ID_NOT_FOUND;OCCURRENCE_STATUS_INFERRED_FROM_INDIVIDUAL_COUNT,03b8dac0-be98-4f71-9440-76c406cbf2c1,PRESERVED_SPECIMEN,http://creativecommons.org/licenses/by/4.0/legalcode,https://www.gbif.org/occurrence/4169104097,
Scytodes longipes,-99.207236,19.401837,GBIF,4169115451,MX,Ciudad de mexico,55.15,COORDINATE_ROUNDED;SCIENTIFIC_NAME_ID_NOT_FOUND;TAXON_ID_NOT_FOUND;OCCURRENCE_STATUS_INFERRED_FROM_INDIVIDUAL_COUNT,03b8dac0-be98-4f71-9440-76c406cbf2c1,PRESERVED_SPECIMEN,http://creativecommons.org/licenses/by/4.0/legalcode,https://www.gbif.org/occurrence/4169115451,
Scytodes longipes,-99.14,19.48,GBIF,4169197611,MX,Ciudad de mexico,80.0,SCIENTIFIC_NAME_ID_NOT_FOUND;TAXON_ID_NOT_FOUND;OCCURRENCE_STATUS_INFERRED_FROM_INDIVIDUAL_COUNT,03b8dac0-be98-4f71-9440-76c406cbf2c1,PRESERVED_SPECIMEN,http://creativecommons.org/licenses/by/4.0/legalcode,https://www.gbif.org/occurrence/4169197611,
Scytodes longipes,-99.07,19.35,GBIF,46448750,MX,Distrito Federal,,GEODETIC_DATUM_ASSUMED_WGS84;CONTINENT_DERIVED_FROM_COORDINATES;IDENTIFIED_DATE_INVALID;BASIS_OF_RECORD_INVALID,8514f100-f762-11e1-a439-00145eb45e9a,OCCURRENCE,http://creativecommons.org/licenses/by-nc/4.0/legalcode,https://www.gbif.org/occurrence/46448750,
Scytodes longipes,-99.14,19.41,GBIF,46448753,MX,Distrito Federal,,GEODETIC_DATUM_ASSUMED_WGS84;CONTINENT_DERIVED_FROM_COORDINATES;IDENTIFIED_DATE_INVALID;BASIS_OF_RECORD_INVALID,8514f100-f762-11e1-a439-00145eb45e9a,OCCURRENCE,http://creativecommons.org/licenses/by-nc/4.0/legalcode,https://www.gbif.org/occurrence/46448753,
Scytodes longipes,-99.15,19.33,GBIF,46448754,MX,Distrito Federal,,GEODETIC_DATUM_ASSUMED_WGS84;CONTINENT_DERIVED_FROM_COORDINATES;IDENTIFIED_DATE_INVALID;BASIS_OF_RECORD_INVALID,8514f100-f762-11e1-a439-00145eb45e9a,OCCURRENCE,http://creativecommons.org/licenses/by-nc/4.0/legalcode,https://www.gbif.org/occurrence/46448754,
Scytodes longipes,-99.07,19.35,GBIF,46448766,MX,Distrito Federal,,GEODETIC_DATUM_ASSUMED_WGS84;CONTINENT_DERIVED_FROM_COORDINATES;IDENTIFIED_DATE_INVALID;BASIS_OF_RECORD_INVALID,8514f100-f762-11e1-a439-00145eb45e9a,OCCURRENCE,http://creativecommons.org/licenses/by-nc/4.0/legalcode,https://www.gbif.org/occurrence/46448766,
Scytodes longipes,-99.14,19.41,GBIF,4169181802,MX,Ciudad de mexico,80.0,SCIENTIFIC_NAME_ID_NOT_FOUND;TAXON_ID_NOT_FOUND;OCCURRENCE_STATUS_INFERRED_FROM_INDIVIDUAL_COUNT,03b8dac0-be98-4f71-9440-76c406cbf2c1,PRESERVED_SPECIMEN,http://creativecommons.org/licenses/by/4.0/legalcode,https://www.gbif.org/occurrence/4169181802,
Scytodes longipes,-99.15,19.33,GBIF,4169189500,MX,Ciudad de mexico,80.0,RECORDED_DATE_INVALID;SCIENTIFIC_NAME_ID_NOT_FOUND;TAXON_ID_NOT_FOUND;OCCURRENCE_STATUS_INFERRED_FROM_INDIVIDUAL_COUNT,03b8dac0-be98-4f71-9440-76c406cbf2c1,PRESERVED_SPECIMEN,http://creativecommons.org/licenses/by/4.0/legalcode,https://www.gbif.org/occurrence/4169189500,
Scytodes longipes,-99.207236,19.401837,GBIF,4169195877,MX,Ciudad de mexico,55.15,COORDINATE_ROUNDED;SCIENTIFIC_NAME_ID_NOT_FOUND;TAXON_ID_NOT_FOUND;OCCURRENCE_STATUS_INFERRED_FROM_INDIVIDUAL_COUNT,03b8dac0-be98-4f71-9440-76c406cbf2c1,PRESERVED_SPECIMEN,http://creativecommons.org/licenses/by/4.0/legalcode,https://www.gbif.org/occurrence/4169195877,
Scytodes longipes,-99.207236,19.401837,GBIF,4169217767,MX,Ciudad de mexico,55.15,COORDINATE_ROUNDED;RECORDED_DATE_INVALID;SCIENTIFIC_NAME_ID_NOT_FOUND;TAXON_ID_NOT_FOUND;OCCURRENCE_STATUS_INFERRED_FROM_INDIVIDUAL_COUNT,03b8dac0-be98-4f71-9440-76c406cbf2c1,PRESERVED_SPECIMEN,http://creativecommons.org/licenses/by/4.0/legalcode,https://www.gbif.org/occurrence/4169217767,
Scytodes longipes,-99.14,19.48,GBIF,46448732,MX,Distrito Federal,,GEODETIC_DATUM_ASSUMED_WGS84;CONTINENT_DERIVED_FROM_COORDINATES;IDENTIFIED_DATE_INVALID;BASIS_OF_RECORD_INVALID,8514f100-f762-11e1-a439-00145eb45e9a,OCCURRENCE,http://creativecommons.org/licenses/by-nc/4.0/legalcode,https://www.gbif.org/occurrence/46448732,
Scytodes longipes,-99.14,19.48,GBIF,46448746,MX,Distrito Federal,,GEODETIC_DATUM_ASSUMED_WGS84;CONTINENT_DERIVED_FROM_COORDINATES;IDENTIFIED_DATE_INVALID;BASIS_OF_RECORD_INVALID,8514f100-f762-11e1-a439-00145eb45e9a,OCCURRENCE,http://creativecommons.org/licenses/by-nc/4.0/legalcode,https://www.gbif.org/occurrence/46448746,
Scytodes longipes,-99.14,19.48,GBIF,46448768,MX,Distrito Federal,,GEODETIC_DATUM_ASSUMED_WGS84;CONTINENT_DERIVED_FROM_COORDINATES;IDENTIFIED_DATE_INVALID;BASIS_OF_RECORD_INVALID,8514f100-f762-11e1-a439-00145eb45e9a,OCCURRENCE,http://creativecommons.org/licenses/by-nc/4.0/legalcode,https://www.gbif.org/occurrence/46448768,
Scytodes longipes,-99.14,19.48,GBIF,4169173819,MX,Ciudad de mexico,80.0,RECORDED_DATE_INVALID;SCIENTIFIC_NAME_ID_NOT_FOUND;TAXON_ID_NOT_FOUND;OCCURRENCE_STATUS_INFERRED_FROM_INDIVIDUAL_COUNT,03b8dac0-be98-4f71-9440-76c406cbf2c1,PRESERVED_SPECIMEN,http://creativecommons.org/licenses/by/4.0/legalcode,https://www.gbif.org/occurrence/4169173819,
Scytodes longipes,-99.14,19.48,GBIF,4169198034,MX,Ciudad de mexico,80.0,RECORDED_DATE_INVALID;SCIENTIFIC_NAME_ID_NOT_FOUND;TAXON_ID_NOT_FOUND;OCCURRENCE_STATUS_INFERRED_FROM_INDIVIDUAL_COUNT,03b8dac0-be98-4f71-9440-76c406cbf2c1,PRESERVED_SPECIMEN,http://creativecommons.org/licenses/by/4.0/legalcode,https://www.gbif.org/occurrence/4169198034,
Scytodes longipes,-99.14,19.48,GBIF,4169225723,MX,Ciudad de mexico,80.0,RECORDED_DATE_INVALID;SCIENTIFIC_NAME_ID_NOT_FOUND;TAXON_ID_NOT_FOUND;OCCURRENCE_STATUS_INFERRED_FROM_INDIVIDUAL_COUNT,03b8dac0-be98-4f71-9440-76c406cbf2c1,PRESERVED_SPECIMEN,http://creativecommons.org/licenses/by/4.0/legalcode,https://www.gbif.org/occurrence/4169225723,
Scytodes longipes,-99.07,19.35,GBIF,46448725,MX,Distrito Federal,,GEODETIC_DATUM_ASSUMED_WGS84;CONTINENT_DERIVED_FROM_COORDINATES;IDENTIFIED_DATE_INVALID;BASIS_OF_RECORD_INVALID,8514f100-f762-11e1-a439-00145eb45e9a,OCCURRENCE,http://creativecommons.org/licenses/by-nc/4.0/legalcode,https://www.gbif.org/occurrence/46448725,
Scytodes longipes,-99.14,19.48,GBIF,46448731,MX,Distrito Federal,,GEODETIC_DATUM_ASSUMED_WGS84;CONTINENT_DERIVED_FROM_COORDINATES;IDENTIFIED_DATE_INVALID;BASIS_OF_RECORD_INVALID,8514f100-f762-11e1-a439-00145eb45e9a,OCCURRENCE,http://creativecommons.org/licenses/by-nc/4.0/legalcode,https://www.gbif.org/occurrence/46448731,
Scytodes longipes,-99.14,19.48,GBIF,46448747,MX,Distrito Federal,,GEODETIC_DATUM_ASSUMED_WGS84;CONTINENT_DERIVED_FROM_COORDINATES;IDENTIFIED_DATE_INVALID;BASIS_OF_RECORD_INVALID,8514f100-f762-11e1-a439-00145eb45e9a,OCCURRENCE,http://creativecommons.org/licenses/by-nc/4.0/legalcode,https://www.gbif.org/occurrence/46448747,
Scytodes longipes,-99.14,19.48,GBIF,46448748,MX,Distrito Federal,,GEODETIC_DATUM_ASSUMED_WGS84;CONTINENT_DERIVED_FROM_COORDINATES;IDENTIFIED_DATE_INVALID;BASIS_OF_RECORD_INVALID,8514f100-f762-11e1-a439-00145eb45e9a,OCCURRENCE,http://creativecommons.org/licenses/by-nc/4.0/legalcode,https://www.gbif.org/occurrence/46448748,
Scytodes longipes,-99.07,19.35,GBIF,46448767,MX,Distrito Federal,,GEODETIC_DATUM_ASSUMED_WGS84;CONTINENT_DERIVED_FROM_COORDINATES;IDENTIFIED_DATE_INVALID;BASIS_OF_RECORD_INVALID,8514f100-f762-11e1-a439-00145eb45e9a,OCCURRENCE,http://creativecommons.org/licenses/by-nc/4.0/legalcode,https://www.gbif.org/occurrence/46448767,
Scytodes longipes,-99.207236,19.401837,GBIF,4169078939,MX,Ciudad de mexico,55.15,COORDINATE_ROUNDED;SCIENTIFIC_NAME_ID_NOT_FOUND;TAXON_ID_NOT_FOUND;OCCURRENCE_STATUS_INFERRED_FROM_INDIVIDUAL_COUNT,03b8dac0-be98-4f71-9440-76c406cbf2c1,PRESERVED_SPECIMEN,http://creativecommons.org/licenses/by/4.0/legalcode,https://www.gbif.org/occurrence/4169078939,
Scytodes longipes,-99.207236,19.401837,GBIF,4169104237,MX,Ciudad de mexico,55.15,COORDINATE_ROUNDED;SCIENTIFIC_NAME_ID_NOT_FOUND;TAXON_ID_NOT_FOUND;OCCURRENCE_STATUS_INFERRED_FROM_INDIVIDUAL_COUNT,03b8dac0-be98-4f71-9440-76c406cbf2c1,PRESERVED_SPECIMEN,http://creativecommons.org/licenses/by/4.0/legalcode,https://www.gbif.org/occurrence/4169104237,
Scytodes longipes,-99.14,19.48,GBIF,4169164070,MX,Ciudad de mexico,80.0,SCIENTIFIC_NAME_ID_NOT_FOUND;TAXON_ID_NOT_FOUND;OCCURRENCE_STATUS_INFERRED_FROM_INDIVIDUAL_COUNT,03b8dac0-be98-4f71-9440-76c406cbf2c1,PRESERVED_SPECIMEN,http://creativecommons.org/licenses/by/4.0/legalcode,https://www.gbif.org/occurrence/4169164070,
Scytodes longipes,-99.14,19.48,GBIF,4169182222,MX,Ciudad de mexico,80.0,RECORDED_DATE_INVALID;SCIENTIFIC_NAME_ID_NOT_FOUND;TAXON_ID_NOT_FOUND;OCCURRENCE_STATUS_INFERRED_FROM_INDIVIDUAL_COUNT,03b8dac0-be98-4f71-9440-76c406cbf2c1,PRESERVED_SPECIMEN,http://creativecommons.org/licenses/by/4.0/legalcode,https://www.gbif.org/occurrence/4169182222,
Scytodes longipes,-99.14,19.48,GBIF,4169192078,MX,Ciudad de mexico,80.0,RECORDED_DATE_INVALID;SCIENTIFIC_NAME_ID_NOT_FOUND;TAXON_ID_NOT_FOUND;OCCURRENCE_STATUS_INFERRED_FROM_INDIVIDUAL_COUNT,03b8dac0-be98-4f71-9440-76c406cbf2c1,PRESERVED_SPECIMEN,http://creativecommons.org/licenses/by/4.0/legalcode,https://www.gbif.org/occurrence/4169192078,
Scytodes longipes,-99.14,19.48,GBIF,46448769,MX,Distrito Federal,,GEODETIC_DATUM_ASSUMED_WGS84;CONTINENT_DERIVED_FROM_COORDINATES;IDENTIFIED_DATE_INVALID;BASIS_OF_RECORD_INVALID,8514f100-f762-11e1-a439-00145eb45e9a,OCCURRENCE,http://creativecommons.org/licenses/by-nc/4.0/legalcode,https://www.gbif.org/occurrence/46448769,
Scytodes longipes,-99.14,19.48,GBIF,46448770,MX,Distrito Federal,,GEODETIC_DATUM_ASSUMED_WGS84;CONTINENT_DERIVED_FROM_COORDINATES;IDENTIFIED_DATE_INVALID;BASIS_OF_RECORD_INVALID,8514f100-f762-11e1-a439-00145eb45e9a,OCCURRENCE,http://creativecommons.org/licenses/by-nc/4.0/legalcode,https://www.gbif.org/occurrence/46448770,
Scytodes longipes,-99.14,19.48,GBIF,46448772,MX,Distrito Federal,,GEODETIC_DATUM_ASSUMED_WGS84;CONTINENT_DERIVED_FROM_COORDINATES;IDENTIFIED_DATE_INVALID;BASIS_OF_RECORD_INVALID,8514f100-f762-11e1-a439-00145eb45e9a,OCCURRENCE,http://creativecommons.org/licenses/by-nc/4.0/legalcode,https://www.gbif.org/occurrence/46448772,
Scytodes longipes,-99.14,19.48,GBIF,4168964126,MX,Ciudad de mexico,80.0,SCIENTIFIC_NAME_ID_NOT_FOUND;TAXON_ID_NOT_FOUND;OCCURRENCE_STATUS_INFERRED_FROM_INDIVIDUAL_COUNT,03b8dac0-be98-4f71-9440-76c406cbf2c1,PRESERVED_SPECIMEN,http://creativecommons.org/licenses/by/4.0/legalcode,https://www.gbif.org/occurrence/4168964126,
Scytodes longipes,-99.14,19.48,GBIF,4169078812,MX,Ciudad de mexico,80.0,RECORDED_DATE_INVALID;SCIENTIFIC_NAME_ID_NOT_FOUND;TAXON_ID_NOT_FOUND;OCCURRENCE_STATUS_INFERRED_FROM_INDIVIDUAL_COUNT,03b8dac0-be98-4f71-9440-76c406cbf2c1,PRESERVED_SPECIMEN,http://creativecommons.org/licenses/by/4.0/legalcode,https://www.gbif.org/occurrence/4169078812,
Scytodes longipes,-99.14,19.48,GBIF,4169204112,MX,Ciudad de mexico,80.0,SCIENTIFIC_NAME_ID_NOT_FOUND;TAXON_ID_NOT_FOUND;OCCURRENCE_STATUS_INFERRED_FROM_INDIVIDUAL_COUNT,03b8dac0-be98-4f71-9440-76c406cbf2c1,PRESERVED_SPECIMEN,http://creativecommons.org/licenses/by/4.0/legalcode,https://www.gbif.org/occurrence/4169204112,
Scytodes longipes,-99.06,19.68,GBIF,46448743,MX,Distrito Federal,,GEODETIC_DATUM_ASSUMED_WGS84;CONTINENT_DERIVED_FROM_COORDINATES;IDENTIFIED_DATE_INVALID;BASIS_OF_RECORD_INVALID,8514f100-f762-11e1-a439-00145eb45e9a,OCCURRENCE,http://creativecommons.org/licenses/by-nc/4.0/legalcode,https://www.gbif.org/occurrence/46448743,
Scytodes longipes,-99.14,19.48,GBIF,46448749,MX,Distrito Federal,,GEODETIC_DATUM_ASSUMED_WGS84;CONTINENT_DERIVED_FROM_COORDINATES;IDENTIFIED_DATE_INVALID;BASIS_OF_RECORD_INVALID,8514f100-f762-11e1-a439-00145eb45e9a,OCCURRENCE,http://creativecommons.org/licenses/by-nc/4.0/legalcode,https://www.gbif.org/occurrence/46448749,
Scytodes longipes,-99.14,19.48,GBIF,4169205493,MX,Ciudad de mexico,80.0,RECORDED_DATE_INVALID;SCIENTIFIC_NAME_ID_NOT_FOUND;TAXON_ID_NOT_FOUND;OCCURRENCE_STATUS_INFERRED_FROM_INDIVIDUAL_COUNT,03b8dac0-be98-4f71-9440-76c406cbf2c1,PRESERVED_SPECIMEN,http://creativecommons.org/licenses/by/4.0/legalcode,https://www.gbif.org/occurrence/4169205493,
Scytodes longipes,-99.07,19.35,GBIF,46448726,MX,Distrito Federal,,GEODETIC_DATUM_ASSUMED_WGS84;CONTINENT_DERIVED_FROM_COORDINATES;IDENTIFIED_DATE_INVALID;BASIS_OF_RECORD_INVALID,8514f100-f762-11e1-a439-00145eb45e9a,OCCURRENCE,http://creativecommons.org/licenses/by-nc/4.0/legalcode,https://www.gbif.org/occurrence/46448726,
Scytodes longipes,-99.07,19.35,GBIF,46448727,MX,Distrito Federal,,GEODETIC_DATUM_ASSUMED_WGS84;CONTINENT_DERIVED_FROM_COORDINATES;IDENTIFIED_DATE_INVALID;BASIS_OF_RECORD_INVALID,8514f100-f762-11e1-a439-00145eb45e9a,OCCURRENCE,http://creativecommons.org/licenses/by-nc/4.0/legalcode,https://www.gbif.org/occurrence/46448727,
Scytodes longipes,-99.14,19.48,GBIF,46448733,MX,Distrito Federal,,GEODETIC_DATUM_ASSUMED_WGS84;CONTINENT_DERIVED_FROM_COORDINATES;IDENTIFIED_DATE_INVALID;BASIS_OF_RECORD_INVALID,8514f100-f762-11e1-a439-00145eb45e9a,OCCURRENCE,http://creativecommons.org/licenses/by-nc/4.0/legalcode,https://www.gbif.org/occurrence/46448733,
Scytodes longipes,-99.207236,19.401837,GBIF,4169039540,MX,Ciudad de mexico,55.15,COORDINATE_ROUNDED;RECORDED_DATE_INVALID;SCIENTIFIC_NAME_ID_NOT_FOUND;TAXON_ID_NOT_FOUND;OCCURRENCE_STATUS_INFERRED_FROM_INDIVIDUAL_COUNT,03b8dac0-be98-4f71-9440-76c406cbf2c1,PRESERVED_SPECIMEN,http://creativecommons.org/licenses/by/4.0/legalcode,https://www.gbif.org/occurrence/4169039540,
Scytodes longipes,-99.207236,19.401837,GBIF,4169168184,MX,Ciudad de mexico,55.15,COORDINATE_ROUNDED;RECORDED_DATE_INVALID;SCIENTIFIC_NAME_ID_NOT_FOUND;TAXON_ID_NOT_FOUND;OCCURRENCE_STATUS_INFERRED_FROM_INDIVIDUAL_COUNT,03b8dac0-be98-4f71-9440-76c406cbf2c1,PRESERVED_SPECIMEN,http://creativecommons.org/licenses/by/4.0/legalcode,https://www.gbif.org/occurrence/4169168184,
Scytodes longipes,-99.14,19.48,GBIF,4169197433,MX,Ciudad de mexico,80.0,SCIENTIFIC_NAME_ID_NOT_FOUND;TAXON_ID_NOT_FOUND;OCCURRENCE_STATUS_INFERRED_FROM_INDIVIDUAL_COUNT,03b8dac0-be98-4f71-9440-76c406cbf2c1,PRESERVED_SPECIMEN,http://creativecommons.org/licenses/by/4.0/legalcode,https://www.gbif.org/occurrence/4169197433,
Scytodes longipes,-99.14,19.48,GBIF,46448728,MX,Distrito Federal,,GEODETIC_DATUM_ASSUMED_WGS84;CONTINENT_DERIVED_FROM_COORDINATES;IDENTIFIED_DATE_INVALID;BASIS_OF_RECORD_INVALID,8514f100-f762-11e1-a439-00145eb45e9a,OCCURRENCE,http://creativecommons.org/licenses/by-nc/4.0/legalcode,https://www.gbif.org/occurrence/46448728,
Scytodes longipes,-99.14,19.48,GBIF,4169202209,MX,Ciudad de mexico,80.0,SCIENTIFIC_NAME_ID_NOT_FOUND;TAXON_ID_NOT_FOUND;OCCURRENCE_STATUS_INFERRED_FROM_INDIVIDUAL_COUNT,03b8dac0-be98-4f71-9440-76c406cbf2c1,PRESERVED_SPECIMEN,http://creativecommons.org/licenses/by/4.0/legalcode,https://www.gbif.org/occurrence/4169202209,
Scytodes longipes,-99.2,19.37,GBIF,46448741,MX,Distrito Federal,,GEODETIC_DATUM_ASSUMED_WGS84;CONTINENT_DERIVED_FROM_COORDINATES;IDENTIFIED_DATE_INVALID;BASIS_OF_RECORD_INVALID,8514f100-f762-11e1-a439-00145eb45e9a,OCCURRENCE,http://creativecommons.org/licenses/by-nc/4.0/legalcode,https://www.gbif.org/occurrence/46448741,
Scytodes longipes,-99.2,19.37,GBIF,4169150718,MX,Ciudad de mexico,80.0,SCIENTIFIC_NAME_ID_NOT_FOUND;TAXON_ID_NOT_FOUND;OCCURRENCE_STATUS_INFERRED_FROM_INDIVIDUAL_COUNT,03b8dac0-be98-4f71-9440-76c406cbf2c1,PRESERVED_SPECIMEN,http://creativecommons.org/licenses/by/4.0/legalcode,https://www.gbif.org/occurrence/4169150718,
Scytodes longipes,-99.2,19.37,GBIF,46448742,MX,Distrito Federal,,GEODETIC_DATUM_ASSUMED_WGS84;CONTINENT_DERIVED_FROM_COORDINATES;IDENTIFIED_DATE_INVALID;BASIS_OF_RECORD_INVALID,8514f100-f762-11e1-a439-00145eb45e9a,OCCURRENCE,http://creativecommons.org/licenses/by-nc/4.0/legalcode,https://www.gbif.org/occurrence/46448742,
Scytodes longipes,-99.2,19.37,GBIF,4169187532,MX,Ciudad de mexico,80.0,RECORDED_DATE_INVALID;SCIENTIFIC_NAME_ID_NOT_FOUND;TAXON_ID_NOT_FOUND;OCCURRENCE_STATUS_INFERRED_FROM_INDIVIDUAL_COUNT,03b8dac0-be98-4f71-9440-76c406cbf2c1,PRESERVED_SPECIMEN,http://creativecommons.org/licenses/by/4.0/legalcode,https://www.gbif.org/occurrence/4169187532,
Scytodes longipes,-99.2,19.37,GBIF,46448720,MX,Distrito Federal,,GEODETIC_DATUM_ASSUMED_WGS84;CONTINENT_DERIVED_FROM_COORDINATES;IDENTIFIED_DATE_INVALID;BASIS_OF_RECORD_INVALID,8514f100-f762-11e1-a439-00145eb45e9a,OCCURRENCE,http://creativecommons.org/licenses/by-nc/4.0/legalcode,https://www.gbif.org/occurrence/46448720,
Scytodes longipes,-99.2,19.37,GBIF,4169215746,MX,Ciudad de mexico,80.0,SCIENTIFIC_NAME_ID_NOT_FOUND;TAXON_ID_NOT_FOUND;OCCURRENCE_STATUS_INFERRED_FROM_INDIVIDUAL_COUNT,03b8dac0-be98-4f71-9440-76c406cbf2c1,PRESERVED_SPECIMEN,http://creativecommons.org/licenses/by/4.0/legalcode,https://www.gbif.org/occurrence/4169215746,
Scytodes longipes,-99.07,19.35,GBIF,46448735,MX,Distrito Federal,,GEODETIC_DATUM_ASSUMED_WGS84;CONTINENT_DERIVED_FROM_COORDINATES;IDENTIFIED_DATE_INVALID;BASIS_OF_RECORD_INVALID,8514f100-f762-11e1-a439-00145eb45e9a,OCCURRENCE,http://creativecommons.org/licenses/by-nc/4.0/legalcode,https://www.gbif.org/occurrence/46448735,
Scytodes longipes,-99.2,19.37,GBIF,46448736,MX,Distrito Federal,,GEODETIC_DATUM_ASSUMED_WGS84;CONTINENT_DERIVED_FROM_COORDINATES;IDENTIFIED_DATE_INVALID;BASIS_OF_RECORD_INVALID,8514f100-f762-11e1-a439-00145eb45e9a,OCCURRENCE,http://creativecommons.org/licenses/by-nc/4.0/legalcode,https://www.gbif.org/occurrence/46448736,
Scytodes longipes,-99.207236,19.401837,GBIF,4168952175,MX,Ciudad de mexico,55.15,COORDINATE_ROUNDED;SCIENTIFIC_NAME_ID_NOT_FOUND;TAXON_ID_NOT_FOUND;OCCURRENCE_STATUS_INFERRED_FROM_INDIVIDUAL_COUNT,03b8dac0-be98-4f71-9440-76c406cbf2c1,PRESERVED_SPECIMEN,http://creativecommons.org/licenses/by/4.0/legalcode,https://www.gbif.org/occurrence/4168952175,
Scytodes longipes,-99.2,19.37,GBIF,4169001475,MX,Ciudad de mexico,80.0,SCIENTIFIC_NAME_ID_NOT_FOUND;TAXON_ID_NOT_FOUND;OCCURRENCE_STATUS_INFERRED_FROM_INDIVIDUAL_COUNT,03b8dac0-be98-4f71-9440-76c406cbf2c1,PRESERVED_SPECIMEN,http://creativecommons.org/licenses/by/4.0/legalcode,https://www.gbif.org/occurrence/4169001475,
Scytodes longipes,-99.07,19.35,GBIF,46448764,MX,Distrito Federal,,GEODETIC_DATUM_ASSUMED_WGS84;CONTINENT_DERIVED_FROM_COORDINATES;IDENTIFIED_DATE_INVALID;BASIS_OF_RECORD_INVALID,8514f100-f762-11e1-a439-00145eb45e9a,OCCURRENCE,http://creativecommons.org/licenses/by-nc/4.0/legalcode,https://www.gbif.org/occurrence/46448764,
Scytodes longipes,-99.207236,19.401837,GBIF,4169124898,MX,Ciudad de mexico,55.15,COORDINATE_ROUNDED;SCIENTIFIC_NAME_ID_NOT_FOUND;TAXON_ID_NOT_FOUND;OCCURRENCE_STATUS_INFERRED_FROM_INDIVIDUAL_COUNT,03b8dac0-be98-4f71-9440-76c406cbf2c1,PRESERVED_SPECIMEN,http://creativecommons.org/licenses/by/4.0/legalcode,https://www.gbif.org/occurrence/4169124898,
Scytodes longipes,-99.18,19.52,GBIF,46448738,MX,Mexico,,GEODETIC_DATUM_ASSUMED_WGS84;CONTINENT_DERIVED_FROM_COORDINATES;IDENTIFIED_DATE_INVALID;BASIS_OF_RECORD_INVALID,8514f100-f762-11e1-a439-00145eb45e9a,OCCURRENCE,http://creativecommons.org/licenses/by-nc/4.0/legalcode,https://www.gbif.org/occurrence/46448738,
Scytodes longipes,-99.18,19.52,GBIF,4169125225,MX,Mexico,80.0,RECORDED_DATE_INVALID;SCIENTIFIC_NAME_ID_NOT_FOUND;TAXON_ID_NOT_FOUND;OCCURRENCE_STATUS_INFERRED_FROM_INDIVIDUAL_COUNT,03b8dac0-be98-4f71-9440-76c406cbf2c1,PRESERVED_SPECIMEN,http://creativecommons.org/licenses/by/4.0/legalcode,https://www.gbif.org/occurrence/4169125225,
Scytodes longipes,-99.06,19.68,GBIF,46448724,MX,Distrito Federal,,GEODETIC_DATUM_ASSUMED_WGS84;CONTINENT_DERIVED_FROM_COORDINATES;IDENTIFIED_DATE_INVALID;BASIS_OF_RECORD_INVALID,8514f100-f762-11e1-a439-00145eb45e9a,OCCURRENCE,http://creativecommons.org/licenses/by-nc/4.0/legalcode,https://www.gbif.org/occurrence/46448724,
Scytodes longipes,-99.07,19.35,GBIF,46448719,MX,Distrito Federal,,GEODETIC_DATUM_ASSUMED_WGS84;CONTINENT_DERIVED_FROM_COORDINATES;IDENTIFIED_DATE_INVALID;BASIS_OF_RECORD_INVALID,8514f100-f762-11e1-a439-00145eb45e9a,OCCURRENCE,http://creativecommons.org/licenses/by-nc/4.0/legalcode,https://www.gbif.org/occurrence/46448719,
Scytodes longipes,-99.207236,19.401837,GBIF,4168988084,MX,Ciudad de mexico,55.15,COORDINATE_ROUNDED;SCIENTIFIC_NAME_ID_NOT_FOUND;TAXON_ID_NOT_FOUND;OCCURRENCE_STATUS_INFERRED_FROM_INDIVIDUAL_COUNT,03b8dac0-be98-4f71-9440-76c406cbf2c1,PRESERVED_SPECIMEN,http://creativecommons.org/licenses/by/4.0/legalcode,https://www.gbif.org/occurrence/4168988084,
Scytodes longipes,-99.16,19.32,GBIF,46448739,MX,Distrito Federal,,GEODETIC_DATUM_ASSUMED_WGS84;CONTINENT_DERIVED_FROM_COORDINATES;IDENTIFIED_DATE_INVALID;BASIS_OF_RECORD_INVALID,8514f100-f762-11e1-a439-00145eb45e9a,OCCURRENCE,http://creativecommons.org/licenses/by-nc/4.0/legalcode,https://www.gbif.org/occurrence/46448739,
Scytodes longipes,-99.16,19.32,GBIF,46448763,MX,Distrito Federal,,GEODETIC_DATUM_ASSUMED_WGS84;CONTINENT_DERIVED_FROM_COORDINATES;IDENTIFIED_DATE_INVALID;BASIS_OF_RECORD_INVALID,8514f100-f762-11e1-a439-00145eb45e9a,OCCURRENCE,http://creativecommons.org/licenses/by-nc/4.0/legalcode,https://www.gbif.org/occurrence/46448763,
Scytodes longipes,-99.16,19.32,GBIF,4169039563,MX,Ciudad de mexico,80.0,RECORDED_DATE_INVALID;SCIENTIFIC_NAME_ID_NOT_FOUND;TAXON_ID_NOT_FOUND;OCCURRENCE_STATUS_INFERRED_FROM_INDIVIDUAL_COUNT,03b8dac0-be98-4f71-9440-76c406cbf2c1,PRESERVED_SPECIMEN,http://creativecommons.org/licenses/by/4.0/legalcode,https://www.gbif.org/occurrence/4169039563,
Scytodes longipes,-99.16,19.32,GBIF,4169203556,MX,Ciudad de mexico,80.0,RECORDED_DATE_INVALID;SCIENTIFIC_NAME_ID_NOT_FOUND;TAXON_ID_NOT_FOUND;OCCURRENCE_STATUS_INFERRED_FROM_INDIVIDUAL_COUNT,03b8dac0-be98-4f71-9440-76c406cbf2c1,PRESERVED_SPECIMEN,http://creativecommons.org/licenses/by/4.0/legalcode,https://www.gbif.org/occurrence/4169203556,
Scytodes longipes,-99.2,19.37,GBIF,46448723,MX,Distrito Federal,,GEODETIC_DATUM_ASSUMED_WGS84;CONTINENT_DERIVED_FROM_COORDINATES;IDENTIFIED_DATE_INVALID;BASIS_OF_RECORD_INVALID,8514f100-f762-11e1-a439-00145eb45e9a,OCCURRENCE,http://creativecommons.org/licenses/by-nc/4.0/legalcode,https://www.gbif.org/occurrence/46448723,
Scytodes longipes,-99.16,19.32,GBIF,46448765,MX,Distrito Federal,,GEODETIC_DATUM_ASSUMED_WGS84;CONTINENT_DERIVED_FROM_COORDINATES;IDENTIFIED_DATE_INVALID;BASIS_OF_RECORD_INVALID,8514f100-f762-11e1-a439-00145eb45e9a,OCCURRENCE,http://creativecommons.org/licenses/by-nc/4.0/legalcode,https://www.gbif.org/occurrence/46448765,
Scytodes longipes,-99.16,19.32,GBIF,4169103717,MX,Ciudad de mexico,80.0,RECORDED_DATE_INVALID;SCIENTIFIC_NAME_ID_NOT_FOUND;TAXON_ID_NOT_FOUND;OCCURRENCE_STATUS_INFERRED_FROM_INDIVIDUAL_COUNT,03b8dac0-be98-4f71-9440-76c406cbf2c1,PRESERVED_SPECIMEN,http://creativecommons.org/licenses/by/4.0/legalcode,https://www.gbif.org/occurrence/4169103717,
Scytodes longipes,-99.2,19.37,GBIF,4169197444,MX,Ciudad de mexico,80.0,RECORDED_DATE_INVALID;SCIENTIFIC_NAME_ID_NOT_FOUND;TAXON_ID_NOT_FOUND;OCCURRENCE_STATUS_INFERRED_FROM_INDIVIDUAL_COUNT,03b8dac0-be98-4f71-9440-76c406cbf2c1,PRESERVED_SPECIMEN,http://creativecommons.org/licenses/by/4.0/legalcode,https://www.gbif.org/occurrence/4169197444,
Scytodes longipes,-99.2,19.37,GBIF,46448737,MX,Distrito Federal,,GEODETIC_DATUM_ASSUMED_WGS84;CONTINENT_DERIVED_FROM_COORDINATES;IDENTIFIED_DATE_INVALID;BASIS_OF_RECORD_INVALID,8514f100-f762-11e1-a439-00145eb45e9a,OCCURRENCE,http://creativecommons.org/licenses/by-nc/4.0/legalcode,https://www.gbif.org/occurrence/46448737,
Scytodes longipes,-99.2,19.37,GBIF,4169124561,MX,Ciudad de mexico,80.0,RECORDED_DATE_INVALID;SCIENTIFIC_NAME_ID_NOT_FOUND;TAXON_ID_NOT_FOUND;OCCURRENCE_STATUS_INFERRED_FROM_INDIVIDUAL_COUNT,03b8dac0-be98-4f71-9440-76c406cbf2c1,PRESERVED_SPECIMEN,http://creativecommons.org/licenses/by/4.0/legalcode,https://www.gbif.org/occurrence/4169124561,
Scytodes longipes,-61.233333,10.65,GBIF,1803621124,TT,Tunapuna/Piarco Regional Corporation,,TAXON_ID_NOT_FOUND;OCCURRENCE_STATUS_INFERRED_FROM_INDIVIDUAL_COUNT;INSTITUTION_MATCH_FUZZY,d762b508-7a70-441b-94ad-48fd77593275,PRESERVED_SPECIMEN,http://creativecommons.org/licenses/by-nc/4.0/legalcode,https://www.gbif.org/occurrence/1803621124,
Scytodes longipes,-61.233333,10.65,GBIF,1803621201,TT,Tunapuna/Piarco Regional Corporation,,TAXON_ID_NOT_FOUND;OCCURRENCE_STATUS_INFERRED_FROM_INDIVIDUAL_COUNT;INSTITUTION_MATCH_FUZZY,d762b508-7a70-441b-94ad-48fd77593275,PRESERVED_SPECIMEN,http://creativecommons.org/licenses/by-nc/4.0/legalcode,https://www.gbif.org/occurrence/1803621201,
Scytodes longipes,-61.282276,10.637366,GBIF,3750322414,TT,Tunapuna/Piarco Regional Corporation,,TAXON_ID_NOT_FOUND;OCCURRENCE_STATUS_INFERRED_FROM_INDIVIDUAL_COUNT;INSTITUTION_MATCH_FUZZY,d762b508-7a70-441b-94ad-48fd77593275,PRESERVED_SPECIMEN,http://creativecommons.org/licenses/by-nc/4.0/legalcode,https://www.gbif.org/occurrence/3750322414,
Scytodes longipes,-61.282276,10.637366,GBIF,3750323742,TT,Tunapuna/Piarco Regional Corporation,,TAXON_ID_NOT_FOUND;OCCURRENCE_STATUS_INFERRED_FROM_INDIVIDUAL_COUNT;INSTITUTION_MATCH_FUZZY,d762b508-7a70-441b-94ad-48fd77593275,PRESERVED_SPECIMEN,http://creativecommons.org/licenses/by-nc/4.0/legalcode,https://www.gbif.org/occurrence/3750323742,
Scytodes longipes,-61.216667,10.55,GBIF,1803623331,TT,Arima Borough Corporation,,GEODETIC_DATUM_ASSUMED_WGS84;TAXON_ID_NOT_FOUND;OCCURRENCE_STATUS_INFERRED_FROM_INDIVIDUAL_COUNT;INSTITUTION_MATCH_FUZZY,d762b508-7a70-441b-94ad-48fd77593275,PRESERVED_SPECIMEN,http://creativecommons.org/licenses/by-nc/4.0/legalcode,https://www.gbif.org/occurrence/1803623331,
Scytodes longipes,-61.233333,10.65,GBIF,1803623379,TT,Tunapuna/Piarco Regional Corporation,,GEODETIC_DATUM_ASSUMED_WGS84;TAXON_ID_NOT_FOUND;OCCURRENCE_STATUS_INFERRED_FROM_INDIVIDUAL_COUNT;INSTITUTION_MATCH_FUZZY,d762b508-7a70-441b-94ad-48fd77593275,PRESERVED_SPECIMEN,http://creativecommons.org/licenses/by-nc/4.0/legalcode,https://www.gbif.org/occurrence/1803623379,
Scytodes longipes,105.666664,-10.5,GBIF,2446168438,CX,Christmas Island,10000.0,COUNTRY_DERIVED_FROM_COORDINATES;CONTINENT_DERIVED_FROM_COORDINATES;TAXON_CONCEPT_ID_NOT_FOUND;INSTITUTION_MATCH_FUZZY;COLLECTION_MATCH_FUZZY,dce8feb0-6c89-11de-8225-b8a03c50a862,PRESERVED_SPECIMEN,http://creativecommons.org/licenses/by/4.0/legalcode,https://www.gbif.org/occurrence/2446168438,
Scytodes longipes,105.666664,-10.5,GBIF,2446267992,CX,Christmas Island,10000.0,COUNTRY_DERIVED_FROM_COORDINATES;CONTINENT_DERIVED_FROM_COORDINATES;TAXON_CONCEPT_ID_NOT_FOUND;INSTITUTION_MATCH_FUZZY;COLLECTION_MATCH_FUZZY,dce8feb0-6c89-11de-8225-b8a03c50a862,PRESERVED_SPECIMEN,http://creativecommons.org/licenses/by/4.0/legalcode,https://www.gbif.org/occurrence/2446267992,
Scytodes longipes,-85.97831,11.83446,GBIF,477947022,NI,Granada,301.0,INSTITUTION_MATCH_FUZZY;COLLECTION_MATCH_FUZZY,4bfac3ea-8763-4f4b-a71a-76a6f5f243d3,PRESERVED_SPECIMEN,http://creativecommons.org/licenses/by-nc/4.0/legalcode,https://www.gbif.org/occurrence/477947022,
Scytodes longipes,0.0,0.0,GBIF,46448740,MX,Mexico,,ZERO_COORDINATE;GEODETIC_DATUM_ASSUMED_WGS84;COUNTRY_COORDINATE_MISMATCH;IDENTIFIED_DATE_INVALID;BASIS_OF_RECORD_INVALID,8514f100-f762-11e1-a439-00145eb45e9a,OCCURRENCE,http://creativecommons.org/licenses/by-nc/4.0/legalcode,https://www.gbif.org/occurrence/46448740,zero_zero
Scytodes longipes,-83.940024,10.164249,GBIF,1253977007,CR,Limón,,COORDINATE_ROUNDED;CONTINENT_INVALID;CONTINENT_DERIVED_FROM_COORDINATES;TAXON_ID_NOT_FOUND;IDENTIFIED_DATE_INVALID;INSTITUTION_MATCH_FUZZY;INSTITUTION_COLLECTION_MISMATCH,d2123780-15e2-4723-b63c-9f9a53643837,PRESERVED_SPECIMEN,http://creativecommons.org/publicdomain/zero/1.0/legalcode,https://www.gbif.org/occurrence/1253977007,
Scytodes longipes,-84.094391,9.973625,GBIF,1253976677,CR,Heredia,,COORDINATE_ROUNDED;CONTINENT_INVALID;CONTINENT_DERIVED_FROM_COORDINATES;TAXON_ID_NOT_FOUND;IDENTIFIED_DATE_INVALID;INSTITUTION_MATCH_FUZZY;INSTITUTION_COLLECTION_MISMATCH,d2123780-15e2-4723-b63c-9f9a53643837,PRESERVED_SPECIMEN,http://creativecommons.org/publicdomain/zero/1.0/legalcode,https://www.gbif.org/occurrence/1253976677,
Scytodes longipes,-84.094391,9.973625,GBIF,1253976679,CR,Heredia,,COORDINATE_ROUNDED;CONTINENT_INVALID;CONTINENT_DERIVED_FROM_COORDINATES;TAXON_ID_NOT_FOUND;IDENTIFIED_DATE_INVALID;INSTITUTION_MATCH_FUZZY;INSTITUTION_COLLECTION_MISMATCH,d2123780-15e2-4723-b63c-9f9a53643837,PRESERVED_SPECIMEN,http://creativecommons.org/publicdomain/zero/1.0/legalcode,https://www.gbif.org/occurrence/1253976679,
Scytodes longipes,-84.094391,9.973625,GBIF,1253976684,CR,Heredia,,COORDINATE_ROUNDED;CONTINENT_INVALID;CONTINENT_DERIVED_FROM_COORDINATES;TAXON_ID_NOT_FOUND;IDENTIFIED_DATE_INVALID;INSTITUTION_MATCH_FUZZY;INSTITUTION_COLLECTION_MISMATCH,d2123780-15e2-4723-b63c-9f9a53643837,PRESERVED_SPECIMEN,http://creativecommons.org/publicdomain/zero/1.0/legalcode,https://www.gbif.org/occurrence/1253976684,
Scytodes longipes,-84.094391,9.973625,GBIF,1253976673,CR,Heredia,,COORDINATE_ROUNDED;CONTINENT_INVALID;CONTINENT_DERIVED_FROM_COORDINATES;TAXON_ID_NOT_FOUND;IDENTIFIED_DATE_INVALID;INSTITUTION_MATCH_FUZZY;INSTITUTION_COLLECTION_MISMATCH,d2123780-15e2-4723-b63c-9f9a53643837,PRESERVED_SPECIMEN,http://creativecommons.org/publicdomain/zero/1.0/legalcode,https://www.gbif.org/occurrence/1253976673,
Scytodes longipes,-85.495244,10.962542,GBIF,1253976920,CR,Guanacaste,,COORDINATE_ROUNDED;CONTINENT_INVALID;CONTINENT_DERIVED_FROM_COORDINATES;TAXON_ID_NOT_FOUND;IDENTIFIED_DATE_INVALID;INSTITUTION_MATCH_FUZZY;INSTITUTION_COLLECTION_MISMATCH,d2123780-15e2-4723-b63c-9f9a53643837,PRESERVED_SPECIMEN,http://creativecommons.org/publicdomain/zero/1.0/legalcode,https://www.gbif.org/occurrence/1253976920,
Scytodes longipes,-85.49889,10.958912,GBIF,1253976891,CR,Guanacaste,,COORDINATE_ROUNDED;CONTINENT_INVALID;CONTINENT_DERIVED_FROM_COORDINATES;TAXON_ID_NOT_FOUND;IDENTIFIED_DATE_INVALID;INSTITUTION_MATCH_FUZZY;INSTITUTION_COLLECTION_MISMATCH,d2123780-15e2-4723-b63c-9f9a53643837,PRESERVED_SPECIMEN,http://creativecommons.org/publicdomain/zero/1.0/legalcode,https://www.gbif.org/occurrence/1253976891,
Scytodes longipes,-84.153652,10.006214,GBIF,1253976530,CR,Heredia,,COORDINATE_ROUNDED;CONTINENT_INVALID;CONTINENT_DERIVED_FROM_COORDINATES;TAXON_ID_NOT_FOUND;IDENTIFIED_DATE_INVALID;INSTITUTION_MATCH_FUZZY;INSTITUTION_COLLECTION_MISMATCH,d2123780-15e2-4723-b63c-9f9a53643837,PRESERVED_SPECIMEN,http://creativecommons.org/publicdomain/zero/1.0/legalcode,https://www.gbif.org/occurrence/1253976530,
Scytodes longipes,-82.962695,9.025664,GBIF,1253977090,CR,Puntarenas,,COORDINATE_ROUNDED;CONTINENT_INVALID;CONTINENT_DERIVED_FROM_COORDINATES;TAXON_ID_NOT_FOUND;IDENTIFIED_DATE_INVALID;INSTITUTION_MATCH_FUZZY;INSTITUTION_COLLECTION_MISMATCH,d2123780-15e2-4723-b63c-9f9a53643837,PRESERVED_SPECIMEN,http://creativecommons.org/publicdomain/zero/1.0/legalcode,https://www.gbif.org/occurrence/1253977090,
Scytodes longipes,-84.153652,10.006214,GBIF,1253976690,CR,Heredia,,COORDINATE_ROUNDED;CONTINENT_INVALID;CONTINENT_DERIVED_FROM_COORDINATES;TAXON_ID_NOT_FOUND;IDENTIFIED_DATE_INVALID;INSTITUTION_MATCH_FUZZY;INSTITUTION_COLLECTION_MISMATCH,d2123780-15e2-4723-b63c-9f9a53643837,PRESERVED_SPECIMEN,http://creativecommons.org/publicdomain/zero/1.0/legalcode,https://www.gbif.org/occurrence/1253976690,
Scytodes longipes,-85.62648,10.839982,GBIF,1253976600,CR,Guanacaste,,COORDINATE_ROUNDED;CONTINENT_INVALID;CONTINENT_DERIVED_FROM_COORDINATES;TAXON_ID_NOT_FOUND;IDENTIFIED_DATE_INVALID;INSTITUTION_MATCH_FUZZY;INSTITUTION_COLLECTION_MISMATCH,d2123780-15e2-4723-b63c-9f9a53643837,PRESERVED_SPECIMEN,http://creativecommons.org/publicdomain/zero/1.0/legalcode,https://www.gbif.org/occurrence/1253976600,
Scytodes longipes,-85.615491,10.83641,GBIF,1253976676,CR,Guanacaste,,COORDINATE_ROUNDED;CONTINENT_INVALID;CONTINENT_DERIVED_FROM_COORDINATES;TAXON_ID_NOT_FOUND;IDENTIFIED_DATE_INVALID;INSTITUTION_MATCH_FUZZY;INSTITUTION_COLLECTION_MISMATCH,d2123780-15e2-4723-b63c-9f9a53643837,PRESERVED_SPECIMEN,http://creativecommons.org/publicdomain/zero/1.0/legalcode,https://www.gbif.org/occurrence/1253976676,
Scytodes longipes,-85.615491,10.83641,GBIF,1253976699,CR,Guanacaste,,COORDINATE_ROUNDED;CONTINENT_INVALID;CONTINENT_DERIVED_FROM_COORDINATES;TAXON_ID_NOT_FOUND;IDENTIFIED_DATE_INVALID;INSTITUTION_MATCH_FUZZY;INSTITUTION_COLLECTION_MISMATCH,d2123780-15e2-4723-b63c-9f9a53643837,PRESERVED_SPECIMEN,http://creativecommons.org/publicdomain/zero/1.0/legalcode,https://www.gbif.org/occurrence/1253976699,
Scytodes longipes,-85.62648,10.839982,GBIF,1253976716,CR,Guanacaste,,COORDINATE_ROUNDED;CONTINENT_INVALID;CONTINENT_DERIVED_FROM_COORDINATES;TAXON_ID_NOT_FOUND;IDENTIFIED_DATE_INVALID;INSTITUTION_MATCH_FUZZY;INSTITUTION_COLLECTION_MISMATCH,d2123780-15e2-4723-b63c-9f9a53643837,PRESERVED_SPECIMEN,http://creativecommons.org/publicdomain/zero/1.0/legalcode,https://www.gbif.org/occurrence/1253976716,
Scytodes longipes,-85.615491,10.83641,GBIF,1253976717,CR,Guanacaste,,COORDINATE_ROUNDED;CONTINENT_INVALID;CONTINENT_DERIVED_FROM_COORDINATES;TAXON_ID_NOT_FOUND;IDENTIFIED_DATE_INVALID;INSTITUTION_MATCH_FUZZY;INSTITUTION_COLLECTION_MISMATCH,d2123780-15e2-4723-b63c-9f9a53643837,PRESERVED_SPECIMEN,http://creativecommons.org/publicdomain/zero/1.0/legalcode,https://www.gbif.org/occurrence/1253976717,
Scytodes longipes,-85.429477,10.992609,GBIF,1253976718,CR,Guanacaste,,COORDINATE_ROUNDED;CONTINENT_INVALID;CONTINENT_DERIVED_FROM_COORDINATES;TAXON_ID_NOT_FOUND;IDENTIFIED_DATE_INVALID;INSTITUTION_MATCH_FUZZY;INSTITUTION_COLLECTION_MISMATCH,d2123780-15e2-4723-b63c-9f9a53643837,PRESERVED_SPECIMEN,http://creativecommons.org/publicdomain/zero/1.0/legalcode,https://www.gbif.org/occurrence/1253976718,
Scytodes longipes,-84.1399,9.91887,GBIF,477906258,CR,San José,11920.0,INSTITUTION_MATCH_FUZZY;COLLECTION_MATCH_FUZZY,4bfac3ea-8763-4f4b-a71a-76a6f5f243d3,PRESERVED_SPECIMEN,http://creativecommons.org/licenses/by-nc/4.0/legalcode,https://www.gbif.org/occurrence/477906258,
Scytodes longipes,-99.21,19.29,GBIF,46448759,MX,Distrito Federal,,GEODETIC_DATUM_ASSUMED_WGS84;CONTINENT_DERIVED_FROM_COORDINATES;IDENTIFIED_DATE_INVALID;BASIS_OF_RECORD_INVALID,8514f100-f762-11e1-a439-00145eb45e9a,OCCURRENCE,http://creativecommons.org/licenses/by-nc/4.0/legalcode,https://www.gbif.org/occurrence/46448759,
Scytodes longipes,-99.21,19.29,GBIF,4169198245,MX,Ciudad de mexico,80.0,SCIENTIFIC_NAME_ID_NOT_FOUND;TAXON_ID_NOT_FOUND;OCCURRENCE_STATUS_INFERRED_FROM_INDIVIDUAL_COUNT,03b8dac0-be98-4f71-9440-76c406cbf2c1,PRESERVED_SPECIMEN,http://creativecommons.org/licenses/by/4.0/legalcode,https://www.gbif.org/occurrence/4169198245,
Scytodes longipes,0.0,0.0,GBIF,46448758,MX,Distrito Federal,,ZERO_COORDINATE;GEODETIC_DATUM_ASSUMED_WGS84;COUNTRY_COORDINATE_MISMATCH;IDENTIFIED_DATE_INVALID;BASIS_OF_RECORD_INVALID,8514f100-f762-11e1-a439-00145eb45e9a,OCCURRENCE,http://creativecommons.org/licenses/by-nc/4.0/legalcode,https://www.gbif.org/occurrence/46448758,zero_zero
Scytodes longipes,-99.21,19.29,GBIF,46448761,MX,Distrito Federal,,GEODETIC_DATUM_ASSUMED_WGS84;CONTINENT_DERIVED_FROM_COORDINATES;IDENTIFIED_DATE_INVALID;BASIS_OF_RECORD_INVALID,8514f100-f762-11e1-a439-00145eb45e9a,OCCURRENCE,http://creativecommons.org/licenses/by-nc/4.0/legalcode,https://www.gbif.org/occurrence/46448761,
Scytodes longipes,-99.21,19.29,GBIF,46448762,MX,Distrito Federal,,GEODETIC_DATUM_ASSUMED_WGS84;CONTINENT_DERIVED_FROM_COORDINATES;IDENTIFIED_DATE_INVALID;BASIS_OF_RECORD_INVALID,8514f100-f762-11e1-a439-00145eb45e9a,OCCURRENCE,http://creativecommons.org/licenses/by-nc/4.0/legalcode,https://www.gbif.org/occurrence/46448762,
Scytodes longipes,-99.21,19.29,GBIF,4169150315,MX,Ciudad de mexico,80.0,SCIENTIFIC_NAME_ID_NOT_FOUND;TAXON_ID_NOT_FOUND;OCCURRENCE_STATUS_INFERRED_FROM_INDIVIDUAL_COUNT,03b8dac0-be98-4f71-9440-76c406cbf2c1,PRESERVED_SPECIMEN,http://creativecommons.org/licenses/by/4.0/legalcode,https://www.gbif.org/occurrence/4169150315,
Scytodes longipes,-99.21,19.29,GBIF,4169167513,MX,Ciudad de mexico,80.0,SCIENTIFIC_NAME_ID_NOT_FOUND;TAXON_ID_NOT_FOUND;OCCURRENCE_STATUS_INFERRED_FROM_INDIVIDUAL_COUNT,03b8dac0-be98-4f71-9440-76c406cbf2c1,PRESERVED_SPECIMEN,http://creativecommons.org/licenses/by/4.0/legalcode,https://www.gbif.org/occurrence/4169167513,
Scytodes longipes,0.0,0.0,GBIF,46448734,MX,Distrito Federal,,ZERO_COORDINATE;GEODETIC_DATUM_ASSUMED_WGS84;COUNTRY_COORDINATE_MISMATCH;IDENTIFIED_DATE_INVALID;BASIS_OF_RECORD_INVALID,8514f100-f762-11e1-a439-00145eb45e9a,OCCURRENCE,http://creativecommons.org/licenses/by-nc/4.0/legalcode,https://www.gbif.org/occurrence/46448734,zero_zero
Scytodes longipes,-84.00678,10.45491,GBIF,477983492,CR,Heredia,3036.0,INSTITUTION_MATCH_FUZZY;COLLECTION_MATCH_FUZZY,4bfac3ea-8763-4f4b-a71a-76a6f5f243d3,PRESERVED_SPECIMEN,http://creativecommons.org/licenses/by-nc/4.0/legalcode,https://www.gbif.org/occurrence/477983492,
Scytodes longipes,-77.75,-9.5,GBIF,477988119,PE,,301.0,INSTITUTION_MATCH_FUZZY;COLLECTION_MATCH_FUZZY,4bfac3ea-8763-4f4b-a71a-76a6f5f243d3,PRESERVED_SPECIMEN,http://creativecommons.org/licenses/by-nc/4.0/legalcode,https://www.gbif.org/occurrence/477988119,
Scytodes longipes,-83.94507,9.55022,GBIF,477983487,CR,San José,74456.0,INSTITUTION_MATCH_FUZZY;COLLECTION_MATCH_FUZZY,4bfac3ea-8763-4f4b-a71a-76a6f5f243d3,PRESERVED_SPECIMEN,http://creativecommons.org/licenses/by-nc/4.0/legalcode,https://www.gbif.org/occurrence/477983487,
Scytodes longipes,-84.00678,10.45491,GBIF,477983493,CR,Heredia,3036.0,INSTITUTION_MATCH_FUZZY;COLLECTION_MATCH_FUZZY,4bfac3ea-8763-4f4b-a71a-76a6f5f243d3,PRESERVED_SPECIMEN,http://creativecommons.org/licenses/by-nc/4.0/legalcode,https://www.gbif.org/occurrence/477983493,
Scytodes longipes,-83.98881,9.98877,GBIF,477978875,CR,,3036.0,INSTITUTION_MATCH_FUZZY;COLLECTION_MATCH_FUZZY,4bfac3ea-8763-4f4b-a71a-76a6f5f243d3,PRESERVED_SPECIMEN,http://creativecommons.org/licenses/by-nc/4.0/legalcode,https://www.gbif.org/occurrence/477978875,
Scytodes longipes,-84.0,10.0,GBIF,477983489,CR,,248375.0,INSTITUTION_MATCH_FUZZY;COLLECTION_MATCH_FUZZY,4bfac3ea-8763-4f4b-a71a-76a6f5f243d3,PRESERVED_SPECIMEN,http://creativecommons.org/licenses/by-nc/4.0/legalcode,https://www.gbif.org/occurrence/477983489,
Scytodes longipes,-89.20305,13.72,GBIF,1253409437,SV,,,GEODETIC_DATUM_ASSUMED_WGS84;CONTINENT_DERIVED_FROM_COORDINATES;COLLECTION_MATCH_NONE;INSTITUTION_MATCH_FUZZY,96596036-f762-11e1-a439-00145eb45e9a,PRESERVED_SPECIMEN,http://creativecommons.org/licenses/by/4.0/legalcode,https://www.gbif.org/occurrence/1253409437,
Scytodes longipes,-89.173333,14.319167,GBIF,1253409450,SV,,,COORDINATE_ROUNDED;GEODETIC_DATUM_ASSUMED_WGS84;CONTINENT_DERIVED_FROM_COORDINATES;COLLECTION_MATCH_NONE;INSTITUTION_MATCH_FUZZY,96596036-f762-11e1-a439-00145eb45e9a,PRESERVED_SPECIMEN,http://creativecommons.org/licenses/by/4.0/legalcode,https://www.gbif.org/occurrence/1253409450,
Scytodes longipes,-89.571667,14.023883,GBIF,1253409431,SV,,,COORDINATE_ROUNDED;GEODETIC_DATUM_ASSUMED_WGS84;CONTINENT_DERIVED_FROM_COORDINATES;COLLECTION_MATCH_NONE;INSTITUTION_MATCH_FUZZY,96596036-f762-11e1-a439-00145eb45e9a,PRESERVED_SPECIMEN,http://creativecommons.org/licenses/by/4.0/legalcode,https://www.gbif.org/occurrence/1253409431,
Scytodes longipes,-89.571667,14.023883,GBIF,1253409434,SV,,,COORDINATE_ROUNDED;GEODETIC_DATUM_ASSUMED_WGS84;CONTINENT_DERIVED_FROM_COORDINATES;COLLECTION_MATCH_NONE;INSTITUTION_MATCH_FUZZY,96596036-f762-11e1-a439-00145eb45e9a,PRESERVED_SPECIMEN,http://creativecommons.org/licenses/by/4.0/legalcode,https://www.gbif.org/occurrence/1253409434,
Scytodes longipes,-89.20305,13.72,GBIF,1253409439,SV,,,GEODETIC_DATUM_ASSUMED_WGS84;CONTINENT_DERIVED_FROM_COORDINATES;COLLECTION_MATCH_NONE;INSTITUTION_MATCH_FUZZY,96596036-f762-11e1-a439-00145eb45e9a,PRESERVED_SPECIMEN,http://creativecommons.org/licenses/by/4.0/legalcode,https://www.gbif.org/occurrence/1253409439,
Scytodes longipes,-89.2,13.716667,GBIF,1253409449,SV,,,COORDINATE_ROUNDED;GEODETIC_DATUM_ASSUMED_WGS84;CONTINENT_DERIVED_FROM_COORDINATES;PRESUMED_NEGATED_LONGITUDE;COLLECTION_MATCH_NONE;INSTITUTION_MATCH_FUZZY,96596036-f762-11e1-a439-00145eb45e9a,PRESERVED_SPECIMEN,http://creativecommons.org/licenses/by/4.0/legalcode,https://www.gbif.org/occurrence/1253409449,
Scytodes longipes,-89.20305,13.72,GBIF,1253409454,SV,,,GEODETIC_DATUM_ASSUMED_WGS84;CONTINENT_DERIVED_FROM_COORDINATES;COLLECTION_MATCH_NONE;INSTITUTION_MATCH_FUZZY,96596036-f762-11e1-a439-00145eb45e9a,PRESERVED_SPECIMEN,http://creativecommons.org/licenses/by/4.0/legalcode,https://www.gbif.org/occurrence/1253409454,
Scytodes longipes,-89.29,13.66805,GBIF,1253409433,SV,,,GEODETIC_DATUM_ASSUMED_WGS84;CONTINENT_DERIVED_FROM_COORDINATES;COLLECTION_MATCH_NONE;INSTITUTION_MATCH_FUZZY,96596036-f762-11e1-a439-00145eb45e9a,PRESERVED_SPECIMEN,http://creativecommons.org/licenses/by/4.0/legalcode,https://www.gbif.org/occurrence/1253409433,
Scytodes longipes,-88.838617,13.611117,GBIF,1253409447,SV,,,COORDINATE_ROUNDED;GEODETIC_DATUM_ASSUMED_WGS84;CONTINENT_DERIVED_FROM_COORDINATES;COLLECTION_MATCH_NONE;INSTITUTION_MATCH_FUZZY,96596036-f762-11e1-a439-00145eb45e9a,PRESERVED_SPECIMEN,http://creativecommons.org/licenses/by/4.0/legalcode,https://www.gbif.org/occurrence/1253409447,
Scytodes longipes,-89.20305,13.72,GBIF,1253409444,SV,,,GEODETIC_DATUM_ASSUMED_WGS84;CONTINENT_DERIVED_FROM_COORDINATES;COLLECTION_MATCH_NONE;INSTITUTION_MATCH_FUZZY,96596036-f762-11e1-a439-00145eb45e9a,PRESERVED_SPECIMEN,http://creativecommons.org/licenses/by/4.0/legalcode,https://www.gbif.org/occurrence/1253409444,
Scytodes longipes,-89.282783,13.703617,GBIF,1253409432,SV,,,COORDINATE_ROUNDED;GEODETIC_DATUM_ASSUMED_WGS84;CONTINENT_DERIVED_FROM_COORDINATES;COLLECTION_MATCH_NONE;INSTITUTION_MATCH_FUZZY,96596036-f762-11e1-a439-00145eb45e9a,PRESERVED_SPECIMEN,http://creativecommons.org/licenses/by/4.0/legalcode,https://www.gbif.org/occurrence/1253409432,
Scytodes longipes,-89.20305,13.72,GBIF,1253409446,SV,,,GEODETIC_DATUM_ASSUMED_WGS84;CONTINENT_DERIVED_FROM_COORDINATES;COLLECTION_MATCH_NONE;INSTITUTION_MATCH_FUZZY,96596036-f762-11e1-a439-00145eb45e9a,PRESERVED_SPECIMEN,http://creativecommons.org/licenses/by/4.0/legalcode,https://www.gbif.org/occurrence/1253409446,
Scytodes longipes,18.31667,0.05,GBIF,5841958756,CD,,,GEODETIC_DATUM_ASSUMED_WGS84;CONTINENT_DERIVED_FROM_COORDINATES,8da1b266-12b0-4606-a6a4-664f09d28376,PRESERVED_SPECIMEN,http://creativecommons.org/licenses/by/4.0/legalcode,https://www.gbif.org/occurrence/5841958756,
Scytodes longipes,23.76667,-3.38333,GBIF,5842069041,CD,,,GEODETIC_DATUM_ASSUMED_WGS84;CONTINENT_DERIVED_FROM_COORDINATES,8da1b266-12b0-4606-a6a4-664f09d28376,PRESERVED_SPECIMEN,http://creativecommons.org/licenses/by/4.0/legalcode,https://www.gbif.org/occurrence/5842069041,
Scytodes longipes,-87.4549,15.73961,GBIF,477983490,HN,Atlantida,4320.0,INSTITUTION_MATCH_FUZZY;COLLECTION_MATCH_FUZZY,4bfac3ea-8763-4f4b-a71a-76a6f5f243d3,PRESERVED_SPECIMEN,http://creativecommons.org/licenses/by-nc/4.0/legalcode,https://www.gbif.org/occurrence/477983490,
Scytodes longipes,-87.4549,15.73961,GBIF,477983491,HN,Atlantida,4320.0,INSTITUTION_MATCH_FUZZY;COLLECTION_MATCH_FUZZY,4bfac3ea-8763-4f4b-a71a-76a6f5f243d3,PRESERVED_SPECIMEN,http://creativecommons.org/licenses/by-nc/4.0/legalcode,https://www.gbif.org/occurrence/477983491,
Scytodes longipes,-87.45,15.78333,GBIF,477984762,HN,,3036.0,INSTITUTION_MATCH_FUZZY;COLLECTION_MATCH_FUZZY,4bfac3ea-8763-4f4b-a71a-76a6f5f243d3,PRESERVED_SPECIMEN,http://creativecommons.org/licenses/by-nc/4.0/legalcode,https://www.gbif.org/occurrence/477984762,
Scytodes longipes,22.41667,-5.9,GBIF,5841996436,CD,,,GEODETIC_DATUM_ASSUMED_WGS84;CONTINENT_DERIVED_FROM_COORDINATES,8da1b266-12b0-4606-a6a4-664f09d28376,PRESERVED_SPECIMEN,http://creativecommons.org/licenses/by/4.0/legalcode,https://www.gbif.org/occurrence/5841996436,
Scytodes longipes,15.31667,-4.31667,GBIF,5842008468,CD,,,GEODETIC_DATUM_ASSUMED_WGS84;CONTINENT_DERIVED_FROM_COORDINATES,8da1b266-12b0-4606-a6a4-664f09d28376,PRESERVED_SPECIMEN,http://creativecommons.org/licenses/by/4.0/legalcode,https://www.gbif.org/occurrence/5842008468,
Scytodes longipes,13.05,-5.85,GBIF,5842020699,CD,,,GEODETIC_DATUM_ASSUMED_WGS84;CONTINENT_DERIVED_FROM_COORDINATES,8da1b266-12b0-4606-a6a4-664f09d28376,PRESERVED_SPECIMEN,http://creativecommons.org/licenses/by/4.0/legalcode,https://www.gbif.org/occurrence/5842020699,
Scytodes longipes,101.6936,3.1525,GBIF,4857492424,MY,,,GEODETIC_DATUM_ASSUMED_WGS84;CONTINENT_DERIVED_FROM_COORDINATES;OCCURRENCE_STATUS_INFERRED_FROM_INDIVIDUAL_COUNT;INSTITUTION_MATCH_NONE,b8c97ae9-e444-48d8-8705-198d8c1e6fdd,PRESERVED_SPECIMEN,http://creativecommons.org/licenses/by-nc/4.0/legalcode,https://www.gbif.org/occurrence/4857492424,
Scytodes longipes,145.74226,-5.44566,GBIF,4857497419,PG,,,GEODETIC_DATUM_ASSUMED_WGS84;CONTINENT_DERIVED_FROM_COORDINATES;OCCURRENCE_STATUS_INFERRED_FROM_INDIVIDUAL_COUNT;INSTITUTION_MATCH_NONE,b8c97ae9-e444-48d8-8705-198d8c1e6fdd,PRESERVED_SPECIMEN,http://creativecommons.org/licenses/by-nc/4.0/legalcode,https://www.gbif.org/occurrence/4857497419,
Scytodes longipes,0.0,0.0,GBIF,46448752,MX,Distrito Federal,,ZERO_COORDINATE;GEODETIC_DATUM_ASSUMED_WGS84;COUNTRY_COORDINATE_MISMATCH;IDENTIFIED_DATE_INVALID;BASIS_OF_RECORD_INVALID,8514f100-f762-11e1-a439-00145eb45e9a,OCCURRENCE,http://creativecommons.org/licenses/by-nc/4.0/legalcode,https://www.gbif.org/occurrence/46448752,zero_zero
Scytodes longipes,-84.0,9.66667,GBIF,477906880,CR,San José,76072.0,INSTITUTION_MATCH_FUZZY;COLLECTION_MATCH_FUZZY,4bfac3ea-8763-4f4b-a71a-76a6f5f243d3,PRESERVED_SPECIMEN,http://creativecommons.org/licenses/by-nc/4.0/legalcode,https://www.gbif.org/occurrence/477906880,
Scytodes longipes,-55.0,-10.0,GBIF,477907709,BR,,301.0,INSTITUTION_MATCH_FUZZY;COLLECTION_MATCH_FUZZY,4bfac3ea-8763-4f4b-a71a-76a6f5f243d3,PRESERVED_SPECIMEN,http://creativecommons.org/licenses/by-nc/4.0/legalcode,https://www.gbif.org/occurrence/477907709,
Scytodes longipes,-87.05027,12.46934,GBIF,477983488,NI,,3036.0,INSTITUTION_MATCH_FUZZY;COLLECTION_MATCH_FUZZY,4bfac3ea-8763-4f4b-a71a-76a6f5f243d3,PRESERVED_SPECIMEN,http://creativecommons.org/licenses/by-nc/4.0/legalcode,https://www.gbif.org/occurrence/477983488,
Scytodes longipes,-87.05027,12.46934,GBIF,477983570,NI,,3036.0,INSTITUTION_MATCH_FUZZY;COLLECTION_MATCH_FUZZY,4bfac3ea-8763-4f4b-a71a-76a6f5f243d3,PRESERVED_SPECIMEN,http://creativecommons.org/licenses/by-nc/4.0/legalcode,https://www.gbif.org/occurrence/477983570,
Scytodes longipes,-79.26,-6.96,GBIF,477984246,PE,Cajamarca,115000.0,GEODETIC_DATUM_INVALID;GEODETIC_DATUM_ASSUMED_WGS84;RECORDED_DATE_MISMATCH;INSTITUTION_MATCH_FUZZY;COLLECTION_MATCH_FUZZY,4bfac3ea-8763-4f4b-a71a-76a6f5f243d3,PRESERVED_SPECIMEN,http://creativecommons.org/licenses/by-nc/4.0/legalcode,https://www.gbif.org/occurrence/477984246,
Scytodes longipes,-80.0,8.0,GBIF,477988056,PA,,329973.0,INDIVIDUAL_COUNT_CONFLICTS_WITH_OCCURRENCE_STATUS;INSTITUTION_MATCH_FUZZY;COLLECTION_MATCH_FUZZY,4bfac3ea-8763-4f4b-a71a-76a6f5f243d3,PRESERVED_SPECIMEN,http://creativecommons.org/licenses/by-nc/4.0/legalcode,https://www.gbif.org/occurrence/477988056,
Scytodes longipes,-72.0,4.0,GBIF,477988117,CO,,938933.0,INDIVIDUAL_COUNT_CONFLICTS_WITH_OCCURRENCE_STATUS;INSTITUTION_MATCH_FUZZY;COLLECTION_MATCH_FUZZY,4bfac3ea-8763-4f4b-a71a-76a6f5f243d3,PRESERVED_SPECIMEN,http://creativecommons.org/licenses/by-nc/4.0/legalcode,https://www.gbif.org/occurrence/477988117,
Scytodes longipes,146.01666,-17.5,GBIF,1100121167,AU,Queensland,,CONTINENT_DERIVED_FROM_COORDINATES;TAXON_CONCEPT_ID_NOT_FOUND;INSTITUTION_MATCH_FUZZY;COLLECTION_MATCH_FUZZY,dce8feb0-6c89-11de-8225-b8a03c50a862,PRESERVED_SPECIMEN,http://creativecommons.org/licenses/by/4.0/legalcode,https://www.gbif.org/occurrence/1100121167,
Scytodes longipes,-76.622783,2.4575,GBIF,1253409435,CO,,,COORDINATE_ROUNDED;GEODETIC_DATUM_ASSUMED_WGS84;CONTINENT_DERIVED_FROM_COORDINATES;PRESUMED_NEGATED_LONGITUDE;COLLECTION_MATCH_NONE;INSTITUTION_MATCH_FUZZY,96596036-f762-11e1-a439-00145eb45e9a,PRESERVED_SPECIMEN,http://creativecommons.org/licenses/by/4.0/legalcode,https://www.gbif.org/occurrence/1253409435,
Scytodes longipes,-77.616722,-1.065972,GBIF,1575903654,EC,Napo,20.36,COORDINATE_ROUNDED;COLLECTION_MATCH_NONE;INSTITUTION_MATCH_FUZZY,34e892b0-d9c7-11de-b793-b8a03c50a862,PRESERVED_SPECIMEN,http://creativecommons.org/licenses/by/4.0/legalcode,https://www.gbif.org/occurrence/1575903654,
Scytodes longipes,164.81667,-20.566668,GBIF,2446211546,NC,,,CONTINENT_DERIVED_FROM_COORDINATES;TAXON_CONCEPT_ID_NOT_FOUND;INSTITUTION_MATCH_FUZZY;COLLECTION_MATCH_FUZZY,dce8feb0-6c89-11de-8225-b8a03c50a862,PRESERVED_SPECIMEN,http://creativecommons.org/licenses/by/4.0/legalcode,https://www.gbif.org/occurrence/2446211546,
Scytodes longipes,166.5,-22.183332,GBIF,2446212706,NC,,,CONTINENT_DERIVED_FROM_COORDINATES;TAXON_CONCEPT_ID_NOT_FOUND;INSTITUTION_MATCH_FUZZY;COLLECTION_MATCH_FUZZY,dce8feb0-6c89-11de-8225-b8a03c50a862,PRESERVED_SPECIMEN,http://creativecommons.org/licenses/by/4.0/legalcode,https://www.gbif.org/occurrence/2446212706,
Scytodes longipes,166.43333,-22.266666,GBIF,2973667834,NC,,10000.0,CONTINENT_DERIVED_FROM_COORDINATES;TAXON_CONCEPT_ID_NOT_FOUND;INSTITUTION_MATCH_FUZZY;COLLECTION_MATCH_FUZZY,dce8feb0-6c89-11de-8225-b8a03c50a862,PRESERVED_SPECIMEN,http://creativecommons.org/licenses/by/4.0/legalcode,https://www.gbif.org/occurrence/2973667834,
Scytodes longipes,-53.23477,3.92404,GBIF,3846923425,GF,,201367.0,COUNTRY_MISMATCH;CONTINENT_DERIVED_FROM_COORDINATES;TAXON_ID_NOT_FOUND,6ed43f52-25d1-4d56-a821-63a8564b81f6,HUMAN_OBSERVATION,http://creativecommons.org/licenses/by/4.0/legalcode,https://www.gbif.org/occurrence/3846923425,
Scytodes longipes,-63.20893,18.03505,GBIF,3847035613,MF,,47299.0,COUNTRY_MISMATCH;TAXON_ID_NOT_FOUND,6ed43f52-25d1-4d56-a821-63a8564b81f6,HUMAN_OBSERVATION,http://creativecommons.org/licenses/by/4.0/legalcode,https://www.gbif.org/occurrence/3847035613,
Scytodes longipes,-53.23477,3.92404,GBIF,3935063945,GF,,201367.0,COUNTRY_MISMATCH;CONTINENT_DERIVED_FROM_COORDINATES;TAXON_ID_NOT_FOUND,91aa3d5b-6f77-4135-a823-cef438a60dfa,HUMAN_OBSERVATION,http://creativecommons.org/licenses/by/4.0/legalcode,https://www.gbif.org/occurrence/3935063945,
Scytodes longipes,-63.20893,18.03505,GBIF,3935080539,MF,,47299.0,COUNTRY_MISMATCH;TAXON_ID_NOT_FOUND,91aa3d5b-6f77-4135-a823-cef438a60dfa,HUMAN_OBSERVATION,http://creativecommons.org/licenses/by/4.0/legalcode,https://www.gbif.org/occurrence/3935080539,
Scytodes longipes,-53.24036,3.91451,GBIF,4547746625,GF,,201286.0,COUNTRY_MISMATCH;CONTINENT_DERIVED_FROM_COORDINATES;TAXON_ID_NOT_FOUND,f553f8f9-b147-4f09-86e5-0d1ce1a91ce0,HUMAN_OBSERVATION,http://creativecommons.org/licenses/by/4.0/legalcode,https://www.gbif.org/occurrence/4547746625,
Scytodes longipes,-63.06085,18.07928,GBIF,4547997741,MF,,9672.0,COUNTRY_MISMATCH;CONTINENT_DERIVED_FROM_COORDINATES;TAXON_ID_NOT_FOUND,f553f8f9-b147-4f09-86e5-0d1ce1a91ce0,HUMAN_OBSERVATION,http://creativecommons.org/licenses/by/4.0/legalcode,https://www.gbif.org/occurrence/4547997741,
Scytodes longipes,-64.95,-34.96,GBIF,4857497410,AR,,,GEODETIC_DATUM_ASSUMED_WGS84;CONTINENT_DERIVED_FROM_COORDINATES;OCCURRENCE_STATUS_INFERRED_FROM_INDIVIDUAL_COUNT;INSTITUTION_MATCH_NONE,b8c97ae9-e444-48d8-8705-198d8c1e6fdd,PRESERVED_SPECIMEN,http://creativecommons.org/licenses/by-nc/4.0/legalcode,https://www.gbif.org/occurrence/4857497410,
Scytodes longipes,106.7953,-6.595,GBIF,4857497411,ID,,,GEODETIC_DATUM_ASSUMED_WGS84;CONTINENT_DERIVED_FROM_COORDINATES;OCCURRENCE_STATUS_INFERRED_FROM_INDIVIDUAL_COUNT;INSTITUTION_MATCH_NONE,b8c97ae9-e444-48d8-8705-198d8c1e6fdd,PRESERVED_SPECIMEN,http://creativecommons.org/licenses/by-nc/4.0/legalcode,https://www.gbif.org/occurrence/4857497411,
Scytodes longipes,-66.16,8.016,GBIF,4857497417,VE,,,GEODETIC_DATUM_ASSUMED_WGS84;CONTINENT_DERIVED_FROM_COORDINATES;OCCURRENCE_STATUS_INFERRED_FROM_INDIVIDUAL_COUNT;INSTITUTION_MATCH_NONE,b8c97ae9-e444-48d8-8705-198d8c1e6fdd,PRESERVED_SPECIMEN,http://creativecommons.org/licenses/by-nc/4.0/legalcode,https://www.gbif.org/occurrence/4857497417,
Scytodes longipes,106.187,-6.6687,GBIF,4857497424,ID,,,GEODETIC_DATUM_ASSUMED_WGS84;CONTINENT_DERIVED_FROM_COORDINATES;OCCURRENCE_STATUS_INFERRED_FROM_INDIVIDUAL_COUNT;INSTITUTION_MATCH_NONE,b8c97ae9-e444-48d8-8705-198d8c1e6fdd,PRESERVED_SPECIMEN,http://creativecommons.org/licenses/by-nc/4.0/legalcode,https://www.gbif.org/occurrence/4857497424,
Scytodes longipes,144.229,-5.682,GBIF,4857637565,PG,,,GEODETIC_DATUM_ASSUMED_WGS84;CONTINENT_DERIVED_FROM_COORDINATES;OCCURRENCE_STATUS_INFERRED_FROM_INDIVIDUAL_COUNT;INSTITUTION_MATCH_NONE,b8c97ae9-e444-48d8-8705-198d8c1e6fdd,PRESERVED_SPECIMEN,http://creativecommons.org/licenses/by-nc/4.0/legalcode,https://www.gbif.org/occurrence/4857637565,
Scytodes longipes,-84.078,9.958,GBIF,4857637573,CR,,,GEODETIC_DATUM_ASSUMED_WGS84;CONTINENT_DERIVED_FROM_COORDINATES;OCCURRENCE_STATUS_INFERRED_FROM_INDIVIDUAL_COUNT;INSTITUTION_MATCH_NONE,b8c97ae9-e444-48d8-8705-198d8c1e6fdd,PRESERVED_SPECIMEN,http://creativecommons.org/licenses/by-nc/4.0/legalcode,https://www.gbif.org/occurrence/4857637573,
Scytodes longipes,109.1533,-6.9878,GBIF,4857637581,ID,,,GEODETIC_DATUM_ASSUMED_WGS84;CONTINENT_DERIVED_FROM_COORDINATES;OCCURRENCE_STATUS_INFERRED_FROM_INDIVIDUAL_COUNT;INSTITUTION_MATCH_NONE,b8c97ae9-e444-48d8-8705-198d8c1e6fdd,PRESERVED_SPECIMEN,http://creativecommons.org/licenses/by-nc/4.0/legalcode,https://www.gbif.org/occurrence/4857637581,
Scytodes longipes,106.7953,-6.595,GBIF,4857640822,ID,,,GEODETIC_DATUM_ASSUMED_WGS84;CONTINENT_DERIVED_FROM_COORDINATES;OCCURRENCE_STATUS_INFERRED_FROM_INDIVIDUAL_COUNT;INSTITUTION_MATCH_NONE,b8c97ae9-e444-48d8-8705-198d8c1e6fdd,PRESERVED_SPECIMEN,http://creativecommons.org/licenses/by-nc/4.0/legalcode,https://www.gbif.org/occurrence/4857640822,
Scytodes longipes,-83.73834,22.62109,GBIF,4913180438,CU,Pinar del Rio,,GEODETIC_DATUM_ASSUMED_WGS84;CONTINENT_DERIVED_FROM_COORDINATES;COLLECTION_MATCH_NONE;INSTITUTION_MATCH_FUZZY,040c5662-da76-4782-a48e-cdea1892d14c,MATERIAL_SAMPLE,http://creativecommons.org/licenses/by/4.0/legalcode,https://www.gbif.org/occurrence/4913180438,
Scytodes longipes,-83.69967,22.65364,GBIF,4916440192,CU,Pinar del Rio,,GEODETIC_DATUM_ASSUMED_WGS84;CONTINENT_DERIVED_FROM_COORDINATES;INSTITUTION_MATCH_NONE,040c5662-da76-4782-a48e-cdea1892d14c,MATERIAL_SAMPLE,http://creativecommons.org/licenses/by/4.0/legalcode,https://www.gbif.org/occurrence/4916440192,
Scytodes longipes,-83.69967,22.65364,GBIF,4916535044,CU,Pinar del Rio,,GEODETIC_DATUM_ASSUMED_WGS84;CONTINENT_DERIVED_FROM_COORDINATES;INSTITUTION_MATCH_NONE,040c5662-da76-4782-a48e-cdea1892d14c,MATERIAL_SAMPLE,http://creativecommons.org/licenses/by/4.0/legalcode,https://www.gbif.org/occurrence/4916535044,
Scytodes longipes,-83.69967,22.65364,GBIF,4916650652,CU,Pinar del Rio,,GEODETIC_DATUM_ASSUMED_WGS84;CONTINENT_DERIVED_FROM_COORDINATES;COLLECTION_MATCH_NONE;INSTITUTION_MATCH_FUZZY,040c5662-da76-4782-a48e-cdea1892d14c,MATERIAL_SAMPLE,http://creativecommons.org/licenses/by/4.0/legalcode,https://www.gbif.org/occurrence/4916650652,
Scytodes longipes,-83.69967,22.65364,GBIF,4916655630,CU,Pinar del Rio,,GEODETIC_DATUM_ASSUMED_WGS84;CONTINENT_DERIVED_FROM_COORDINATES;INSTITUTION_MATCH_NONE,040c5662-da76-4782-a48e-cdea1892d14c,MATERIAL_SAMPLE,http://creativecommons.org/licenses/by/4.0/legalcode,https://www.gbif.org/occurrence/4916655630,
Scytodes longipes,20.86667,-0.21667,GBIF,5841962473,CD,,,GEODETIC_DATUM_ASSUMED_WGS84;CONTINENT_DERIVED_FROM_COORDINATES;RECORDED_DATE_INVALID,8da1b266-12b0-4606-a6a4-664f09d28376,PRESERVED_SPECIMEN,http://creativecommons.org/licenses/by/4.0/legalcode,https://www.gbif.org/occurrence/5841962473,
Scytodes longipes,13.46667,-5.81667,GBIF,5842076957,CD,,,GEODETIC_DATUM_ASSUMED_WGS84;CONTINENT_DERIVED_FROM_COORDINATES,8da1b266-12b0-4606-a6a4-664f09d28376,PRESERVED_SPECIMEN,http://creativecommons.org/licenses/by/4.0/legalcode,https://www.gbif.org/occurrence/5842076957,
Scytodes longipes,-71.575,18.317,GBIF,6158971313,DO,,,GEODETIC_DATUM_ASSUMED_WGS84;COUNTRY_DERIVED_FROM_COORDINATES;CONTINENT_DERIVED_FROM_COORDINATES;TAXON_ID_NOT_FOUND;OCCURRENCE_STATUS_INFERRED_FROM_INDIVIDUAL_COUNT,81e7149f-c6e0-4c09-b97a-3e049efb8bc1,MATERIAL_CITATION,http://creativecommons.org/publicdomain/zero/1.0/legalcode,https://www.gbif.org/occurrence/6158971313,
Scytodes longipes,-83.7383,22.621,GBIF,6158971329,CU,,,GEODETIC_DATUM_ASSUMED_WGS84;COUNTRY_DERIVED_FROM_COORDINATES;CONTINENT_DERIVED_FROM_COORDINATES;TAXON_ID_NOT_FOUND;OCCURRENCE_STATUS_INFERRED_FROM_INDIVIDUAL_COUNT,81e7149f-c6e0-4c09-b97a-3e049efb8bc1,MATERIAL_CITATION,http://creativecommons.org/publicdomain/zero/1.0/legalcode,https://www.gbif.org/occurrence/6158971329,
Scytodes longipes,-66.5238,18.329,GBIF,6158971340,PR,,,GEODETIC_DATUM_ASSUMED_WGS84;COUNTRY_DERIVED_FROM_COORDINATES;CONTINENT_DERIVED_FROM_COORDINATES;TAXON_ID_NOT_FOUND;OCCURRENCE_STATUS_INFERRED_FROM_INDIVIDUAL_COUNT,81e7149f-c6e0-4c09-b97a-3e049efb8bc1,MATERIAL_CITATION,http://creativecommons.org/publicdomain/zero/1.0/legalcode,https://www.gbif.org/occurrence/6158971340,
Scytodes longipes,-63.1371,18.0633,GBIF,6158971363,MF,,,GEODETIC_DATUM_ASSUMED_WGS84;COUNTRY_DERIVED_FROM_COORDINATES;CONTINENT_DERIVED_FROM_COORDINATES;TAXON_ID_NOT_FOUND;OCCURRENCE_STATUS_INFERRED_FROM_INDIVIDUAL_COUNT,81e7149f-c6e0-4c09-b97a-3e049efb8bc1,MATERIAL_CITATION,http://creativecommons.org/publicdomain/zero/1.0/legalcode,https://www.gbif.org/occurrence/6158971363,
Scytodes longipes,-61.4461,12.5144,GBIF,6158971373,GD,,,GEODETIC_DATUM_ASSUMED_WGS84;COUNTRY_DERIVED_FROM_COORDINATES;CONTINENT_DERIVED_FROM_COORDINATES;TAXON_ID_NOT_FOUND;OCCURRENCE_STATUS_INFERRED_FROM_INDIVIDUAL_COUNT,81e7149f-c6e0-4c09-b97a-3e049efb8bc1,MATERIAL_CITATION,http://creativecommons.org/publicdomain/zero/1.0/legalcode,https://www.gbif.org/occurrence/6158971373,
Scytodes longipes,-61.4118,15.3802,GBIF,6158971380,DM,,,GEODETIC_DATUM_ASSUMED_WGS84;COUNTRY_DERIVED_FROM_COORDINATES;CONTINENT_DERIVED_FROM_COORDINATES;TAXON_ID_NOT_FOUND;OCCURRENCE_STATUS_INFERRED_FROM_INDIVIDUAL_COUNT,81e7149f-c6e0-4c09-b97a-3e049efb8bc1,MATERIAL_CITATION,http://creativecommons.org/publicdomain/zero/1.0/legalcode,https://www.gbif.org/occurrence/6158971380,
Scytodes longipes,-61.3828,15.2962,GBIF,6158971428,DM,,,GEODETIC_DATUM_ASSUMED_WGS84;COUNTRY_DERIVED_FROM_COORDINATES;CONTINENT_DERIVED_FROM_COORDINATES;TAXON_ID_NOT_FOUND;OCCURRENCE_STATUS_INFERRED_FROM_INDIVIDUAL_COUNT,81e7149f-c6e0-4c09-b97a-3e049efb8bc1,MATERIAL_CITATION,http://creativecommons.org/publicdomain/zero/1.0/legalcode,https://www.gbif.org/occurrence/6158971428,
Scytodes longipes,-65.8199,18.3216,GBIF,6158971459,PR,,,GEODETIC_DATUM_ASSUMED_WGS84;COUNTRY_DERIVED_FROM_COORDINATES;CONTINENT_DERIVED_FROM_COORDINATES;TAXON_ID_NOT_FOUND;OCCURRENCE_STATUS_INFERRED_FROM_INDIVIDUAL_COUNT,81e7149f-c6e0-4c09-b97a-3e049efb8bc1,MATERIAL_CITATION,http://creativecommons.org/publicdomain/zero/1.0/legalcode,https://www.gbif.org/occurrence/6158971459,
Scytodes longipes,-62.7807,17.3131,GBIF,6158971462,KN,,,GEODETIC_DATUM_ASSUMED_WGS84;COUNTRY_DERIVED_FROM_COORDINATES;CONTINENT_DERIVED_FROM_COORDINATES;TAXON_ID_NOT_FOUND;OCCURRENCE_STATUS_INFERRED_FROM_INDIVIDUAL_COUNT,81e7149f-c6e0-4c09-b97a-3e049efb8bc1,MATERIAL_CITATION,http://creativecommons.org/publicdomain/zero/1.0/legalcode,https://www.gbif.org/occurrence/6158971462,
Scytodes longipes,-77.7882,21.5916,GBIF,6158971491,CU,,,GEODETIC_DATUM_ASSUMED_WGS84;COUNTRY_DERIVED_FROM_COORDINATES;CONTINENT_DERIVED_FROM_COORDINATES;TAXON_ID_NOT_FOUND;OCCURRENCE_STATUS_INFERRED_FROM_INDIVIDUAL_COUNT,81e7149f-c6e0-4c09-b97a-3e049efb8bc1,MATERIAL_CITATION,http://creativecommons.org/publicdomain/zero/1.0/legalcode,https://www.gbif.org/occurrence/6158971491,
Scytodes longipes,-66.8492,17.9538,GBIF,6158971497,PR,,,GEODETIC_DATUM_ASSUMED_WGS84;COUNTRY_DERIVED_FROM_COORDINATES;CONTINENT_DERIVED_FROM_COORDINATES;TAXON_ID_NOT_FOUND;OCCURRENCE_STATUS_INFERRED_FROM_INDIVIDUAL_COUNT,81e7149f-c6e0-4c09-b97a-3e049efb8bc1,MATERIAL_CITATION,http://creativecommons.org/publicdomain/zero/1.0/legalcode,https://www.gbif.org/occurrence/6158971497,
Scytodes longipes,-61.2174,14.8392,GBIF,6158971505,MQ,,,GEODETIC_DATUM_ASSUMED_WGS84;COUNTRY_DERIVED_FROM_COORDINATES;CONTINENT_DERIVED_FROM_COORDINATES;TAXON_ID_NOT_FOUND;OCCURRENCE_STATUS_INFERRED_FROM_INDIVIDUAL_COUNT,81e7149f-c6e0-4c09-b97a-3e049efb8bc1,MATERIAL_CITATION,http://creativecommons.org/publicdomain/zero/1.0/legalcode,https://www.gbif.org/occurrence/6158971505,
Scytodes longipes,-61.2739,12.9918,GBIF,6158971509,VC,,,GEODETIC_DATUM_ASSUMED_WGS84;COUNTRY_DERIVED_FROM_COORDINATES;CONTINENT_DERIVED_FROM_COORDINATES;TAXON_ID_NOT_FOUND;OCCURRENCE_STATUS_INFERRED_FROM_INDIVIDUAL_COUNT,81e7149f-c6e0-4c09-b97a-3e049efb8bc1,MATERIAL_CITATION,http://creativecommons.org/publicdomain/zero/1.0/legalcode,https://www.gbif.org/occurrence/6158971509,
Scytodes longipes,-71.575,18.317,GBIF,6158971510,DO,,,GEODETIC_DATUM_ASSUMED_WGS84;COUNTRY_DERIVED_FROM_COORDINATES;CONTINENT_DERIVED_FROM_COORDINATES;TAXON_ID_NOT_FOUND;OCCURRENCE_STATUS_INFERRED_FROM_INDIVIDUAL_COUNT,81e7149f-c6e0-4c09-b97a-3e049efb8bc1,MATERIAL_CITATION,http://creativecommons.org/publicdomain/zero/1.0/legalcode,https://www.gbif.org/occurrence/6158971510,
Scytodes longipes,-61.4654,15.4986,GBIF,6158971512,DM,,,GEODETIC_DATUM_ASSUMED_WGS84;COUNTRY_DERIVED_FROM_COORDINATES;CONTINENT_DERIVED_FROM_COORDINATES;TAXON_ID_NOT_FOUND;OCCURRENCE_STATUS_INFERRED_FROM_INDIVIDUAL_COUNT,81e7149f-c6e0-4c09-b97a-3e049efb8bc1,MATERIAL_CITATION,http://creativecommons.org/publicdomain/zero/1.0/legalcode,https://www.gbif.org/occurrence/6158971512,
Scytodes longipes,-83.6997,22.6536,GBIF,6158971518,CU,,,GEODETIC_DATUM_ASSUMED_WGS84;COUNTRY_DERIVED_FROM_COORDINATES;CONTINENT_DERIVED_FROM_COORDINATES;TAXON_ID_NOT_FOUND;OCCURRENCE_STATUS_INFERRED_FROM_INDIVIDUAL_COUNT,81e7149f-c6e0-4c09-b97a-3e049efb8bc1,MATERIAL_CITATION,http://creativecommons.org/publicdomain/zero/1.0/legalcode,https://www.gbif.org/occurrence/6158971518,
Scytodes longipes,-77.563,18.3065,GBIF,6158971531,JM,,,GEODETIC_DATUM_ASSUMED_WGS84;COUNTRY_DERIVED_FROM_COORDINATES;CONTINENT_DERIVED_FROM_COORDINATES;TAXON_ID_NOT_FOUND;OCCURRENCE_STATUS_INFERRED_FROM_INDIVIDUAL_COUNT,81e7149f-c6e0-4c09-b97a-3e049efb8bc1,MATERIAL_CITATION,http://creativecommons.org/publicdomain/zero/1.0/legalcode,https://www.gbif.org/occurrence/6158971531,
Scytodes longipes,-60.9176,13.8668,GBIF,6158971559,LC,,,GEODETIC_DATUM_ASSUMED_WGS84;COUNTRY_DERIVED_FROM_COORDINATES;CONTINENT_DERIVED_FROM_COORDINATES;TAXON_ID_NOT_FOUND;OCCURRENCE_STATUS_INFERRED_FROM_INDIVIDUAL_COUNT,81e7149f-c6e0-4c09-b97a-3e049efb8bc1,MATERIAL_CITATION,http://creativecommons.org/publicdomain/zero/1.0/legalcode,https://www.gbif.org/occurrence/6158971559,
Scytodes longipes,-61.1655,13.1447,GBIF,6158971567,VC,,,GEODETIC_DATUM_ASSUMED_WGS84;COUNTRY_DERIVED_FROM_COORDINATES;CONTINENT_DERIVED_FROM_COORDINATES;TAXON_ID_NOT_FOUND;OCCURRENCE_STATUS_INFERRED_FROM_INDIVIDUAL_COUNT,81e7149f-c6e0-4c09-b97a-3e049efb8bc1,MATERIAL_CITATION,http://creativecommons.org/publicdomain/zero/1.0/legalcode,https://www.gbif.org/occurrence/6158971567,
