"scientific_name","longitude","latitude","group"
"Scytodes longipes",-73.979,5.644,2
"Scytodes longipes",-75.64083,4.52917,1
"Scytodes longipes",-61.28228,10.63737,2
"Scytodes longipes",-61.21667,10.55,2
"Scytodes longipes",-85.97831,11.83446,1
"Scytodes longipes",-83.94002,10.16425,2
"Scytodes longipes",-85.49524,10.96254,2
"Scytodes longipes",-84.15365,10.00621,1
"Scytodes longipes",-82.9627,9.02566,1
"Scytodes longipes",-66.8111,10.5012,1
"Scytodes longipes",-85.61549,10.83641,1
"Scytodes longipes",-84.00678,10.45491,1
"Scytodes longipes",-77.75,-9.5,2
"Scytodes longipes",-83.98881,9.98877,2
"Scytodes longipes",-89.20305,13.72,2
"Scytodes longipes",-89.17333,14.31917,1
"Scytodes longipes",-89.57167,14.02388,2
"Scytodes longipes",-68.72604,11.1602,1
"Scytodes longipes",-89.29,13.66805,1
"Scytodes longipes",-88.83862,13.61112,1
"Scytodes longipes",18.31667,0.05,2
"Scytodes longipes",23.76667,-3.38333,1
"Scytodes longipes",-87.4549,15.73961,1
"Scytodes longipes",22.41667,-5.9,1
"Scytodes longipes",15.31667,-4.31667,2
"Scytodes longipes",-69.64107,11.21624,1
"Scytodes longipes",13.05,-5.85,2
"Scytodes longipes",101.6936,3.1525,2
"Scytodes longipes",145.74226,-5.44566,1
"Scytodes longipes",-55,-10,1
"Scytodes longipes",-87.05027,12.46934,1
"Scytodes longipes",146.01666,-17.5,2
"Scytodes longipes",-76.62278,2.4575,2
"Scytodes longipes",-77.61672,-1.06597,2
"Scytodes longipes",164.81667,-20.56667,1
"Scytodes longipes",-99.22828,19.32802,1
"Scytodes longipes",166.5,-22.18333,2
"Scytodes longipes",-64.95,-34.96,1
"Scytodes longipes",106.7953,-6.595,2
"Scytodes longipes",-66.16,8.016,1
"Scytodes longipes",106.187,-6.6687,2
"Scytodes longipes",144.229,-5.682,2
"Scytodes longipes",109.1533,-6.9878,2
"Scytodes longipes",-84.31732,10.2045,1
"Scytodes longipes",-83.69967,22.65364,1
"Scytodes longipes",20.86667,-0.21667,2
"Scytodes longipes",13.46667,-5.81667,2
"Scytodes longipes",-71.575,18.317,1
"Scytodes longipes",-66.5238,18.329,1
"Scytodes longipes",-63.1371,18.0633,1
"Scytodes longipes",-61.4461,12.5144,1
"Scytodes longipes",-61.3828,15.2962,1
"Scytodes longipes",-75.77557,4.57383,1
"Scytodes longipes",-65.8199,18.3216,2
"Scytodes longipes",-62.7807,17.3131,2
"Scytodes longipes",-77.7882,21.5916,2
"Scytodes longipes",-66.8492,17.9538,1
"Scytodes longipes",-61.2174,14.8392,2
"Scytodes longipes",-61.2739,12.9918,2
"Scytodes longipes",-61.4654,15.4986,2
"Scytodes longipes",-77.563,18.3065,1
"Scytodes longipes",-60.9176,13.8668,1
"Scytodes longipes",-63.01994,18.04938,2
"Scytodes longipes",-61.1655,13.1447,2
"Scytodes longipes",110.67453,-8.00788,2
"Scytodes longipes",-99.737,19.3325,1
"Scytodes longipes",-78.174,2.964,1
"Scytodes longipes",-99.18277,19.41264,2
"Scytodes longipes",-159.5656,22.21975,2
"Scytodes longipes",-77.00018,-12.10824,2
"Scytodes longipes",-84.79892,10.28198,2
"Scytodes longipes",-62.82992,17.89115,1
"Scytodes longipes",-73.346,4.758,1
"Scytodes longipes",-157.80304,21.33279,2
"Scytodes longipes",-53.21165,3.62289,1
"Scytodes longipes",-80.01051,0.07138,2
"Scytodes longipes",-83.37156,22.65404,1
"Scytodes longipes",-90.30265,-0.7419,2
"Scytodes longipes",-85.46318,13.30991,2
"Scytodes longipes",-98.18527,18.98009,1
"Scytodes longipes",165.23282,-20.81594,1
"Scytodes longipes",119.54401,-4.80533,1
"Scytodes longipes",-77.5968,-11.10277,1
"Scytodes longipes",123.2218,10.5799,1
"Scytodes longipes",-74.38627,4.40291,2
"Scytodes longipes",-74.99059,6.39603,1
"Scytodes longipes",-52.3478,4.84576,2
"Scytodes longipes",-74.14708,11.15221,2
"Scytodes longipes",-98.16144,19.11927,2
"Scytodes longipes",-84.15877,10.16175,2
"Scytodes longipes",-83.73722,9.96258,1
"Scytodes longipes",-83.00702,22.79157,1
"Scytodes longipes",122.04946,10.7875,2
"Scytodes longipes",-73.10178,7.05087,1
"Scytodes longipes",-75.6577,4.67472,1
"Scytodes longipes",-156.39392,20.91345,2
"Scytodes longipes",-162.07702,5.87448,2
"Scytodes longipes",110.45068,-7.64164,2
"Scytodes longipes",110.29703,-7.73556,1
"Scytodes longipes",110.5405,-7.84117,2
"Scytodes longipes",-76.128,5.35,1
"Scytodes longipes",-87.00094,14.00697,2
"Scytodes longipes",-99.11458,19.31635,2
"Scytodes longipes",-77.81567,-0.99405,1
"Scytodes longipes",-75.13061,19.92234,2
"Scytodes longipes",-82.04214,23.01696,2
"Scytodes longipes",167.93373,-21.46372,2
"Scytodes longipes",-155.9731,19.61185,2
"Scytodes longipes",-71.92352,-13.50284,2
"Scytodes longipes",-100.77795,20.89988,1
"Scytodes longipes",-75.904,5.416,2
"Scytodes longipes",-60.92937,-2.63347,1
"Scytodes longipes",-99.09305,19.80393,2
"Scytodes longipes",144.76954,13.31404,1
"Scytodes longipes",-158.04,21.6748,2
"Scytodes longipes",-86.04033,13.24046,2
"Scytodes longipes",-85.9108,13.00026,2
"Scytodes longipes",-85.95363,11.70888,1
"Scytodes longipes",-90.82436,16.68758,1
"Scytodes longipes",-99.06,19.68,2
"Scytodes longipes",-99.18,19.52,2
"background",15.8541666666667,-4.47916666666666,1
"background",13.8958333333333,-5.39583333333333,2
"background",-75.7291666666667,6.02083333333334,2
"background",-83.7708333333333,9.27083333333333,2
"background",-69.3125,10.6458333333333,2
"background",-84.1875,22.0625,2
"background",-83.8125,9.4375,2
"background",13.3541666666667,-5.5625,2
"background",145.645833333333,-5.72916666666666,1
"background",-84.8958333333333,12.4791666666667,1
"background",-100.270833333333,20.5208333333333,1
"background",122.729166666667,10.5208333333333,1
"background",-90.7291666666667,16.6875,2
"background",-84.6875,10.1458333333333,1
"background",-77.3125,2.89583333333334,1
"background",-77.1041666666667,21.6041666666667,2
"background",22.8125,-6.77083333333333,2
"background",-99.2291666666667,20.0625,2
"background",-53.1875,4.72916666666667,2
"background",-76.9375,-10.3958333333333,2
"background",-155.979166666667,19.8125,2
"background",-83.3125,22.3541666666667,1
"background",-75.4791666666667,20.3541666666667,1
"background",122.9375,10.5625,2
"background",-77.1875,-10.3541666666667,1
"background",20.5208333333333,-0.104166666666664,1
"background",12.3125,-5.5625,1
"background",119.854166666667,-5.4375,1
"background",-72.0208333333333,18.7708333333333,1
"background",106.145833333333,-6.35416666666666,1
"background",120.354166666667,-5.35416666666666,2
"background",-77.6875,-10.0208333333333,1
"background",-87.3541666666667,14.9375,1
"background",-66.6041666666667,7.4375,2
"background",-78.3958333333333,21.6875,2
"background",-98.8125,19.5208333333333,1
"background",-66.4375,8.60416666666667,2
"background",-52.8541666666667,4.64583333333334,1
"background",-73.2291666666667,4.27083333333334,1
"background",-54.1041666666667,-9.89583333333333,2
"background",24.4791666666667,-3.0625,1
"background",144.270833333333,-5.14583333333333,2
"background",-61.6875,9.6875,2
"background",-89.6875,14.7291666666667,2
"background",-84.1041666666667,9.89583333333333,1
"background",108.354166666667,-7.3125,1
"background",-97.7708333333333,19.8125,2
"background",-99.8958333333333,19.0208333333333,2
"background",-61.6875,-2.89583333333333,1
"background",-53.6458333333333,3.52083333333334,1
"background",-89.4791666666667,14.9791666666667,2
"background",109.104166666667,-7.10416666666666,2
"background",-76.8958333333333,-10.0208333333333,1
"background",20.2291666666667,-0.4375,1
"background",-67.1041666666667,7.6875,1
"background",-83.2708333333333,22.4375,2
"background",-75.1458333333333,6.14583333333334,2
"background",23.1041666666667,-3.10416666666666,2
"background",-75.2708333333333,20.7291666666667,1
"background",-64.7708333333333,-35.5625,2
"background",-86.1041666666667,13.3541666666667,1
"background",19.0625,0.1875,1
"background",-75.0625,20.0625,2
"background",-73.3125,6.5625,1
"background",-68.6458333333333,11.3125,2
"background",-73.6458333333333,11.1875,1
"background",-66.3541666666667,7.35416666666667,2
"background",-98.8541666666667,20.5625,2
"background",-77.1458333333333,-0.3125,1
"background",-73.8958333333333,11.0625,2
"background",-53.1875,5.27083333333334,1
"background",123.8125,10.5625,2
"background",-77.3125,1.8125,2
"background",-77.3125,21.4375,2
"background",111.229166666667,-7.60416666666666,1
"background",13.3125,-6.0625,1
"background",15.1458333333333,-4.89583333333333,1
"background",-90.2291666666667,16.5625,2
"background",-84.5625,9.5625,2
"background",-54.7291666666667,-10.4375,2
"background",-60.0208333333333,-2.52083333333333,1
"background",-76.8541666666667,-11.6458333333333,2
"background",-60.8958333333333,-3.64583333333333,2
"background",-61.5208333333333,-2.10416666666666,2
"background",-82.6458333333333,9.35416666666667,1
"background",17.8541666666667,-0.6875,2
"background",-76.6458333333333,-12.6458333333333,1
"background",14.8958333333333,-4.9375,1
"background",-88.1458333333333,15.6458333333333,2
"background",-75.1875,20.0208333333333,2
"background",-100.3125,20.4791666666667,2
"background",-77.5208333333333,-8.8125,2
"background",123.104166666667,9.85416666666667,2
"background",111.229166666667,-8.1875,2
"background",-76.3958333333333,5.0625,2
"background",24.4375,-3.8125,2
"background",23.2708333333333,-5.60416666666666,2
"background",13.1875,-5.3125,1
"background",123.9375,11.0208333333333,2
"background",107.395833333333,-6.35416666666666,2
"background",-55.6458333333333,-10.1875,2
"background",-89.4375,14.5625,1
"background",22.8125,-6.3125,2
"background",-53.8958333333333,3.35416666666667,2
"background",-66.8541666666667,10.3541666666667,2
"background",-83.0208333333333,8.60416666666667,1
"background",-66.1458333333333,9.9375,2
"background",-88.1875,13.3958333333333,2
"background",-83.7291666666667,10.0208333333333,2
"background",120.395833333333,-4.64583333333333,1
"background",109.479166666667,-7.64583333333333,2
"background",-66.8125,7.47916666666667,2
"background",-71.4791666666667,-13.4791666666667,1
"background",-98.2708333333333,18.9791666666667,2
"background",123.604166666667,10.0625,2
"background",120.395833333333,-5.10416666666666,1
"background",-85.1041666666667,10.9791666666667,2
"background",145.604166666667,-5.1875,1
"background",-53.6041666666667,3.64583333333334,2
"background",123.979166666667,9.9375,1
"background",144.1875,-4.85416666666666,2
"background",-89.4791666666667,14.8541666666667,1
"background",-77.1458333333333,-0.645833333333332,1
"background",-155.145833333333,19.8125,2
"background",166.604166666667,-21.8958333333333,1
"background",-88.7291666666667,13.6458333333333,1
"background",-84.1875,22.1875,2
"background",-72.0208333333333,18.8125,1
"background",-71.2708333333333,-13.6875,2
"background",-77.7708333333333,0.0208333333333357,1
"background",-76.2291666666667,6.3125,1
"background",-65.6875,7.9375,1
"background",23.1875,-2.89583333333333,2
"background",22.8125,-3.14583333333333,2
"background",-76.1458333333333,4.85416666666667,1
"background",-52.3125,4.39583333333334,1
"background",-76.2291666666667,1.64583333333334,1
"background",-84.4375,22.0208333333333,1
"background",110.1875,-7.02083333333333,2
"background",-74.0208333333333,7.14583333333334,1
"background",-71.6458333333333,-13.4375,1
"background",-83.5625,9.22916666666667,2
"background",19.1041666666667,-0.145833333333332,2
"background",-87.9375,15.5625,1
"background",15.7708333333333,-4.64583333333333,2
"background",-74.1875,10.1458333333333,1
"background",-66.6458333333333,18.3125,2
"background",22.6458333333333,-5.60416666666666,2
"background",-72.3958333333333,7.3125,1
"background",-90.9791666666667,16.3958333333333,1
"background",-86.7708333333333,13.9375,2
"background",21.7708333333333,-0.145833333333332,2
"background",111.604166666667,-8.3125,2
"background",-76.5208333333333,-12.6458333333333,2
"background",21.4375,-0.8125,2
"background",101.229166666667,3.77083333333334,2
"background",101.770833333333,3.39583333333334,2
"background",-73.1458333333333,3.9375,2
"background",-99.8541666666667,20.7291666666667,2
"background",-76.8958333333333,-1.3125,2
"background",-76.1041666666667,-11.7708333333333,1
"background",-99.1458333333333,20.5625,1
"background",-85.9375,13.7291666666667,1
"background",119.770833333333,-4.10416666666666,2
"background",21.3541666666667,-0.1875,2
"background",-82.8958333333333,9.60416666666667,1
"background",-85.1041666666667,12.7291666666667,1
"background",-99.9375,19.5208333333333,1
"background",-77.1875,-10.5625,1
"background",18.7291666666667,0.104166666666668,2
"background",-85.4791666666667,11.9791666666667,2
"background",-66.0208333333333,7.22916666666667,2
"background",-84.5625,10.9791666666667,1
"background",-82.9375,9.4375,2
"background",-61.6041666666667,-2.97916666666666,1
"background",-77.1875,-11.8125,2
"background",-85.6458333333333,11.6458333333333,2
"background",17.6041666666667,0.270833333333336,1
"background",110.895833333333,-6.9375,1
"background",-88.2291666666667,14.6041666666667,1
"background",-61.0625,14.5625,2
"background",-87.5625,13.0208333333333,2
"background",-74.1041666666667,4.89583333333334,1
"background",-83.5625,8.9375,1
"background",145.854166666667,-18.3125,1
"background",24.6458333333333,-3.22916666666666,1
"background",-73.1458333333333,7.85416666666667,1
"background",-156.395833333333,20.6041666666667,1
"background",-70.4791666666667,10.9791666666667,2
"background",-87.5208333333333,15.1458333333333,1
"background",17.7291666666667,-0.0208333333333321,2
"background",-73.0208333333333,7.9375,1
"background",-91.6875,16.4791666666667,1
"background",13.4791666666667,-6.52083333333333,1
"background",-54.2291666666667,-10.5208333333333,1
"background",-52.8958333333333,4.35416666666667,2
"background",106.145833333333,-6.10416666666666,2
"background",-73.5625,7.6875,2
"background",-73.9375,6.5625,1
"background",-76.5208333333333,1.77083333333334,1
"background",-77.0625,-11.6875,1
"background",120.354166666667,-4.47916666666666,1
"background",-61.3541666666667,-3.5625,1
"background",-73.6458333333333,7.5625,1
"background",-100.3125,19.4791666666667,2
"background",-87.1875,15.5208333333333,2
"background",-98.4375,20.3958333333333,1
"background",-51.9375,4.27083333333334,2
"background",-60.6458333333333,-2.27083333333333,1
"background",-72.6041666666667,-13.1041666666667,1
"background",-66.4791666666667,9.89583333333333,1
"background",-85.2708333333333,11.1041666666667,2
"background",-77.6041666666667,2.52083333333334,1
"background",-77.0625,5.27083333333334,1
"background",-86.8541666666667,13.5208333333333,2
"background",-73.9375,5.72916666666667,1
"background",-74.7291666666667,4.77083333333334,1
"background",-77.9375,22.1041666666667,2
"background",13.8125,-6.35416666666666,1
"background",15.5625,-4.35416666666666,2
"background",101.354166666667,3.27083333333334,2
"background",-53.6875,4.02083333333334,2
"background",122.854166666667,9.72916666666667,1
"background",-65.9791666666667,7.22916666666667,1
"background",-72.8958333333333,5.35416666666667,2
"background",21.4791666666667,-5.52083333333333,1
"background",-77.1458333333333,21.3125,2
"background",15.1458333333333,-4.97916666666666,2
"background",144.354166666667,-6.02083333333333,2
"background",-76.2708333333333,-12.1041666666667,1
"background",-67.1041666666667,18.5208333333333,1
"background",-77.2291666666667,-1.9375,2
"background",17.8958333333333,0.895833333333336,1
"background",109.104166666667,-7.3125,2
"background",-64.5208333333333,-34.6875,1
"background",-77.3958333333333,18.3958333333333,2
"background",-65.0208333333333,-34.1041666666667,2
"background",-82.8541666666667,9.72916666666667,2
"background",101.479166666667,3.89583333333334,2
"background",-73.0208333333333,7.14583333333334,1
"background",-75.2291666666667,6.60416666666667,1
"background",20.1458333333333,0.145833333333336,1
"background",-70.9375,-13.5625,2
"background",108.520833333333,-7.1875,2
"background",-73.8541666666667,5.35416666666667,2
"background",-71.6875,19.3125,1
"background",-74.8125,6.4375,2
"background",-67.0625,18.4791666666667,1
"background",-76.0208333333333,2.1875,2
"background",-79.5208333333333,-0.270833333333332,2
"background",-76.3958333333333,4.97916666666667,1
"background",-85.1875,11.3958333333333,2
"background",-73.4791666666667,7.85416666666667,1
"background",-66.3125,18.4375,2
"background",-89.4791666666667,15.0625,1
"background",-81.4375,23.1041666666667,2
"background",-65.5208333333333,8.39583333333333,2
"background",-53.0208333333333,3.1875,2
"background",-73.7291666666667,6.02083333333334,2
"background",-64.6041666666667,-35.6041666666667,1
"background",-90.4791666666667,14.3541666666667,1
"background",-75.6875,5.4375,1
"background",-73.0208333333333,6.8125,1
"background",-74.3125,4.22916666666667,1
"background",-65.1458333333333,-35.4791666666667,1
"background",-65.6458333333333,8.4375,2
"background",-74.3125,3.8125,2
"background",-53.3125,3.60416666666667,2
"background",13.7291666666667,-5.5625,2
"background",-100.9375,20.1041666666667,2
"background",-79.8958333333333,0.229166666666668,2
"background",-82.6041666666667,8.9375,2
"background",146.0625,-18.4791666666667,1
"background",-155.270833333333,19.6041666666667,2
"background",-72.3541666666667,18.4375,1
"background",-62.2291666666667,16.7708333333333,1
"background",-98.0208333333333,18.9375,1
"background",23.1458333333333,-3.97916666666666,2
"background",-77.6875,20.8541666666667,2
"background",143.8125,-6.60416666666666,2
"background",-72.9375,4.64583333333334,2
"background",-83.3541666666667,9.35416666666667,2
"background",-83.5625,22.3541666666667,2
"background",-87.2291666666667,12.7708333333333,1
"background",21.8958333333333,-5.60416666666666,1
"background",-73.3958333333333,5.6875,2
"background",146.270833333333,-5.9375,2
"background",-79.1458333333333,0.4375,2
"background",-77.1458333333333,2.97916666666667,2
"background",13.6875,-5.27083333333333,1
"background",-72.5208333333333,6.60416666666667,1
"background",-72.7708333333333,7.3125,2
"background",21.6875,-0.395833333333332,2
"background",-97.3541666666667,18.6458333333333,1
"background",-70.4791666666667,10.8125,2
"background",-76.4375,4.5625,1
"background",-73.5625,5.35416666666667,2
"background",19.9375,-0.229166666666664,1
"background",-66.2291666666667,10.2291666666667,2
"background",-85.3541666666667,11.8958333333333,2
"background",108.395833333333,-7.47916666666666,1
"background",-84.6458333333333,13.8541666666667,1
"background",107.770833333333,-6.35416666666666,1
"background",20.4375,0.645833333333336,1
"background",144.1875,-6.14583333333333,1
"background",166.3125,-21.8541666666667,1
"background",13.0208333333333,-6.39583333333333,2
"background",-79.9375,-0.5625,2
"background",14.5208333333333,-4.27083333333333,1
"background",-73.3125,3.89583333333334,1
"background",21.5208333333333,-0.520833333333332,2
"background",-66.8125,10.3958333333333,1
"background",-66.8541666666667,8.02083333333333,2
"background",-86.9375,12.3958333333333,1
"background",-88.5208333333333,14.0208333333333,2
"background",-53.2708333333333,3.97916666666667,2
"background",17.9375,0.854166666666668,2
"background",12.8958333333333,-5.5625,2
"background",24.5208333333333,-3.9375,1
"background",-101.1875,20.1041666666667,1
"background",-99.8125,19.2291666666667,1
"background",144.0625,-6.22916666666666,2
"background",-72.3541666666667,4.97916666666667,1
"background",-75.7291666666667,2.14583333333334,1
"background",-77.3541666666667,-9.85416666666666,1
"background",-100.979166666667,21.4375,2
"background",-85.7708333333333,13.2708333333333,2
"background",-76.4791666666667,5.02083333333334,1
"background",-89.8958333333333,13.9375,1
"background",12.4791666666667,-6.27083333333333,2
"background",106.854166666667,-6.3125,1
"background",-76.3958333333333,-12.0625,1
"background",-89.3541666666667,15.0625,2
"background",-83.8541666666667,10.4375,1
"background",-85.1875,12.6458333333333,1
"background",-53.7708333333333,3.1875,1
"background",-66.4791666666667,8.1875,1
"background",-85.6875,13.8125,1
"background",-67.4375,9.89583333333333,1
"background",-76.5208333333333,-11.2708333333333,2
"background",20.3958333333333,0.1875,1
"background",-76.9375,5.22916666666667,1
"background",-79.9375,0.479166666666668,2
"background",-71.6875,18.6875,2
"background",-100.9375,20.6041666666667,2
"background",-64.6458333333333,-35.6458333333333,1
"background",-73.8958333333333,7.35416666666667,2
"background",-71.3958333333333,18.9791666666667,1
"background",-77.1458333333333,2.52083333333334,1
"background",-73.1041666666667,5.0625,1
"background",102.520833333333,3.22916666666667,1
"background",-90.3958333333333,16.3125,1
"background",-91.1458333333333,-0.3125,1
"background",-72.5208333333333,18.2708333333333,1
"background",12.3541666666667,-5.35416666666666,2
"background",-88.7291666666667,14.6458333333333,1
"background",-67.1458333333333,8.1875,1
"background",-90.8125,-0.770833333333332,1
"background",14.3125,-4.39583333333333,1
"background",-87.6041666666667,14.0625,1
"background",-79.1041666666667,-0.1875,2
"background",-52.8958333333333,4.6875,2
"background",105.979166666667,-6.3125,2
"background",-74.1041666666667,10.9375,2
"background",-86.1875,12.9791666666667,1
"background",-156.229166666667,20.6875,2
"background",106.979166666667,-6.77083333333333,2
"background",-75.9375,4.02083333333334,1
"background",119.895833333333,-5.52083333333333,2
"background",-77.3541666666667,21.0208333333333,2
"background",-78.1041666666667,21.4375,2
"background",-85.5625,12.6458333333333,1
"background",22.2291666666667,-5.3125,1
"background",-99.1041666666667,18.9791666666667,2
"background",-52.6041666666667,3.60416666666667,2
"background",-74.1875,10.1875,2
"background",-87.3125,13.1875,1
"background",-78.2291666666667,-9.4375,2
"background",-74.9375,5.72916666666667,1
"background",-74.2291666666667,3.85416666666667,2
"background",-78.1041666666667,2.10416666666667,2
"background",145.145833333333,-17.3958333333333,1
"background",22.2708333333333,-5.22916666666666,1
"background",24.3541666666667,-3.60416666666666,1
"background",23.4375,-3.97916666666666,2
"background",-83.0208333333333,8.5625,2
"background",-91.1875,17.0208333333333,2
"background",-85.3541666666667,12.1458333333333,1
"background",145.3125,-16.8125,2
"background",-71.9791666666667,18.9791666666667,2
"background",102.520833333333,3.39583333333334,1
"background",-74.8958333333333,5.97916666666667,1
"background",-82.3958333333333,8.4375,1
"background",-73.0625,5.89583333333334,2
"background",-76.7708333333333,-11.1041666666667,1
"background",-99.0625,19.1041666666667,1
"background",-74.1041666666667,7.1875,1
"background",-77.3958333333333,18.4375,1
"background",-75.3541666666667,6.47916666666667,1
"background",106.270833333333,-6.89583333333333,1
"background",-52.8125,2.85416666666667,1
"background",-83.4791666666667,10.1875,1
"background",-76.8125,5.14583333333334,2
"background",-98.7708333333333,18.3125,2
"background",119.854166666667,-4.4375,1
"background",144.395833333333,-5.02083333333333,2
"background",-65.4375,8.64583333333333,2
"background",-82.8541666666667,8.10416666666667,1
"background",-74.3125,10.6875,1
"background",105.645833333333,-5.8125,2
"background",-100.9375,21.1458333333333,2
"background",110.3125,-7.02083333333333,1
"background",-67.6041666666667,10.0208333333333,1
"background",-99.1458333333333,18.7291666666667,1
"background",-85.2708333333333,13.4375,2
"background",13.3958333333333,-6.52083333333333,2
"background",-52.3125,3.85416666666667,1
"background",-86.4791666666667,12.1875,1
"background",-100.854166666667,21.0208333333333,2
"background",110.6875,-8.10416666666666,1
"background",106.395833333333,-6.02083333333333,2
"background",-76.8541666666667,-11.0208333333333,1
"background",-90.2708333333333,13.9375,2
"background",-52.2708333333333,4.1875,1
"background",-73.3125,4.52083333333334,1
"background",-64.6875,-34.7291666666667,1
"background",-86.8958333333333,13.7291666666667,2
"background",102.1875,2.97916666666667,2
"background",-99.7291666666667,18.7291666666667,2
"background",123.479166666667,9.8125,1
"background",-89.0208333333333,15.1041666666667,1
"background",107.0625,-6.85416666666666,2
"background",-61.1458333333333,-3.4375,1
"background",-66.3125,10.1875,1
"background",-87.7708333333333,15.3541666666667,1
"background",-77.1875,-8.8125,2
"background",109.270833333333,-7.35416666666666,1
"background",18.5208333333333,0.479166666666668,2
"background",-71.7708333333333,-14.2291666666667,2
"background",-65.6875,-34.3125,2
"background",-88.4791666666667,14.6458333333333,2
"background",14.2291666666667,-6.02083333333333,2
"background",22.1875,-5.72916666666666,2
"background",-73.8125,5.97916666666667,2
"background",-85.1458333333333,11.3541666666667,1
"background",15.7708333333333,-3.64583333333333,2
"background",-52.1875,4.60416666666667,1
"background",143.9375,-5.89583333333333,1
"background",-74.6875,4.64583333333334,1
"background",-85.4375,11.0208333333333,1
"background",-66.1458333333333,10.2291666666667,1
"background",-61.6041666666667,-2.27083333333333,1
"background",-90.6041666666667,17.0625,1
"background",-100.104166666667,19.8958333333333,1
"background",-100.479166666667,21.4791666666667,2
"background",20.3541666666667,-1.10416666666666,1
"background",-90.4791666666667,16.6458333333333,2
"background",120.229166666667,-4.5625,2
"background",-66.7291666666667,7.97916666666667,1
"background",-75.8958333333333,3.0625,2
"background",-99.8125,18.8125,2
"background",-76.9375,1.64583333333334,2
"background",-77.8958333333333,21.5625,2
"background",-91.1041666666667,17.0208333333333,1
"background",145.854166666667,-17.8125,1
"background",24.5625,-2.97916666666666,1
"background",-75.4791666666667,6.14583333333334,2
"background",-66.0208333333333,17.9791666666667,1
"background",14.8125,-3.5625,1
"background",-84.7291666666667,10.3125,1
"background",-68.9791666666667,10.6041666666667,2
"background",-79.8125,-0.0208333333333321,2
"background",16.0208333333333,-3.85416666666666,2
"background",-82.6875,9.60416666666667,1
"background",-78.5208333333333,22.2291666666667,2
"background",-52.7291666666667,4.8125,1
"background",-74.8958333333333,5.02083333333334,2
"background",16.2291666666667,-4.60416666666666,1
"background",15.5625,-4.0625,2
"background",18.7708333333333,0.5625,2
"background",-65.4791666666667,7.39583333333334,1
"background",-88.5625,13.7291666666667,2
"background",14.0208333333333,-5.52083333333333,2
"background",-74.7708333333333,3.9375,2
"background",-83.3125,9.27083333333333,2
"background",-76.9791666666667,18.0625,1
"background",23.0625,-6.14583333333333,1
"background",21.8125,0.0625,2
"background",-100.4375,20.7708333333333,2
"background",-69.4375,11.0208333333333,1
"background",-90.2708333333333,14.4791666666667,2
"background",-75.8541666666667,3.72916666666667,2
"background",-87.9791666666667,13.3958333333333,1
"background",-85.8958333333333,12.2708333333333,1
"background",-76.3958333333333,-11.6041666666667,2
"background",-100.770833333333,21.2708333333333,2
"background",-52.8125,3.97916666666667,2
"background",-66.8958333333333,8.52083333333333,2
"background",-88.2291666666667,13.7708333333333,1
"background",-73.3125,11.0208333333333,1
"background",-89.3125,15.2291666666667,1
"background",-77.2291666666667,1.77083333333334,1
"background",-91.6458333333333,16.4375,2
"background",-74.4791666666667,3.5625,1
"background",165.854166666667,-21.8541666666667,2
"background",-87.4791666666667,15.6458333333333,2
"background",-73.3125,4.3125,2
"background",-55.8958333333333,-10.4375,2
"background",-66.1875,10.3958333333333,2
"background",-78.5208333333333,21.8125,1
"background",-77.8541666666667,-10.0625,1
"background",-86.7291666666667,13.1875,2
"background",144.020833333333,-4.85416666666666,2
"background",-77.6041666666667,-1.64583333333333,1
"background",22.2291666666667,-5.47916666666666,1
"background",-54.1041666666667,-9.64583333333333,1
"background",-76.8541666666667,2.6875,2
"background",-97.6875,18.8541666666667,2
"background",-60.0625,-2.47916666666666,2
"background",-71.4375,18.1041666666667,2
"background",-77.4791666666667,-0.270833333333332,1
"background",-64.5208333333333,-34.3958333333333,1
"background",-74.6875,5.8125,1
"background",-52.9791666666667,4.0625,1
"background",102.354166666667,3.1875,1
"background",-85.4375,11.4791666666667,2
"background",-84.8125,13.1458333333333,2
"background",-71.1041666666667,-13.5208333333333,2
"background",-160.229166666667,21.8541666666667,2
"background",-70.1041666666667,11.7708333333333,2
"background",24.2708333333333,-3.14583333333333,2
"background",-81.6458333333333,22.6041666666667,2
"background",-74.3541666666667,5.6875,2
"background",-76.2291666666667,2.52083333333334,2
"background",107.270833333333,-6.77083333333333,2
"background",-60.9791666666667,-2.64583333333333,1
"background",-77.2708333333333,18.3125,2
"background",-65.6875,8.14583333333333,1
"background",22.4791666666667,-6.5625,1
"background",-84.1875,9.8125,1
"background",-86.6041666666667,15.7708333333333,2
"background",-74.9375,5.85416666666667,1
"background",-53.1875,2.89583333333334,2
"background",145.395833333333,-17.7708333333333,1
"background",120.020833333333,-5.0625,2
"background",-76.9791666666667,-11.7291666666667,2
"background",-88.6458333333333,14.3125,2
"background",-70.7708333333333,18.6041666666667,2
"background",23.9791666666667,-3.97916666666666,2
"background",-78.1041666666667,22.2291666666667,1
"background",-65.9375,7.02083333333334,1
"background",-61.3958333333333,-2.72916666666666,1
"background",-82.1458333333333,22.9791666666667,2
"background",-71.8958333333333,-12.9791666666667,2
"background",-79.1041666666667,-0.104166666666664,1
"background",111.104166666667,-7.14583333333333,2
"background",-72.2708333333333,-12.7291666666667,2
"background",-54.1875,-10.0208333333333,1
"background",111.020833333333,-7.9375,1
"background",-155.145833333333,19.6458333333333,2
"background",-100.270833333333,21.0625,1
"background",-76.8958333333333,-1.0625,1
"background",165.229166666667,-21.3541666666667,2
"background",20.3958333333333,-1.10416666666666,1
"background",-61.3125,-2.89583333333333,2
"background",-66.0208333333333,9.9375,1
"background",-66.3958333333333,9.8125,1
"background",-85.5208333333333,10.1458333333333,1
"background",-100.395833333333,20.8541666666667,2
"background",-85.4791666666667,14.3125,2
"background",-87.2708333333333,13.0208333333333,1
"background",-99.3125,19.4375,2
"background",-74.9791666666667,6.47916666666667,2
"background",-78.3958333333333,22.1041666666667,1
"background",-74.0208333333333,10.6041666666667,1
"background",-86.3958333333333,12.7708333333333,1
"background",-100.8125,19.8958333333333,1
"background",110.3125,-7.52083333333333,1
"background",-77.5208333333333,-9.47916666666666,2
"background",-77.4375,-9.6875,2
"background",-97.8125,18.6875,1
"background",-73.7291666666667,4.5625,2
"background",-75.0208333333333,6.27083333333334,1
"background",-90.8541666666667,-0.770833333333332,2
"background",-77.8125,21.4375,2
"background",-76.3541666666667,4.8125,1
"background",-73.5625,3.8125,1
"background",107.604166666667,-6.22916666666666,1
"background",-79.7708333333333,0.770833333333336,2
"background",145.645833333333,-5.64583333333333,2
"background",-86.6875,12.3541666666667,2
"background",-74.3125,6.27083333333334,2
"background",-73.6875,6.85416666666667,2
"background",-65.4375,7.85416666666667,1
"background",-54.8958333333333,-9.64583333333333,2
"background",146.395833333333,-6.22916666666666,2
"background",-53.0208333333333,2.97916666666667,1
"background",15.4791666666667,-4.1875,1
"background",20.5625,-0.520833333333332,2
"background",-100.895833333333,20.6458333333333,1
"background",-90.8125,16.7291666666667,1
"background",-85.4375,11.9791666666667,2
"background",-155.354166666667,19.3125,1
"background",-77.2708333333333,-9.9375,1
"background",-85.1041666666667,11.9375,2
"background",123.1875,11.4375,2
"background",-53.3958333333333,4.10416666666667,1
"background",-86.8541666666667,13.6041666666667,1
"background",124.020833333333,10.2291666666667,1
"background",-78.1041666666667,-10.2708333333333,1
"background",-71.3125,19.0625,1
"background",-91.3541666666667,17.3541666666667,2
"background",23.8958333333333,-4.14583333333333,1
"background",-79.3541666666667,0.6875,2
"background",-85.1458333333333,12.6458333333333,2
"background",-73.0625,5.27083333333334,1
"background",-77.5625,21.3958333333333,2
"background",-72.8958333333333,4.89583333333334,2
"background",-84.6458333333333,10.0208333333333,1
"background",-64.1458333333333,-35.5625,2
"background",-89.1041666666667,14.6875,1
"background",-87.3541666666667,15.4375,1
"background",17.9791666666667,0.729166666666668,2
"background",145.479166666667,-4.6875,1
"background",-79.7708333333333,-0.895833333333332,2
"background",-54.0625,4.0625,2
"background",-61.5625,16.2708333333333,1
"background",-71.0208333333333,-13.1041666666667,2
"background",-99.8958333333333,21.3958333333333,2
"background",-70.0625,10.5208333333333,2
"background",-76.4375,3.85416666666667,1
"background",-74.4791666666667,5.4375,2
"background",14.3541666666667,-4.1875,2
"background",-77.0625,1.85416666666667,2
"background",-75.6041666666667,5.72916666666667,1
"background",-74.7708333333333,11.0208333333333,1
"background",101.229166666667,2.9375,2
"background",102.229166666667,3.35416666666667,1
"background",109.145833333333,-7.10416666666666,2
"background",23.0625,-3.64583333333333,1
"background",-91.6458333333333,16.3125,2
"background",-77.3958333333333,-8.9375,2
"background",-75.9375,5.64583333333334,2
"background",-77.5208333333333,2.47916666666667,1
"background",-85.5208333333333,12.3125,1
"background",21.1875,0.5625,1
"background",-61.4791666666667,-2.27083333333333,1
"background",-76.8541666666667,2.1875,2
"background",-155.3125,19.4791666666667,2
"background",-87.0625,15.6041666666667,1
"background",-74.8958333333333,5.27083333333334,1
"background",-76.9791666666667,2.39583333333334,1
"background",-66.7708333333333,7.8125,2
"background",-84.2291666666667,10.6041666666667,1
"background",107.229166666667,-6.4375,1
"background",14.7708333333333,-5.14583333333333,2
"background",15.1041666666667,-3.97916666666666,2
"background",-66.8958333333333,10.2291666666667,2
"background",-88.8958333333333,14.8125,1
"background",-91.1458333333333,-0.6875,2
"background",-68.2291666666667,10.2708333333333,1
"background",-156.729166666667,21.1041666666667,1
"background",-74.4375,4.60416666666667,2
"background",-74.6458333333333,4.02083333333334,1
"background",-88.2291666666667,13.1458333333333,1
"background",-90.3125,14.3541666666667,1
"background",-97.6875,18.1875,2
"background",-100.020833333333,20.1041666666667,1
"background",-91.1875,-0.854166666666664,1
"background",-71.1458333333333,18.4375,2
"background",-76.1041666666667,-11.8125,1
"background",15.3125,-4.89583333333333,1
"background",-89.8125,14.0208333333333,1
"background",143.9375,-5.22916666666666,1
"background",-73.9375,5.89583333333334,1
"background",-76.8125,-0.604166666666664,1
"background",123.270833333333,10.8125,1
"background",-66.7708333333333,9.6875,1
"background",-82.9375,8.52083333333333,1
"background",-72.8541666666667,4.0625,2
"background",-66.2708333333333,8.9375,2
"background",-72.6875,-13.3541666666667,1
"background",-61.2291666666667,-2.97916666666666,2
"background",-76.5208333333333,3.22916666666667,2
"background",-70.9791666666667,19.0625,1
"background",-72.1458333333333,-12.6458333333333,1
"background",-54.9375,-9.6875,2
"background",-77.5625,-11.2708333333333,2
"background",-75.4375,20.3541666666667,1
"background",-52.7708333333333,4.8125,2
"background",-77.2708333333333,20.7291666666667,1
"background",-67.1041666666667,10.1458333333333,2
"background",23.3541666666667,-5.72916666666666,2
"background",-155.270833333333,19.7291666666667,1
"background",-76.9791666666667,18.3541666666667,1
"background",-78.1875,-9.52083333333333,1
"background",-86.1041666666667,11.4791666666667,2
"background",-99.6041666666667,18.9791666666667,2
"background",-54.2291666666667,-9.77083333333333,2
"background",-83.7291666666667,22.5208333333333,2
"background",-75.9375,6.52083333333334,1
"background",-77.8541666666667,-0.229166666666664,1
"background",-85.7708333333333,12.1458333333333,2
"background",-76.3958333333333,2.6875,2
"background",122.9375,10.7291666666667,2
"background",-74.4375,5.89583333333334,1
"background",164.3125,-20.6458333333333,2
"background",-91.1458333333333,-0.729166666666664,2
"background",-86.6458333333333,13.2291666666667,1
"background",-72.4791666666667,6.97916666666667,2
"background",-101.520833333333,20.8541666666667,2
"background",-83.3541666666667,9.8125,1
"background",122.4375,9.85416666666667,2
"background",15.8125,-5.0625,1
"background",-78.5625,2.27083333333334,1
"background",-66.6875,9.72916666666667,2
"background",-85.9375,14.0208333333333,1
"background",-78.1875,-1.77083333333333,2
"background",-79.6458333333333,-0.395833333333332,2
"background",-70.5625,11.2291666666667,2
"background",-158.145833333333,21.4791666666667,2
"background",14.0625,-6.52083333333333,2
"background",145.8125,-5.22916666666666,1
"background",21.8958333333333,-5.1875,2
"background",22.3541666666667,-5.9375,1
"background",102.395833333333,2.52083333333334,1
"background",-74.7708333333333,3.5625,1
"background",-61.3125,-3.1875,2
"background",-83.1875,8.72916666666667,2
"background",-65.1458333333333,-35.3125,1
"background",-73.9375,7.39583333333334,1
"background",-76.8958333333333,2.89583333333334,2
"background",-73.5208333333333,4.10416666666667,1
"background",-99.1458333333333,18.5625,1
"background",-98.1875,19.5208333333333,2
"background",-73.7291666666667,5.52083333333334,2
"background",15.2291666666667,-3.5625,2
"background",13.3958333333333,-6.47916666666666,1
"background",-98.9375,20.3125,2
"background",-65.3958333333333,7.4375,1
"background",-76.3958333333333,-11.8958333333333,1
"background",-72.3958333333333,18.8125,1
"background",-90.1458333333333,14.3125,2
"background",-85.8125,13.7291666666667,1
"background",145.604166666667,-17.0625,1
"background",-91.3541666666667,16.1875,2
"background",165.8125,-21.3541666666667,1
"background",-54.3958333333333,-10.1041666666667,2
"background",122.229166666667,10.7291666666667,1
"background",21.0625,0.645833333333336,2
"background",-73.1041666666667,4.89583333333334,1
"background",22.8958333333333,-3.27083333333333,1
"background",-71.0208333333333,18.4375,1
"background",-75.4791666666667,6.1875,1
"background",-79.3541666666667,-0.520833333333332,1
"background",109.6875,-6.85416666666666,2
"background",-72.8541666666667,6.9375,1
"background",-98.5625,20.3958333333333,2
"background",-74.8125,6.14583333333334,2
"background",-78.1041666666667,-0.395833333333332,2
"background",-76.6875,-10.6875,1
"background",101.6875,2.85416666666667,1
"background",-77.9791666666667,-0.270833333333332,1
"background",-84.4791666666667,9.89583333333333,1
"background",111.395833333333,-7.4375,1
"background",143.729166666667,-5.22916666666666,2
"background",-75.3125,6.10416666666667,2
"background",-84.0208333333333,21.8958333333333,2
"background",-77.0625,-0.395833333333332,1
"background",-97.4375,19.5208333333333,1
"background",-75.3541666666667,19.9375,1
"background",-89.0208333333333,14.1458333333333,1
"background",-85.4791666666667,10.8958333333333,1
"background",-74.4791666666667,7.27083333333334,2
"background",-83.9375,22.6875,1
"background",-81.1458333333333,22.7708333333333,2
"background",-78.2708333333333,21.8958333333333,1
"background",-66.4791666666667,7.8125,2
"background",-85.6875,10.2708333333333,1
"background",-61.0208333333333,14.6041666666667,1
"background",-77.9791666666667,-8.64583333333333,1
"background",-77.5625,-11.1458333333333,2
"background",14.8958333333333,-4.39583333333333,2
"background",110.395833333333,-7.89583333333333,2
"background",145.854166666667,-5.72916666666666,2
"background",143.604166666667,-6.3125,2
"background",-76.3541666666667,-12.7291666666667,1
"background",-79.8958333333333,-0.5625,1
"background",-75.3541666666667,5.35416666666667,2
"background",123.895833333333,10.5208333333333,1
"background",-60.8958333333333,-1.89583333333333,1
"background",-71.1458333333333,18.3541666666667,1
"background",145.729166666667,-17.8958333333333,2
"background",-91.0625,16.0625,2
"background",-78.4791666666667,2.52083333333334,1
"background",-72.9791666666667,6.1875,1
"background",-75.3125,6.14583333333334,2
"background",-64.0208333333333,-35.3541666666667,1
"background",109.145833333333,-6.9375,2
"background",-100.895833333333,20.9791666666667,1
"background",-73.3125,4.4375,2
"background",107.104166666667,-6.8125,2
"background",-67.2291666666667,9.6875,2
"background",-54.5625,-10.6458333333333,2
"background",-73.2708333333333,3.77083333333334,2
"background",144.520833333333,-5.52083333333333,2
"background",-76.8958333333333,-9.6875,1
"background",-88.0625,15.5625,2
"background",102.604166666667,2.72916666666667,2
"background",-55.7291666666667,-9.85416666666666,1
"background",21.4791666666667,-0.520833333333332,1
"background",-79.3541666666667,-0.0208333333333321,1
"background",-90.6458333333333,15.8541666666667,1
"background",12.8125,-5.97916666666666,2
"background",-51.6875,4.10416666666667,1
"background",-66.1458333333333,8.10416666666667,2
"background",-77.3125,3.02083333333334,1
"background",-91.1458333333333,15.8958333333333,1
"background",-83.7291666666667,9.72916666666667,2
"background",-72.8958333333333,7.64583333333334,1
"background",-75.4791666666667,5.47916666666667,2
"background",145.6875,-16.9375,1
"background",-77.6458333333333,2.4375,2
"background",-77.3125,-1.3125,1
"background",20.1458333333333,0.395833333333336,2
"background",12.3958333333333,-5.97916666666666,1
"background",-65.3958333333333,-34.5625,1
"background",-100.020833333333,20.8958333333333,2
"background",19.3125,0.104166666666668,1
"background",-52.5625,3.60416666666667,1
"background",111.3125,-7.1875,1
"background",-73.9375,7.5625,1
"background",145.5625,-16.8541666666667,2
"background",-76.7291666666667,3.39583333333334,2
"background",24.1458333333333,-4.02083333333333,1
"background",-76.8958333333333,-1.60416666666666,2
"background",-90.1041666666667,16.9375,2
"background",-77.4791666666667,-0.895833333333332,2
"background",-72.5625,6.97916666666667,1
"background",165.770833333333,-21.6458333333333,2
"background",-74.8541666666667,20.3958333333333,2
"background",-100.3125,20.3958333333333,1
"background",-78.7291666666667,-1.39583333333333,1
"background",-76.8541666666667,5.0625,2
"background",-55.3125,-9.77083333333333,1
"background",-74.8958333333333,20.4375,1
"background",101.145833333333,3.64583333333334,1
"background",-76.3958333333333,5.77083333333334,1
"background",-54.6875,-9.97916666666666,2
"background",-71.6458333333333,-13.6875,2
"background",-97.3541666666667,19.4375,1
"background",20.0208333333333,-0.5625,2
"background",21.3541666666667,0.104166666666668,2
"background",-72.1875,18.6041666666667,1
"background",-85.1458333333333,13.6041666666667,2
"background",-52.9375,3.35416666666667,1
"background",-85.1041666666667,13.9791666666667,2
"background",18.1458333333333,0.479166666666668,1
"background",144.645833333333,-5.9375,2
"background",119.979166666667,-4.47916666666666,2
"background",-75.8958333333333,5.27083333333334,1
"background",164.9375,-21.0208333333333,1
"background",-67.0208333333333,9.89583333333333,2
"background",23.0625,-4.02083333333333,2
"background",145.9375,-4.64583333333333,2
"background",-55.8125,-9.72916666666666,2
"background",-75.5625,5.10416666666667,1
"background",-100.354166666667,21.1875,2
"background",-85.9375,12.4375,2
"background",-83.8541666666667,9.47916666666667,1
"background",-76.7708333333333,-1.3125,1
"background",-99.8125,21.1875,1
"background",14.3541666666667,-5.5625,2
"background",120.229166666667,-4.35416666666666,2
"background",145.1875,-17.2291666666667,2
"background",-90.2708333333333,14.4375,2
"background",-82.6041666666667,23.0625,1
"background",-70.0625,10.3958333333333,2
"background",-54.6458333333333,-9.22916666666666,2
"background",-156.5625,21.0208333333333,2
"background",23.1875,-5.9375,1
"background",-77.8125,2.27083333333334,2
"background",145.395833333333,-4.77083333333333,1
"background",-87.4791666666667,13.6458333333333,2
"background",-77.0625,-9.6875,1
"background",-75.1041666666667,4.60416666666667,2
"background",-69.2291666666667,10.3125,1
"background",-155.4375,20.0625,1
"background",-87.1875,15.6875,2
"background",-55.3541666666667,-10.2708333333333,2
"background",-156.979166666667,21.1458333333333,2
"background",-73.6458333333333,3.97916666666667,2
"background",-81.6875,22.8125,1
"background",-77.5208333333333,-0.0208333333333321,1
"background",-69.9375,10.3541666666667,1
"background",144.354166666667,-6.14583333333333,1
"background",-84.2708333333333,22.1041666666667,2
"background",23.1041666666667,-2.6875,1
"background",-53.6041666666667,4.47916666666667,2
"background",-72.6875,6.60416666666667,1
"background",-76.8541666666667,2.02083333333334,2
"background",18.0208333333333,0.895833333333336,1
"background",-88.4375,15.8541666666667,1
"background",-66.9791666666667,10.1875,1
"background",14.5208333333333,-3.97916666666666,1
"background",-80.1875,-0.645833333333332,2
"background",-84.3125,22.5208333333333,1
"background",120.020833333333,-5.35416666666666,2
"background",-82.4375,8.60416666666667,2
"background",106.229166666667,-6.47916666666666,1
"background",-100.145833333333,19.1458333333333,2
"background",-60.5625,11.3541666666667,2
"background",13.0625,-6.72916666666666,2
"background",-77.5208333333333,-10.2708333333333,2
"background",-72.9375,7.77083333333334,2
"background",144.770833333333,-6.35416666666666,1
"background",107.1875,-6.14583333333333,1
"background",-77.1875,1.60416666666667,1
"background",-85.1875,13.0625,2
"background",-76.1041666666667,1.72916666666667,1
"background",-73.2708333333333,7.85416666666667,1
"background",20.7291666666667,-0.3125,1
"background",22.8958333333333,-3.39583333333333,2
"background",-77.1458333333333,21.0208333333333,1
"background",-83.4791666666667,22.5625,1
"background",109.020833333333,-7.10416666666666,1
"background",22.8541666666667,-5.77083333333333,1
"background",-73.6875,6.02083333333334,2
"background",19.2708333333333,0.104166666666668,1
"background",-79.7291666666667,0.145833333333336,1
"background",-73.3541666666667,7.9375,1
"background",15.7291666666667,-4.8125,1
"background",-87.9791666666667,15.1041666666667,2
"background",21.8125,-6.64583333333333,2
"background",23.1875,-3.64583333333333,1
"background",-88.7708333333333,14.9791666666667,2
"background",17.4375,-0.0625,1
"background",-77.9375,18.1041666666667,2
"background",-80.3541666666667,-0.354166666666664,1
"background",107.020833333333,-6.47916666666666,1
"background",-72.6458333333333,-13.7708333333333,1
"background",-86.9375,13.2291666666667,1
"background",101.645833333333,3.1875,2
"background",-73.3541666666667,7.3125,1
"background",-87.7291666666667,15.0208333333333,2
"background",-61.6875,-2.9375,2
"background",-98.1041666666667,18.2291666666667,1
"background",-77.6458333333333,-9.14583333333333,1
"background",-97.1875,18.8125,1
"background",-79.2708333333333,0.0625,1
"background",101.8125,3.6875,2
"background",-97.6041666666667,19.9375,2
"background",12.6458333333333,-6.22916666666666,1
"background",143.729166666667,-5.47916666666666,1
"background",-74.7291666666667,5.89583333333334,2
"background",119.854166666667,-4.27083333333333,1
"background",-66.9791666666667,8.4375,2
"background",-99.3541666666667,19.4791666666667,1
"background",-88.6458333333333,14.2708333333333,2
"background",-73.2291666666667,5.39583333333334,2
"background",18.3125,-0.0208333333333321,1
"background",-70.5208333333333,11.0625,2
"background",146.104166666667,-18.4791666666667,2
"background",-86.3541666666667,13.2708333333333,1
"background",-77.9791666666667,-0.6875,2
"background",106.729166666667,-6.9375,1
"background",110.0625,-7.8125,1
"background",18.2291666666667,0.104166666666668,2
"background",-99.5625,18.3958333333333,2
"background",108.229166666667,-7.14583333333333,1
"background",-99.9791666666667,18.4375,2
"background",-66.0208333333333,18.1875,2
"background",106.0625,-6.85416666666666,2
"background",-91.1458333333333,17.0625,1
"background",-73.9791666666667,3.52083333333334,1
"background",-82.3125,22.8541666666667,1
"background",13.2708333333333,-6.8125,2
"background",110.0625,-7.77083333333333,1
"background",-78.4791666666667,22.3541666666667,1
"background",-74.7291666666667,6.1875,2
"background",-70.5625,10.8958333333333,2
"background",-76.8125,5.4375,2
"background",-90.7291666666667,15.9791666666667,1
"background",-77.7708333333333,21.9791666666667,2
"background",166.6875,-22.2291666666667,2
"background",-69.6041666666667,10.8541666666667,1
"background",122.229166666667,11.3541666666667,1
"background",108.4375,-7.02083333333333,1
"background",-71.8541666666667,18.9791666666667,1
"background",143.520833333333,-5.6875,2
"background",-86.1041666666667,12.6041666666667,2
"background",-100.270833333333,21.5208333333333,1
"background",-60.5208333333333,-2.14583333333333,2
"background",-77.1875,-11.0208333333333,1
"background",-86.2708333333333,13.3958333333333,1
"background",-65.7708333333333,-35.3541666666667,2
"background",-85.6458333333333,10.6041666666667,2
"background",107.1875,-7.4375,1
"background",-52.6875,4.77083333333334,1
"background",15.1875,-4.77083333333333,1
"background",-76.7708333333333,5.85416666666667,1
"background",-89.3958333333333,14.3958333333333,2
"background",-83.6875,9.52083333333333,2
"background",101.4375,2.85416666666667,2
"background",-61.6041666666667,9.72916666666667,1
"background",24.4791666666667,-3.22916666666666,1
"background",-85.6875,12.1041666666667,1
"background",-83.9791666666667,10.9375,2
"background",143.5625,-5.10416666666666,1
"background",15.7708333333333,-4.77083333333333,2
"background",110.354166666667,-8.0625,2
"background",106.9375,-7.0625,1
"background",18.6875,0.0625,1
"background",-90.4375,14.1041666666667,2
"background",-77.4375,-9.89583333333333,2
"background",20.6875,-0.104166666666664,1
"background",-85.4375,10.6875,1
"background",-101.270833333333,21.5625,1
"background",-67.1458333333333,18.1875,1
"background",14.6875,-3.72916666666666,2
"background",20.3958333333333,-0.645833333333332,1
"background",-61.7708333333333,-2.14583333333333,1
"background",-85.5208333333333,13.9375,1
"background",-64.9375,-35.4375,1
"background",109.270833333333,-6.85416666666666,1
"background",-76.5208333333333,-12.4791666666667,2
"background",-55.8125,-9.39583333333333,2
"background",-100.645833333333,19.7708333333333,2
"background",-59.9791666666667,-2.77083333333333,1
"background",-77.9375,21.6041666666667,2
"background",-85.2708333333333,10.4791666666667,2
"background",-70.1041666666667,11.1875,1
"background",-83.8125,22.6875,1
"background",-65.6458333333333,-34.9375,1
"background",-158.1875,21.4791666666667,1
"background",-78.3541666666667,21.9375,1
"background",-61.1041666666667,10.6875,1
"background",13.1041666666667,-5.85416666666666,1
"background",-99.6458333333333,19.1458333333333,2
"background",-60.1458333333333,-2.22916666666666,2
"background",109.645833333333,-7.60416666666666,2
"background",-74.5625,5.60416666666667,1
"background",-77.2708333333333,20.9791666666667,2
"background",-62.2291666666667,16.6875,2
"background",-76.8958333333333,1.5625,2
"background",15.2708333333333,-4.64583333333333,2
"background",23.1458333333333,-4.02083333333333,1
"background",-84.8958333333333,11.6458333333333,1
"background",-86.3958333333333,14.0625,2
"background",123.9375,10.2708333333333,1
"background",-99.1875,20.5208333333333,2
"background",-72.8541666666667,6.6875,2
"background",23.0625,-3.60416666666666,1
"background",-78.0625,-0.4375,2
"background",-65.0625,-34.8541666666667,1
"background",-85.4375,13.3958333333333,1
"background",23.3958333333333,-3.60416666666666,1
"background",108.3125,-7.47916666666666,2
"background",-77.1875,2.72916666666667,2
"background",122.645833333333,10.4791666666667,1
"background",-71.6041666666667,18.6458333333333,2
"background",-99.3958333333333,18.6458333333333,1
"background",-61.6041666666667,10.0625,1
"background",-89.9791666666667,14.5625,1
"background",109.9375,-7.0625,1
"background",-100.1875,19.8541666666667,2
"background",-72.9791666666667,7.47916666666667,2
"background",-73.8541666666667,6.0625,2
"background",-76.4791666666667,1.97916666666667,2
"background",164.020833333333,-20.3125,1
"background",-69.1875,11.4791666666667,1
"background",17.8125,-0.520833333333332,1
"background",-64.0208333333333,-34.6458333333333,2
"background",-74.3958333333333,6.72916666666667,2
"background",-86.3125,14.5625,1
"background",-69.8125,10.3125,2
"background",13.9791666666667,-5.60416666666666,2
"background",-101.1875,21.4375,1
"background",17.6875,0.729166666666668,1
"background",-68.5208333333333,10.7708333333333,1
"background",-73.5625,6.22916666666667,2
"background",-77.7291666666667,-8.6875,1
"background",-85.6458333333333,11.6875,1
"background",21.5625,-5.77083333333333,1
"background",-65.7291666666667,8.14583333333333,1
"background",-86.4791666666667,15.9791666666667,2
"background",12.7291666666667,-6.8125,1
"background",-82.8958333333333,22.7291666666667,2
"background",22.6041666666667,-6.5625,1
"background",13.9375,-6.02083333333333,1
"background",-77.7708333333333,-1.0625,2
"background",102.520833333333,2.9375,2
"background",-90.6458333333333,15.7291666666667,1
"background",-69.7291666666667,10.6041666666667,1
"background",-85.2708333333333,10.5625,1
"background",-52.6458333333333,2.8125,2
"background",-77.1875,-0.729166666666664,1
"background",-74.7708333333333,10.9791666666667,2
"background",-61.8541666666667,-2.85416666666666,1
"background",-77.8958333333333,18.2291666666667,2
"background",-159.6875,21.9791666666667,1
"background",144.770833333333,13.2708333333333,1
"background",-76.8958333333333,-9.64583333333333,2
"background",144.479166666667,-5.47916666666666,2
"background",-64.6458333333333,-35.5208333333333,2
"background",-75.3125,5.14583333333334,2
"background",-90.1041666666667,14.6875,1
"background",-100.3125,21.6041666666667,2
"background",18.8125,-0.6875,1
"background",119.854166666667,-4.97916666666666,1
"background",-76.6041666666667,1.64583333333334,2
"background",-86.6875,15.0625,2
"background",145.4375,-17.8541666666667,1
"background",18.6875,0.4375,2
"background",145.4375,-17.4375,2
"background",-71.7291666666667,-13.2708333333333,2
"background",-73.4791666666667,5.27083333333334,2
"background",-70.3125,11.0625,1
"background",-76.7291666666667,-1.27083333333333,2
"background",-85.4375,12.3541666666667,1
"background",-71.1041666666667,-13.6875,2
"background",-74.0208333333333,4.77083333333334,1
"background",-85.4791666666667,10.5208333333333,1
"background",-80.0625,-0.0208333333333321,1
"background",20.8958333333333,0.0625,1
"background",-157.9375,21.5625,1
"background",-75.6875,6.27083333333334,1
"background",-76.4791666666667,-11.6458333333333,1
"background",-65.6041666666667,-34.5208333333333,2
"background",-81.4375,22.2291666666667,1
"background",143.520833333333,-5.39583333333333,2
"background",-75.8541666666667,4.77083333333334,1
"background",18.8958333333333,-0.729166666666664,2
"background",-76.9791666666667,-0.5625,2
"background",-75.2708333333333,20.1041666666667,2
"background",-87.4375,15.2708333333333,2
"background",-91.7708333333333,16.3958333333333,1
"background",-52.6458333333333,3.9375,2
"background",-83.3958333333333,8.39583333333333,2
"background",-83.6875,9.9375,1
"background",-72.1875,-13.7291666666667,1
"background",-73.3125,10.5625,1
"background",-78.0208333333333,-8.9375,2
"background",-98.8125,19.8541666666667,1
"background",24.0625,-3.47916666666666,1
"background",-54.1458333333333,-9.89583333333333,2
"background",-73.1041666666667,4.14583333333334,2
"background",-54.3958333333333,-10.6875,1
"background",-83.2708333333333,22.3958333333333,1
"background",-87.4791666666667,15.3958333333333,1
"background",-84.5625,9.89583333333333,2
"background",24.2708333333333,-2.89583333333333,1
"background",-69.4375,10.3125,2
"background",-85.5208333333333,11.1875,2
"background",-82.8541666666667,22.6041666666667,1
"background",-91.1875,15.8541666666667,2
"background",20.1041666666667,0.395833333333336,2
"background",-77.3958333333333,-9.10416666666666,2
"background",-76.6458333333333,-11.1041666666667,1
"background",-86.6875,12.2291666666667,2
"background",144.354166666667,-6.1875,2
"background",22.3125,-6.60416666666666,2
"background",119.979166666667,-5.27083333333333,2
"background",102.6875,3.0625,1
"background",-68.7708333333333,11.2291666666667,1
"background",12.8541666666667,-6.60416666666666,1
"background",-85.7708333333333,11.6875,1
"background",-83.5208333333333,22.3541666666667,2
"background",-100.6875,19.3958333333333,2
"background",-89.8125,13.8541666666667,1
"background",109.354166666667,-6.89583333333333,2
"background",-53.8958333333333,3.47916666666667,1
"background",-53.6041666666667,4.35416666666667,1
"background",-82.3541666666667,8.52083333333333,2
"background",-52.3541666666667,3.64583333333334,1
"background",122.979166666667,10.3541666666667,2
"background",-74.5625,6.72916666666667,2
"background",-74.6875,4.72916666666667,2
"background",-72.2708333333333,18.8541666666667,1
"background",-77.7291666666667,-1.10416666666666,2
"background",-98.7708333333333,19.2291666666667,1
"background",109.020833333333,-6.77083333333333,1
"background",143.4375,-5.9375,2
"background",-78.7708333333333,-0.645833333333332,1
"background",-85.8541666666667,12.3958333333333,2
"background",145.1875,-6.0625,2
"background",-75.9375,4.5625,1
"background",-54.9375,-9.1875,2
"background",-65.5625,-35.6041666666667,2
"background",-52.3958333333333,3.0625,2
"background",107.4375,-6.9375,2
"background",-81.2291666666667,23.1041666666667,1
"background",110.395833333333,-7.14583333333333,1
"background",-79.8541666666667,-0.229166666666664,1
"background",20.2708333333333,-0.229166666666664,1
"background",-74.6875,10.7708333333333,1
"background",-65.2291666666667,-35.6875,1
"background",-84.4375,9.89583333333333,1
"background",-84.2708333333333,11.2291666666667,1
"background",-69.6041666666667,10.5625,1
"background",-90.3125,16.4791666666667,2
"background",-85.7708333333333,11.1041666666667,2
"background",-86.8125,15.3541666666667,1
"background",-90.8125,-0.8125,1
"background",164.104166666667,-20.1875,1
"background",107.770833333333,-6.8125,2
"background",-88.8125,14.1458333333333,2
"background",-82.6041666666667,9.4375,2
"background",-160.0625,21.9791666666667,1
"background",-55.1041666666667,-10.1041666666667,1
"background",106.479166666667,-6.77083333333333,2
"background",165.9375,-21.4375,2
"background",-74.9791666666667,5.27083333333334,2
"background",143.979166666667,-6.5625,1
"background",-78.2708333333333,-9.14583333333333,1
"background",-77.3541666666667,2.72916666666667,2
"background",-55.4791666666667,-10.5625,2
"background",-85.9375,12.8541666666667,1
"background",-90.7708333333333,15.7708333333333,2
"background",-77.3541666666667,-11.3125,2
"background",-85.3125,10.4375,2
"background",145.645833333333,-5.97916666666666,2
"background",-75.9791666666667,5.97916666666667,2
"background",-99.7291666666667,19.0208333333333,2
"background",-76.1041666666667,3.85416666666667,1
"background",120.145833333333,-4.97916666666666,2
"background",23.2708333333333,-3.97916666666666,2
"background",-65.0208333333333,-35.8541666666667,1
"background",-70.1875,10.8125,1
"background",-76.6458333333333,5.02083333333334,1
"background",15.5625,-4.02083333333333,2
"background",14.0625,-5.85416666666666,2
"background",-83.2291666666667,8.72916666666667,2
"background",-87.4375,12.8958333333333,1
"background",-73.3125,3.8125,2
"background",-53.0208333333333,3.9375,1
"background",-76.6458333333333,-0.979166666666664,1
"background",106.6875,-6.64583333333333,1
"background",-76.6458333333333,-12.5208333333333,2
"background",-65.5208333333333,8.64583333333333,1
"background",-77.8958333333333,-1.64583333333333,2
"background",-60.4791666666667,-2.1875,2
"background",-155.895833333333,19.0625,2
"background",-76.2708333333333,1.8125,2
"background",-77.1875,-0.9375,2
"background",22.1875,-5.89583333333333,2
"background",-86.9375,14.1041666666667,2
"background",-71.2291666666667,18.4791666666667,1
"background",22.8958333333333,-3.60416666666666,1
"background",-87.3125,14.7708333333333,2
"background",-72.5208333333333,4.60416666666667,1
"background",-79.3541666666667,0.270833333333336,1
"background",-53.5208333333333,3.35416666666667,2
"background",-75.8125,4.35416666666667,1
"background",-76.7708333333333,17.9375,2
"background",14.9375,-3.64583333333333,2
"background",-88.2708333333333,15.3125,2
"background",-76.3958333333333,6.02083333333334,2
"background",-77.8125,-9.64583333333333,1
"background",-86.8125,12.7708333333333,2
"background",12.9791666666667,-5.72916666666666,1
"background",-89.3125,14.8958333333333,1
"background",-72.1458333333333,-12.7291666666667,2
"background",-88.7291666666667,14.1875,2
"background",-53.1041666666667,5.10416666666667,2
"background",-55.6458333333333,-9.77083333333333,1
"background",-69.0625,10.3541666666667,2
"background",-78.0208333333333,-9.35416666666666,1
"background",12.6875,-5.4375,1
"background",-155.479166666667,19.5625,1
"background",-86.8125,14.4375,2
"background",106.854166666667,-6.64583333333333,1
"background",-155.895833333333,19.2291666666667,2
"background",108.5625,-7.64583333333333,1
"background",-78.1041666666667,-9.5625,2
"background",123.770833333333,9.89583333333333,2
"background",-53.2291666666667,4.89583333333334,2
"background",105.520833333333,-6.8125,1
"background",145.5625,-5.5625,2
"background",-74.1041666666667,4.97916666666667,2
"background",22.2708333333333,-5.5625,1
"background",-77.5208333333333,2.14583333333334,1
"background",-80.0208333333333,0.104166666666668,1
"background",-88.9375,13.8125,2
"background",-72.4375,-13.1875,2
"background",143.5625,-5.85416666666666,2
"background",145.5625,-18.0208333333333,2
"background",-81.2291666666667,22.4375,1
"background",-85.6875,11.1041666666667,1
"background",21.5208333333333,0.520833333333336,1
"background",101.270833333333,3.39583333333334,2
"background",-76.2708333333333,2.97916666666667,2
"background",-98.2291666666667,18.5625,2
"background",-64.1875,-34.2708333333333,2
"background",-85.4375,14.1458333333333,2
"background",-87.4375,13.7708333333333,2
"background",-89.9791666666667,14.4791666666667,2
"background",110.9375,-6.85416666666666,1
"background",-65.5208333333333,-35.4791666666667,2
"background",-75.1875,5.8125,1
"background",-97.6041666666667,19.0208333333333,1
"background",-71.5625,18.5625,2
"background",-100.854166666667,20.0208333333333,2
"background",-82.9791666666667,9.27083333333333,2
"background",101.5625,2.6875,1
"background",165.5625,-21.6458333333333,1
"background",-73.7291666666667,5.22916666666667,2
"background",22.7708333333333,-6.77083333333333,2
"background",-71.9791666666667,-14.1041666666667,1
"background",-87.2291666666667,12.6041666666667,1
"background",-65.0625,-34.4375,2
"background",13.0625,-6.64583333333333,1
"background",-78.2708333333333,-0.645833333333332,1
"background",143.854166666667,-4.8125,1
"background",-60.1458333333333,-2.14583333333333,1
"background",-87.0208333333333,15.7291666666667,2
"background",107.479166666667,-7.22916666666666,1
"background",144.770833333333,-6.4375,2
"background",145.4375,-4.97916666666666,2
"background",101.520833333333,4.0625,1
"background",-61.2708333333333,-2.8125,1
"background",-66.0625,8.27083333333333,1
"background",-54.1041666666667,4.0625,1
"background",-72.9375,7.5625,1
"background",-64.4375,-34.2708333333333,1
"background",-78.1875,-0.104166666666664,2
"background",122.854166666667,9.85416666666667,1
"background",-90.3958333333333,-1.35416666666666,1
"background",-91.4791666666667,17.0625,1
"background",144.3125,-6.0625,1
"background",-156.229166666667,20.6041666666667,1
"background",-65.2291666666667,-35.4375,2
"background",-83.9791666666667,22.3125,2
"background",-74.1041666666667,4.4375,2
"background",-61.6041666666667,16.2708333333333,2
"background",-86.2291666666667,13.1041666666667,1
"background",-75.2291666666667,5.4375,1
"background",-87.1875,12.5208333333333,2
"background",-156.145833333333,20.7708333333333,2
"background",-75.2291666666667,4.72916666666667,2
"background",111.395833333333,-7.5625,2
"background",-75.2708333333333,6.0625,1
"background",106.1875,-6.72916666666666,2
"background",-101.0625,20.1875,2
"background",-74.6875,6.89583333333334,2
"background",109.979166666667,-7.6875,1
"background",-75.2291666666667,4.85416666666667,2
"background",-54.9791666666667,-10.4791666666667,1
"background",-73.0208333333333,5.6875,2
"background",23.6458333333333,-3.4375,2
"background",13.3541666666667,-6.77083333333333,1
"background",-75.8958333333333,3.97916666666667,1
"background",-60.6875,-3.3125,2
"background",23.0625,-3.10416666666666,1
"background",-98.6875,20.3958333333333,2
"background",-67.2708333333333,9.72916666666667,1
"background",-70.1875,11.3958333333333,2
"background",16.1458333333333,-4.02083333333333,1
"background",144.270833333333,-5.35416666666666,1
"background",-89.6458333333333,13.7708333333333,2
"background",-76.3125,4.02083333333334,1
"background",-74.8541666666667,4.10416666666667,1
"background",-75.8958333333333,2.4375,1
"background",-72.8958333333333,7.97916666666667,1
"background",-77.8541666666667,2.4375,1
"background",-53.8958333333333,3.4375,1
"background",-155.1875,19.3541666666667,2
"background",-85.7291666666667,14.1875,2
"background",-98.0625,18.5625,2
"background",-88.5208333333333,14.5625,2
"background",165.8125,-21.6458333333333,2
"background",-73.0625,4.85416666666667,2
"background",23.8541666666667,-3.77083333333333,1
"background",-87.0208333333333,15.6458333333333,1
"background",24.0625,-4.0625,2
"background",-79.3958333333333,0.104166666666668,1
"background",-77.1458333333333,-11.0208333333333,2
"background",-76.8125,2.27083333333334,2
"background",119.770833333333,-4.64583333333333,2
"background",-53.0208333333333,5.22916666666667,2
"background",-77.0625,-11.8125,2
"background",23.0625,-5.14583333333333,1
"background",23.1041666666667,-3.35416666666666,1
"background",-52.1458333333333,4.14583333333334,2
"background",-54.8541666666667,-10.8541666666667,1
"background",22.8958333333333,-3.85416666666666,2
"background",-72.8958333333333,3.85416666666667,2
"background",-83.1458333333333,9.72916666666667,1
"background",-73.9791666666667,7.02083333333334,1
"background",-66.3125,7.4375,2
"background",164.354166666667,-20.3958333333333,2
"background",-61.2291666666667,-3.52083333333333,1
"background",-74.9791666666667,20.1875,1
"background",-83.0625,8.4375,1
"background",-77.0208333333333,3.3125,1
"background",15.2708333333333,-3.52083333333333,1
"background",-77.3958333333333,-9.9375,2
"background",23.0208333333333,-5.89583333333333,2
"background",-66.8541666666667,8.64583333333333,1
"background",-77.9375,-1.22916666666666,2
"background",-74.5208333333333,10.3958333333333,2
"background",14.8125,-4.14583333333333,2
"background",16.1875,-4.35416666666666,2
"background",-66.6875,9.8125,1
"background",-85.7708333333333,13.6458333333333,2
"background",119.604166666667,-5.02083333333333,1
"background",-99.1875,19.2708333333333,1
"background",-77.4375,20.8125,2
"background",-85.9791666666667,12.7291666666667,1
"background",102.4375,2.72916666666667,2
"background",-70.1875,11.6041666666667,1
"background",-77.9791666666667,2.60416666666667,2
"background",-76.3125,-11.3541666666667,2
"background",-74.6875,5.4375,1
"background",23.1041666666667,-5.22916666666666,1
"background",13.0625,-5.4375,1
"background",-53.0625,4.72916666666667,2
"background",106.604166666667,-6.85416666666666,1
"background",122.1875,11.5208333333333,1
"background",-99.6458333333333,18.6041666666667,2
"background",-67.7708333333333,10.4375,2
"background",-75.1458333333333,5.85416666666667,1
"background",-52.9375,3.1875,1
"background",-77.4791666666667,-9.47916666666666,1
"background",-73.3958333333333,6.72916666666667,2
"background",-77.6875,-0.479166666666664,2
"background",-60.3541666666667,-2.97916666666666,2
"background",-77.1041666666667,-8.8125,1
"background",18.5208333333333,-0.604166666666664,1
"background",145.645833333333,-6.14583333333333,2
"background",-88.5625,14.1875,2
"background",-98.1875,18.1875,2
"background",-84.5625,11.3125,1
"background",144.145833333333,-5.89583333333333,1
"background",110.6875,-7.8125,1
"background",-71.3541666666667,-13.7291666666667,1
"background",-90.3541666666667,-0.4375,2
"background",-98.6458333333333,20.3125,2
"background",-82.2708333333333,22.4791666666667,2
"background",-52.6875,4.52083333333334,2
"background",23.9791666666667,-3.14583333333333,2
"background",-78.1875,-10.1458333333333,2
"background",143.8125,-4.89583333333333,1
"background",-66.2291666666667,8.5625,2
"background",-82.9791666666667,21.8541666666667,1
"background",-60.9375,-3.47916666666666,1
"background",-77.0208333333333,21.5208333333333,2
"background",108.270833333333,-7.0625,1
"background",-75.0208333333333,5.6875,2
"background",-77.9375,-1.89583333333333,2
"background",-60.3125,-2.72916666666666,2
"background",15.3541666666667,-4.8125,1
"background",-155.395833333333,19.3958333333333,2
"background",-73.7708333333333,10.3958333333333,1
"background",-60.4791666666667,-2.6875,2
"background",101.520833333333,3.1875,1
"background",-65.4791666666667,8.22916666666667,1
"background",-73.3958333333333,3.8125,1
"background",-55.3541666666667,-10.4791666666667,2
"background",14.6875,-3.64583333333333,1
"background",-65.5208333333333,8.72916666666667,2
"background",-91.1041666666667,16.6458333333333,2
"background",-64.2708333333333,-35.4375,1
"background",-83.2291666666667,9.35416666666667,2
"background",119.729166666667,-4.85416666666666,2
"background",-100.0625,19.6458333333333,1
"background",145.4375,-17.8958333333333,1
"background",-78.6458333333333,21.7708333333333,2
"background",-77.9791666666667,-0.895833333333332,2
"background",-64.4375,-35.7291666666667,2
"background",-75.8541666666667,4.27083333333334,1
"background",-155.0625,19.6458333333333,1
"background",-88.7291666666667,14.8958333333333,2
"background",-97.9375,18.4375,2
"background",-87.2708333333333,13.1041666666667,2
"background",-85.5208333333333,13.0625,2
"background",144.104166666667,-6.60416666666666,2
"background",-85.8958333333333,11.6458333333333,1
"background",-86.6458333333333,13.6458333333333,2
"background",-100.479166666667,19.1041666666667,2
"background",-73.9791666666667,6.6875,1
"background",-65.4791666666667,-34.8541666666667,2
"background",145.520833333333,-5.0625,2
"background",-77.2291666666667,18.3125,1
"background",-97.2708333333333,19.1041666666667,2
"background",-85.7291666666667,11.5625,2
"background",22.0625,-6.77083333333333,1
"background",111.1875,-7.14583333333333,1
"background",13.5208333333333,-5.0625,2
"background",-100.0625,19.5208333333333,2
"background",-74.2291666666667,5.47916666666667,1
"background",-72.3541666666667,7.5625,2
"background",23.1041666666667,-6.5625,1
"background",-66.8541666666667,18.2291666666667,2
"background",-99.3125,19.5208333333333,1
"background",-74.3125,10.3958333333333,1
"background",102.5625,2.8125,2
"background",111.104166666667,-7.8125,2
"background",145.395833333333,-17.8958333333333,2
"background",-55.4791666666667,-10.8125,1
"background",-72.3125,6.60416666666667,2
"background",-98.3958333333333,18.1875,2
"background",-61.3958333333333,10.7708333333333,1
"background",108.270833333333,-7.22916666666666,1
"background",-73.5625,7.8125,1
"background",-64.2291666666667,-35.6875,1
"background",-90.3958333333333,16.0625,2
"background",-89.8958333333333,13.8541666666667,2
"background",18.0625,0.895833333333336,1
"background",23.3541666666667,-2.5625,2
"background",-68.6041666666667,10.3958333333333,1
"background",-77.9791666666667,-0.520833333333332,2
"background",-75.3958333333333,6.22916666666667,2
"background",145.9375,-17.9375,2
"background",144.479166666667,-6.3125,2
"background",-86.1875,12.6041666666667,1
"background",-85.1875,11.6875,2
"background",-66.1875,7.10416666666667,1
"background",23.1041666666667,-3.22916666666666,1
"background",106.0625,-6.14583333333333,1
"background",-60.9791666666667,-2.39583333333333,2
"background",-75.6875,5.64583333333334,1
"background",144.979166666667,-5.72916666666666,1
"background",-91.1041666666667,17.5625,1
"background",-76.8958333333333,1.89583333333334,2
"background",-72.3125,-13.2708333333333,1
"background",-86.5208333333333,12.6041666666667,1
"background",-55.1458333333333,-9.27083333333333,1
"background",-74.1458333333333,3.5625,1
"background",111.395833333333,-7.39583333333333,2
"background",-87.0625,14.7291666666667,2
"background",-73.8541666666667,7.6875,2
"background",-79.5208333333333,0.729166666666668,2
"background",-85.5208333333333,13.7708333333333,1
"background",21.4791666666667,0.0625,2
"background",-99.2291666666667,19.2708333333333,1
"background",-72.4375,6.9375,2
"background",-98.1875,19.9375,1
"background",-61.5208333333333,9.77083333333333,1
"background",-88.0208333333333,15.3958333333333,2
"background",-87.8541666666667,14.8958333333333,2
"background",-99.6875,19.9375,1
"background",167.1875,-20.8958333333333,2
"background",-155.4375,19.8125,2
"background",119.979166666667,-4.9375,2
"background",101.770833333333,3.89583333333334,2
"background",-83.5208333333333,8.5625,2
"background",-78.5208333333333,-0.729166666666664,1
"background",122.1875,10.8958333333333,1
"background",-73.9791666666667,11.2291666666667,1
"background",15.7708333333333,-4.1875,1
"background",-84.8958333333333,11.1041666666667,1
"background",-84.6875,10.7708333333333,1
"background",21.5208333333333,-0.0625,2
"background",-65.1041666666667,-35.6041666666667,1
"background",111.6875,-8.0625,2
"background",146.270833333333,-5.72916666666666,1
"background",-73.2708333333333,6.72916666666667,1
"background",22.1041666666667,-5.97916666666666,2
"background",-77.3541666666667,21.3958333333333,2
"background",-77.6041666666667,-1.9375,1
"background",107.104166666667,-6.77083333333333,2
"background",-83.7708333333333,10.3958333333333,1
"background",-100.645833333333,19.4791666666667,2
"background",-85.8541666666667,12.0625,2
"background",-75.5625,5.9375,1
"background",-77.7708333333333,-9.6875,2
"background",-98.4791666666667,19.3125,2
"background",-66.1041666666667,10.0625,1
"background",-100.354166666667,18.5208333333333,2
"background",-66.7291666666667,7.39583333333334,2
"background",15.7708333333333,-3.85416666666666,1
"background",-83.0625,8.5625,2
"background",143.270833333333,-5.89583333333333,1
"background",21.7708333333333,-5.10416666666666,2
"background",122.854166666667,11.2291666666667,1
"background",21.3958333333333,-0.729166666666664,2
"background",-83.3541666666667,9.72916666666667,2
"background",-75.5208333333333,4.14583333333334,1
"background",-77.4375,17.9791666666667,2
"background",-97.6041666666667,19.3541666666667,1
"background",22.9375,-5.22916666666666,1
"background",-77.8541666666667,-1.77083333333333,2
"background",-85.6875,14.2291666666667,2
"background",-77.2708333333333,17.9375,2
"background",-89.0208333333333,14.8958333333333,2
"background",145.770833333333,-6.39583333333333,1
"background",-70.1458333333333,10.6875,1
"background",109.1875,-7.1875,2
"background",21.5625,-0.729166666666664,2
"background",17.7291666666667,-0.645833333333332,1
"background",-66.8125,9.8125,2
"background",-73.8958333333333,4.1875,2
"background",-76.6458333333333,4.52083333333334,1
"background",-71.6458333333333,-13.7291666666667,2
"background",-85.2291666666667,13.9375,1
"background",-72.9375,6.5625,1
"background",-53.9375,3.85416666666667,1
"background",-74.0208333333333,10.6458333333333,1
"background",-89.8125,14.5208333333333,1
"background",-84.8125,13.2708333333333,2
"background",144.145833333333,-6.52083333333333,1
"background",-86.0625,11.7708333333333,1
"background",101.395833333333,3.47916666666667,2
"background",-74.1875,5.85416666666667,2
"background",-84.6875,10.4375,1
"background",-85.6875,12.2291666666667,2
"background",15.3125,-4.52083333333333,1
"background",-97.3958333333333,19.0208333333333,2
"background",18.1041666666667,-0.0625,1
"background",23.1458333333333,-5.89583333333333,1
"background",-101.1875,20.6875,2
"background",-77.9375,-8.72916666666666,2
"background",-65.8125,7.0625,1
"background",-73.2291666666667,8.0625,2
"background",-73.6041666666667,10.9791666666667,2
"background",-75.5208333333333,7.1875,2
"background",145.8125,-17.9791666666667,2
"background",123.0625,9.89583333333333,1
"background",-67.6875,10.4791666666667,1
"background",-82.5208333333333,8.35416666666667,2
"background",-87.0625,12.8958333333333,2
"background",18.0625,0.854166666666668,1
"background",-89.4375,13.8541666666667,1
"background",120.354166666667,-4.1875,2
"background",-54.1458333333333,-10.0625,2
"background",-84.4791666666667,9.85416666666667,1
"background",-91.0208333333333,-0.770833333333332,2
"background",-77.5625,-10.1041666666667,2
"background",-99.3958333333333,19.9375,1
"background",107.4375,-6.4375,2
"background",145.6875,-4.8125,1
"background",-74.6458333333333,4.97916666666667,2
"background",-61.8125,-2.3125,1
"background",102.645833333333,2.8125,1
"background",21.4375,-5.64583333333333,2
"background",18.0625,0.6875,1
"background",20.4791666666667,0.395833333333336,2
"background",-86.9791666666667,14.5208333333333,1
"background",-73.6041666666667,6.5625,1
"background",-71.4375,18.8541666666667,1
"background",144.520833333333,-6.1875,2
"background",-61.6458333333333,-1.9375,1
"background",-64.7708333333333,-34.8125,1
"background",-65.3958333333333,-34.3125,2
"background",-65.3125,-34.0625,2
"background",15.1458333333333,-4.9375,2
"background",-73.2291666666667,7.0625,2
"background",-55.1875,-10.6041666666667,2
"background",119.6875,-4.35416666666666,2
"background",-77.8541666666667,2.60416666666667,1
"background",23.2708333333333,-6.35416666666666,1
"background",-72.3958333333333,-14.1041666666667,2
"background",108.895833333333,-7.27083333333333,1
"background",-77.8958333333333,20.7291666666667,2
"background",-101.1875,20.3125,1
"background",-67.2291666666667,10.3125,1
"background",-99.1041666666667,20.8125,2
"background",-99.7708333333333,20.4375,2
"background",-74.3125,4.9375,2
"background",106.9375,-6.77083333333333,2
"background",22.8541666666667,-6.8125,1
"background",-84.2708333333333,9.47916666666667,2
"background",-64.8541666666667,-34.5208333333333,1
"background",-70.3958333333333,11.1041666666667,1
"background",-68.8125,10.3125,2
"background",144.3125,-4.85416666666666,1
"background",-78.0625,-0.895833333333332,1
"background",12.9375,-5.60416666666666,2
"background",16.1041666666667,-4.5625,1
"background",-83.2708333333333,8.6875,1
"background",-75.9375,5.02083333333334,1
"background",-85.5625,12.0208333333333,2
"background",-83.6458333333333,9.6875,1
"background",-85.6041666666667,11.5625,1
"background",-77.1458333333333,-9.6875,2
"background",-86.9791666666667,14.8125,2
"background",-85.1458333333333,9.6875,1
"background",-85.8541666666667,13.6875,2
"background",-83.3541666666667,10.2291666666667,2
"background",-70.5208333333333,10.7708333333333,1
"background",-60.6041666666667,-1.89583333333333,2
"background",-64.4791666666667,-35.4791666666667,1
"background",120.020833333333,-4.4375,1
"background",109.479166666667,-7.6875,1
"background",-73.3958333333333,6.5625,2
"background",21.8125,-6.39583333333333,1
"background",20.9375,-0.645833333333332,2
"background",-72.3541666666667,7.0625,2
"background",-75.3125,20.5625,1
"background",-89.6041666666667,13.6875,1
"background",-79.4791666666667,0.0625,1
"background",-98.6458333333333,20.2291666666667,1
"background",15.8125,-4.1875,1
"background",-91.3125,16.6041666666667,2
"background",107.395833333333,-6.52083333333333,2
"background",-76.3958333333333,5.89583333333334,2
"background",-65.9791666666667,8.14583333333333,2
"background",-70.5208333333333,10.8125,1
"background",23.4375,-2.6875,1
"background",-75.9791666666667,3.6875,1
"background",-98.0625,19.6875,2
"background",-78.4375,21.8541666666667,1
"background",-65.7291666666667,-35.3958333333333,1
"background",119.8125,-4.8125,2
"background",21.9375,-5.35416666666666,1
"background",22.0625,-5.27083333333333,1
"background",-100.395833333333,19.3541666666667,2
"background",108.979166666667,-7.14583333333333,2
"background",-76.8125,3.39583333333334,1
"background",-72.1458333333333,-13.5625,2
"background",-84.4791666666667,10.3958333333333,1
"background",-86.2708333333333,14.1041666666667,2
"background",-72.4791666666667,-13.7291666666667,2
"background",-66.0208333333333,7.72916666666667,2
"background",111.6875,-7.9375,1
"background",-69.8541666666667,10.3958333333333,2
"background",-65.9791666666667,18.3958333333333,1
"background",102.229166666667,3.3125,2
"background",-77.1875,-10.6458333333333,2
"background",-78.2708333333333,21.2291666666667,1
"background",-77.1458333333333,-8.89583333333333,2
"background",-52.1875,4.22916666666667,2
"background",23.3541666666667,-5.5625,2
"background",-91.7291666666667,16.8541666666667,2
"background",-65.2291666666667,-33.9791666666667,2
"background",108.645833333333,-7.60416666666666,2
"background",-61.0208333333333,-2.64583333333333,2
"background",-70.9791666666667,-13.6041666666667,1
"background",-73.8958333333333,3.97916666666667,1
"background",106.770833333333,-6.47916666666666,2
"background",-86.5208333333333,13.3541666666667,2
"background",122.895833333333,11.3541666666667,1
"background",101.9375,2.39583333333334,2
"background",-76.6041666666667,5.22916666666667,1
"background",-83.0208333333333,8.27083333333333,1
"background",-100.729166666667,20.9375,1
"background",-77.4375,-0.520833333333332,2
"background",-78.3958333333333,21.3541666666667,2
"background",120.354166666667,-4.39583333333333,2
"background",-74.2708333333333,3.85416666666667,1
"background",-77.4375,-0.104166666666664,1
"background",-54.8541666666667,-9.1875,1
"background",-61.2708333333333,13.1875,1
"background",-54.3125,-9.89583333333333,2
"background",-78.5208333333333,-1.1875,1
"background",-85.4791666666667,13.2291666666667,1
"background",-77.4375,-10.6875,2
"background",22.8125,-6.60416666666666,2
"background",111.479166666667,-7.5625,1
"background",167.3125,-21.1875,1
"background",-66.8125,8.14583333333333,2
"background",-87.0208333333333,13.4375,1
"background",-65.9791666666667,7.02083333333334,1
"background",-77.6041666666667,-0.0625,2
"background",-76.2291666666667,3.9375,1
"background",-72.6041666666667,7.5625,1
"background",14.6458333333333,-4.3125,2
"background",-72.7708333333333,7.1875,1
"background",-64.8125,-35.6041666666667,1
"background",-53.8125,4.14583333333334,2
"background",-68.3125,10.9791666666667,2
"background",-82.4375,9.02083333333333,1
"background",-88.1041666666667,14.9791666666667,2
"background",-85.7291666666667,12.4375,1
"background",17.9375,0.5625,2
"background",-84.8541666666667,10.8541666666667,2
"background",17.8958333333333,0.604166666666668,2
"background",-76.3958333333333,-11.4791666666667,2
"background",-85.0208333333333,13.5625,2
"background",15.3125,-4.47916666666666,2
"background",-73.8541666666667,4.77083333333334,1
"background",22.1875,-6.85416666666666,2
"background",166.020833333333,-21.4375,1
"background",-76.9375,-9.52083333333333,2
"background",-88.2708333333333,14.3958333333333,1
"background",119.979166666667,-4.14583333333333,2
"background",-87.0625,14.8125,1
"background",102.354166666667,3.22916666666667,1
"background",-99.8958333333333,21.3541666666667,2
"background",-158.145833333333,21.5625,1
"background",-91.2708333333333,15.9791666666667,2
"background",-53.0208333333333,3.5625,2
"background",-86.5208333333333,14.3125,1
"background",-90.6041666666667,16.1041666666667,2
"background",18.0625,-0.354166666666664,2
"background",-75.1458333333333,20.6875,1
"background",-73.8541666666667,10.4375,1
"background",106.4375,-6.77083333333333,2
"background",-75.8541666666667,6.64583333333334,1
"background",23.9375,-2.97916666666666,2
"background",-73.5625,4.52083333333334,2
"background",-53.4791666666667,3.8125,2
"background",-89.2291666666667,14.3541666666667,2
"background",-98.3125,18.2291666666667,1
"background",-100.895833333333,20.7291666666667,2
"background",-65.6041666666667,-35.1041666666667,1
"background",-88.1875,15.0208333333333,2
"background",15.3541666666667,-4.02083333333333,2
"background",-54.4375,-10.8125,1
"background",164.229166666667,-20.1458333333333,1
"background",-79.4375,-0.6875,2
"background",-82.6458333333333,8.89583333333333,1
"background",-155.5625,19.1875,2
"background",-86.8541666666667,14.3125,1
"background",-98.5625,20.6458333333333,1
"background",-61.7291666666667,-2.47916666666666,2
"background",21.1458333333333,0.104166666666668,1
"background",14.2291666666667,-6.3125,1
"background",-155.354166666667,19.8958333333333,2
"background",17.8958333333333,0.729166666666668,1
"background",-61.5625,16.2291666666667,2
"background",-87.0625,13.1875,2
"background",-100.145833333333,20.8541666666667,1
"background",21.8125,-5.89583333333333,1
"background",-76.1875,3.27083333333334,1
"background",-98.5625,18.4791666666667,1
"background",-78.4791666666667,-1.10416666666666,1
"background",-52.9791666666667,4.4375,2
"background",-90.4375,0.270833333333336,2
"background",-60.6875,-3.14583333333333,2
"background",24.6041666666667,-3.4375,2
"background",-73.7291666666667,11.1458333333333,1
"background",106.4375,-6.10416666666666,2
"background",-72.3541666666667,-13.1458333333333,2
"background",-86.4375,14.6041666666667,2
"background",12.5208333333333,-6.10416666666666,1
"background",102.5625,2.64583333333334,2
"background",-83.6458333333333,22.6458333333333,2
"background",-55.0208333333333,-10.7291666666667,1
"background",21.2708333333333,-0.354166666666664,1
"background",-76.7708333333333,-12.3958333333333,2
"background",-75.5208333333333,20.7291666666667,2
"background",-66.3958333333333,18.0208333333333,2
"background",-71.2708333333333,-13.5625,2
"background",-73.6458333333333,5.85416666666667,1
"background",-72.3958333333333,-12.8541666666667,1
"background",-55.3125,-9.14583333333333,1
"background",109.645833333333,-7.52083333333333,1
"background",24.0208333333333,-3.27083333333333,1
"background",-88.6458333333333,13.9791666666667,2
"background",-77.3958333333333,-9.72916666666666,1
"background",-74.3125,6.52083333333334,1
"background",145.354166666667,-5.72916666666666,2
"background",144.270833333333,-4.89583333333333,1
"background",122.520833333333,10.6041666666667,2
"background",-77.4375,21.3541666666667,1
"background",-77.7708333333333,-0.8125,1
"background",-84.6041666666667,13.4375,2
"background",-64.6458333333333,-34.7291666666667,2
"background",-75.5208333333333,4.89583333333334,2
"background",123.1875,10.5625,1
"background",-98.0625,18.3541666666667,2
"background",-98.6458333333333,19.5625,1
"background",-82.8541666666667,8.47916666666667,1
"background",-77.2291666666667,-1.8125,2
"background",-89.3125,15.2708333333333,2
"background",-74.0208333333333,3.85416666666667,2
"background",-66.2291666666667,18.3958333333333,2
"background",-66.9375,8.22916666666667,1
"background",-75.3541666666667,7.02083333333334,2
"background",-79.8541666666667,0.729166666666668,2
"background",22.1041666666667,-6.35416666666666,1
"background",-69.5625,10.4375,1
"background",-78.0625,-0.520833333333332,1
"background",-72.6458333333333,4.5625,1
"background",-90.6041666666667,17.5625,1
"background",144.479166666667,-6.22916666666666,1
"background",15.0625,-4.72916666666666,2
"background",-66.2291666666667,8.60416666666667,1
"background",20.8125,-0.4375,2
"background",-75.4375,6.52083333333334,1
"background",-81.8125,22.1458333333333,2
"background",-66.5625,7.39583333333334,2
"background",-71.3958333333333,17.7291666666667,2
"background",145.3125,-4.9375,2
"background",-81.2708333333333,22.4375,2
"background",13.7291666666667,-6.27083333333333,1
"background",-76.3958333333333,5.60416666666667,1
"background",-90.6041666666667,16.8125,2
"background",-78.0625,-9.97916666666666,2
"background",-81.4791666666667,22.5625,1
"background",-75.0208333333333,20.6875,2
"background",-100.354166666667,18.6041666666667,1
"background",14.2291666666667,-6.39583333333333,2
"background",-61.4791666666667,-2.64583333333333,1
"background",-72.3125,7.10416666666667,2
"background",-77.9791666666667,20.9791666666667,2
"background",-98.5625,20.1458333333333,1
"background",-54.5625,-10.2708333333333,2
"background",-76.8125,-1.27083333333333,1
"background",106.729166666667,-6.3125,1
"background",124.145833333333,10.1875,2
"background",122.895833333333,9.6875,1
"background",106.604166666667,-5.85416666666666,1
"background",-97.5625,18.6875,2
"background",-55.0208333333333,-9.97916666666666,2
"background",21.4375,-0.104166666666664,2
"background",144.479166666667,-5.39583333333333,1
"background",-65.6875,7.85416666666667,2
"background",-83.2291666666667,22.3541666666667,2
"background",-76.3541666666667,5.1875,2
"background",106.604166666667,-7.35416666666666,1
"background",-65.2708333333333,-34.5625,2
"background",144.395833333333,-5.52083333333333,2
"background",18.0625,-0.604166666666664,1
"background",-77.3541666666667,-9.4375,2
"background",-87.4791666666667,15.2708333333333,2
"background",-86.4791666666667,13.2291666666667,1
"background",-65.3125,-35.8541666666667,2
"background",-78.3125,21.8958333333333,1
"background",-73.1875,11.0208333333333,2
"background",-77.5208333333333,-9.9375,2
"background",-83.5625,22.8125,1
"background",20.4791666666667,-0.354166666666664,1
"background",-52.0208333333333,3.97916666666667,1
"background",-86.3541666666667,13.6041666666667,1
"background",-53.3125,3.39583333333334,1
"background",-86.5208333333333,12.8125,1
"background",-83.9791666666667,11.1041666666667,2
"background",-155.270833333333,19.6875,1
"background",-60.2291666666667,-1.97916666666666,2
"background",-73.4791666666667,3.9375,2
"background",-77.9375,2.4375,2
"background",-69.3958333333333,11.0625,2
"background",108.229166666667,-6.89583333333333,2
"background",146.020833333333,-17.4375,1
"background",-99.1041666666667,19.2291666666667,1
"background",-82.5625,9.52083333333333,2
"background",-78.2291666666667,2.3125,1
"background",-72.3958333333333,-12.6041666666667,2
"background",-73.5208333333333,10.5208333333333,2
"background",12.2708333333333,-5.35416666666666,1
"background",107.520833333333,-6.85416666666666,2
"background",22.6458333333333,-5.10416666666666,2
"background",-66.4375,7.64583333333334,2
"background",-71.1041666666667,-13.8958333333333,2
"background",-79.8958333333333,0.0208333333333357,2
"background",-88.3958333333333,15.4791666666667,1
"background",22.4375,-5.97916666666666,2
"background",-75.1458333333333,4.0625,1
"background",-77.7291666666667,21.8125,1
"background",-71.6458333333333,-12.6458333333333,1
"background",-155.479166666667,20.0625,1
"background",-73.1041666666667,4.27083333333334,2
"background",122.979166666667,10.5625,2
"background",21.3125,-0.8125,2
"background",14.6875,-4.22916666666666,2
"background",101.895833333333,3.8125,2
"background",-80.1875,-0.6875,1
"background",-100.479166666667,20.8958333333333,1
"background",-73.4791666666667,7.89583333333334,1
"background",-87.7708333333333,14.8958333333333,1
"background",-88.7291666666667,13.9375,1
"background",102.3125,2.47916666666667,1
"background",22.6041666666667,-4.97916666666666,2
"background",-76.9375,-1.1875,2
"background",110.645833333333,-8.0625,1
"background",-73.8541666666667,10.7291666666667,2
"background",-69.0208333333333,10.3541666666667,2
"background",111.020833333333,-8.10416666666666,1
"background",24.2291666666667,-3.0625,2
"background",-72.5625,7.47916666666667,1
"background",-61.0625,-1.77083333333333,2
"background",145.104166666667,-6.14583333333333,2
"background",-65.5208333333333,-34.9375,2
"background",-89.2708333333333,13.4791666666667,2
"background",-77.1041666666667,-9.02083333333333,2
"background",-85.0208333333333,12.1875,2
"background",-74.1041666666667,6.5625,1
"background",-97.9791666666667,18.8125,2
"background",-87.1041666666667,13.9375,2
"background",-87.5208333333333,13.6041666666667,1
"background",23.0208333333333,-3.64583333333333,1
"background",-83.8125,10.2291666666667,1
"background",-72.5625,6.1875,2
"background",-86.9791666666667,14.2291666666667,1
"background",-77.9791666666667,-9.64583333333333,1
"background",-85.2708333333333,13.1875,1
"background",-54.3541666666667,-9.64583333333333,2
"background",144.5625,-5.52083333333333,2
"background",166.270833333333,-21.6041666666667,2
"background",-53.8125,3.10416666666667,2
"background",-77.8125,-8.6875,2
"background",-64.3958333333333,-34.2708333333333,2
"background",-86.1875,13.8125,1
"background",-75.6875,4.39583333333334,2
"background",-101.5625,21.0208333333333,2
"background",145.8125,-17.7708333333333,2
"background",-156.229166666667,20.8958333333333,2
"background",-100.8125,20.4375,2
"background",-75.7291666666667,4.9375,1
"background",-155.520833333333,19.2291666666667,2
"background",111.645833333333,-8.0625,1
"background",-101.6875,20.8125,1
"background",-72.9375,6.72916666666667,1
"background",22.6458333333333,-6.14583333333333,2
"background",119.8125,-4.5625,1
"background",-78.4791666666667,22.2291666666667,1
"background",-67.6458333333333,10.3125,2
"background",-155.854166666667,19.8125,1
"background",167.0625,-21.0208333333333,2
"background",-73.3541666666667,4.9375,1
"background",-84.0625,10.0208333333333,2
"background",18.0208333333333,0.1875,1
"background",-77.4375,18.2291666666667,1
"background",-60.1041666666667,-2.64583333333333,1
"background",145.8125,-17.5625,1
"background",-79.9375,-0.104166666666664,1
"background",-76.1458333333333,-11.6458333333333,1
"background",-77.2708333333333,1.9375,2
"background",-61.0625,10.5625,2
"background",-76.2708333333333,6.22916666666667,1
"background",-77.4375,-10.9375,1
"background",108.479166666667,-6.60416666666666,2
"background",16.2708333333333,-4.4375,2
"background",-88.0208333333333,13.4791666666667,1
"background",-52.9791666666667,3.52083333333334,1
"background",-90.9791666666667,15.8541666666667,1
"background",-87.6875,12.8958333333333,2
"background",21.6041666666667,-6.10416666666666,2
"background",-100.895833333333,21.6875,2
"background",-76.1041666666667,4.97916666666667,2
"background",-54.8541666666667,-10.6041666666667,2
"background",-61.0625,-2.77083333333333,2
"background",14.8125,-3.89583333333333,1
"background",-72.2291666666667,18.9791666666667,1
"background",119.4375,-5.3125,2
"background",-73.8125,7.5625,1
"background",123.0625,10.5208333333333,1
"background",-77.0208333333333,-9.3125,2
"background",21.6458333333333,-6.35416666666666,1
"background",-74.1875,5.0625,2
"background",-85.0208333333333,14.1041666666667,1
"background",-88.3125,14.3958333333333,1
"background",-51.7708333333333,4.1875,1
"background",14.5208333333333,-4.0625,2
"background",12.3958333333333,-5.3125,1
"background",105.979166666667,-6.0625,1
"background",-82.9375,22.6458333333333,2
"background",-54.8958333333333,-9.4375,2
"background",-74.8541666666667,6.97916666666667,1
"background",-68.7708333333333,10.6875,1
"background",-87.1875,13.1875,2
"background",-83.1875,9.9375,1
"background",-64.0625,-34.6041666666667,2
"background",15.7291666666667,-3.39583333333333,2
"background",-84.5625,10.0208333333333,2
"background",-82.4791666666667,9.1875,1
"background",-74.8541666666667,4.47916666666667,1
"background",110.979166666667,-7.89583333333333,1
"background",-84.3958333333333,10.2291666666667,2
"background",-78.4375,-1.10416666666666,1
"background",22.3125,-4.9375,2
"background",106.4375,-6.89583333333333,1
"background",-54.3125,-10.0208333333333,2
"background",119.895833333333,-4.3125,1
"background",-83.4375,22.5625,1
"background",-77.6875,20.8958333333333,2
"background",-88.4791666666667,13.9791666666667,2
"background",120.3125,-4.1875,1
"background",-53.9375,4.22916666666667,1
"background",-86.7291666666667,13.3125,1
"background",123.0625,10.9375,2
"background",-75.0625,4.64583333333334,1
"background",-74.1875,6.02083333333334,2
"background",-71.4791666666667,18.5625,1
"background",-88.0208333333333,14.9791666666667,1
"background",-100.354166666667,20.7291666666667,2
"background",166.4375,-21.8541666666667,1
"background",-73.6875,6.1875,2
"background",24.4375,-3.10416666666666,2
"background",-76.0625,3.64583333333334,1
"background",-87.6041666666667,15.1041666666667,2
"background",-90.6458333333333,17.3125,2
"background",13.8125,-6.6875,1
"background",-88.1875,15.5208333333333,2
"background",-100.354166666667,20.8958333333333,2
"background",-74.5625,5.52083333333334,2
"background",-78.1458333333333,-10.1458333333333,1
"background",-90.7708333333333,17.6458333333333,2
"background",-76.1458333333333,5.22916666666667,1
"background",-76.8125,1.47916666666667,2
"background",-78.0208333333333,18.2708333333333,1
"background",-73.3958333333333,7.0625,2
"background",-76.2708333333333,4.22916666666667,1
"background",-75.8958333333333,2.02083333333334,2
"background",-89.8125,13.6041666666667,2
"background",18.6458333333333,0.0208333333333357,2
"background",-79.9791666666667,0.229166666666668,1
"background",144.354166666667,-5.8125,1
"background",-77.8958333333333,-0.0625,1
"background",-77.4375,-0.729166666666664,2
"background",-77.8125,17.9791666666667,2
"background",20.1041666666667,0.145833333333336,1
"background",-55.2291666666667,-9.60416666666666,2
"background",-84.5208333333333,13.0208333333333,2
"background",-75.4791666666667,20.6041666666667,2
"background",-73.1041666666667,6.85416666666667,1
"background",-51.7708333333333,4.02083333333334,1
"background",-73.1458333333333,7.60416666666667,2
"background",144.854166666667,-5.8125,1
"background",123.104166666667,11.1458333333333,1
"background",109.6875,-7.02083333333333,2
"background",-53.9791666666667,4.0625,1
"background",106.4375,-6.1875,1
"background",-86.5208333333333,12.8541666666667,2
"background",23.7708333333333,-2.85416666666666,1
"background",17.7708333333333,-0.479166666666664,2
"background",-71.8541666666667,-14.3958333333333,1
"background",-54.7708333333333,-10.5208333333333,2
"background",167.895833333333,-21.5625,2
"background",-82.2291666666667,9.35416666666667,2
"background",-79.7291666666667,-0.270833333333332,2
"background",-77.3125,-10.3958333333333,2
"background",-66.3125,18.1875,1
"background",144.770833333333,-5.6875,1
"background",-97.8958333333333,20.0625,2
"background",-89.1458333333333,14.6875,1
"background",102.104166666667,2.39583333333334,2
"background",-76.3125,1.60416666666667,2
"background",119.8125,-3.85416666666666,1
"background",-72.7708333333333,6.39583333333334,1
"background",22.3541666666667,-5.14583333333333,1
"background",-70.6875,18.8125,1
"background",-75.4791666666667,6.47916666666667,2
"background",-75.7291666666667,7.02083333333334,2
"background",-68.6458333333333,10.3958333333333,1
"background",106.854166666667,-6.72916666666666,2
"background",-77.1041666666667,18.3958333333333,1
"background",-75.8958333333333,6.0625,2
"background",-83.9375,9.5625,1
"background",-78.2708333333333,-0.854166666666664,2
"background",107.604166666667,-6.97916666666666,2
"background",-74.1041666666667,4.77083333333334,2
"background",-65.9375,-35.1458333333333,1
"background",-86.2291666666667,11.9375,1
"background",145.104166666667,-4.9375,2
"background",-76.0208333333333,3.72916666666667,2
"background",-64.9791666666667,-35.8958333333333,2
"background",144.395833333333,-5.72916666666666,2
"background",-69.3958333333333,10.6875,2
"background",-75.6458333333333,20.6041666666667,2
"background",-82.7708333333333,22.8541666666667,1
"background",-90.9791666666667,16.2291666666667,1
"background",-52.2291666666667,4.3125,1
"background",-76.1458333333333,4.89583333333334,1
"background",-73.3541666666667,4.1875,2
"background",-87.2291666666667,12.7291666666667,2
"background",-77.9375,18.2291666666667,1
"background",-155.8125,20.1875,1
"background",-64.0208333333333,-35.1875,1
"background",-78.2708333333333,18.3958333333333,1
"background",-79.4375,0.645833333333336,2
"background",-65.8541666666667,7.89583333333334,2
"background",-65.1458333333333,-33.9791666666667,1
"background",-99.5625,18.6458333333333,1
"background",-79.8958333333333,-0.604166666666664,2
"background",105.8125,-6.6875,1
"background",123.270833333333,10.6875,2
"background",101.604166666667,3.97916666666667,1
"background",123.9375,11.1458333333333,1
"background",-101.104166666667,20.9375,2
"background",-72.1458333333333,6.8125,2
"background",21.2291666666667,-0.354166666666664,2
"background",144.520833333333,-6.64583333333333,1
"background",143.729166666667,-5.27083333333333,1
"background",-88.4375,15.5625,1
"background",-84.7291666666667,13.8958333333333,2
"background",-89.8541666666667,14.9375,1
"background",-77.2291666666667,2.27083333333334,1
"background",-66.6875,17.9791666666667,1
"background",-65.4791666666667,-35.2708333333333,1
"background",-72.8125,4.52083333333334,1
"background",-86.8958333333333,14.6875,2
"background",-83.7291666666667,10.5208333333333,2
"background",-73.7708333333333,3.64583333333334,2
"background",-65.6458333333333,8.47916666666667,2
"background",-98.3958333333333,20.5208333333333,2
"background",-100.3125,19.7291666666667,1
"background",13.3125,-6.14583333333333,2
"background",109.4375,-7.52083333333333,1
"background",143.895833333333,-5.35416666666666,2
"background",123.1875,10.4791666666667,2
"background",-54.1875,-9.77083333333333,2
"background",-71.9791666666667,19.0208333333333,1
"background",145.979166666667,-17.8958333333333,1
"background",-72.9375,5.1875,1
"background",-65.6041666666667,-34.3541666666667,2
"background",-81.6875,22.8958333333333,2
"background",23.1458333333333,-3.35416666666666,1
"background",-77.0625,3.1875,2
"background",-73.4791666666667,10.7291666666667,1
"background",-85.4791666666667,14.2291666666667,1
"background",-73.3541666666667,11.2708333333333,1
"background",122.5625,11.1458333333333,2
"background",-63.9791666666667,-34.6875,2
"background",-87.9791666666667,15.7708333333333,2
"background",-86.3125,14.4791666666667,2
"background",-83.3125,9.52083333333333,1
"background",-75.3541666666667,6.52083333333334,2
"background",-77.5625,2.22916666666667,2
"background",-74.8958333333333,20.1458333333333,1
"background",-75.9791666666667,1.8125,2
"background",-77.8125,-1.9375,1
"background",-52.6458333333333,3.35416666666667,1
"background",-75.7291666666667,5.64583333333334,1
"background",-90.6041666666667,17.3541666666667,1
"background",24.7291666666667,-3.0625,2
"background",-55.6875,-9.9375,2
"background",144.0625,-5.72916666666666,2
"background",-84.9791666666667,11.3125,2
"background",-84.3125,22.2708333333333,2
"background",-90.1875,16.3541666666667,2
"background",-76.8125,18.1875,1
"background",-76.2291666666667,2.85416666666667,2
"background",-70.8125,18.3541666666667,1
"background",-99.7291666666667,20.1458333333333,1
"background",-77.0208333333333,17.8958333333333,2
"background",13.3541666666667,-5.72916666666666,2
"background",-79.3958333333333,0.770833333333336,1
"background",-69.1041666666667,10.3125,2
"background",-61.2291666666667,-2.64583333333333,2
"background",-51.7291666666667,4.22916666666667,2
"background",-76.3958333333333,4.8125,1
"background",-90.1875,14.7291666666667,2
"background",-61.0208333333333,13.8125,1
"background",110.229166666667,-6.85416666666666,2
"background",-66.9375,18.3125,2
"background",-91.3125,17.1875,1
"background",-83.4791666666667,8.97916666666667,2
"background",-73.5208333333333,7.52083333333334,2
"background",-76.6875,-0.645833333333332,2
"background",-85.6458333333333,13.1458333333333,2
"background",-72.5625,-12.7291666666667,1
"background",-91.4791666666667,16.8541666666667,1
"background",-73.6875,6.39583333333334,2
"background",-90.0625,13.7708333333333,1
"background",-74.1875,4.02083333333334,2
"background",-66.7708333333333,10.3125,2
"background",145.5625,-5.14583333333333,1
"background",-155.145833333333,19.8541666666667,1
"background",14.6875,-4.6875,2
"background",-91.3958333333333,16.7708333333333,1
"background",-85.4791666666667,12.8958333333333,1
"background",-100.5625,19.2291666666667,2
"background",-77.6041666666667,21.2708333333333,2
"background",-84.8958333333333,12.7291666666667,2
"background",145.395833333333,-16.9375,1
"background",17.4375,0.229166666666668,2
"background",24.1875,-2.9375,1
"background",22.9375,-3.8125,2
"background",-52.7708333333333,3.9375,2
"background",-54.9791666666667,-9.6875,2
"background",-78.3125,2.5625,1
"background",15.5208333333333,-3.8125,1
"background",-77.2708333333333,-10.1875,2
"background",120.270833333333,-5.1875,1
"background",-84.1875,10.3125,1
"background",-66.6041666666667,7.3125,2
"background",111.020833333333,-7.89583333333333,2
"background",22.1041666666667,-5.89583333333333,1
"background",-72.3541666666667,6.52083333333334,2
"background",-71.6041666666667,-13.4791666666667,1
"background",-101.4375,20.8541666666667,1
"background",-75.1458333333333,5.0625,1
"background",-75.2708333333333,3.89583333333334,1
"background",-101.604166666667,21.3541666666667,1
"background",-74.7291666666667,7.0625,2
"background",-65.6875,-34.8125,2
"background",-76.5208333333333,3.4375,1
"background",-54.5625,-10.8125,2
"background",106.770833333333,-7.27083333333333,2
"background",-67.0208333333333,7.52083333333334,2
"background",-78.1041666666667,-1.64583333333333,1
"background",-69.7708333333333,10.6041666666667,2
"background",-73.1458333333333,4.77083333333334,2
"background",-100.520833333333,21.2708333333333,1
"background",-71.1041666666667,18.0625,1
"background",23.3125,-6.22916666666666,1
"background",122.020833333333,11.1875,1
"background",-75.2291666666667,4.89583333333334,2
"background",21.8125,-5.85416666666666,1
"background",-76.8958333333333,21.3125,1
"background",-65.4375,-34.5625,2
"background",-75.7291666666667,2.5625,2
"background",-54.2708333333333,-9.52083333333333,2
"background",-76.3125,-11.8958333333333,2
"background",-101.6875,21.0625,2
"background",-77.1458333333333,-8.72916666666666,2
"background",-67.0625,8.22916666666667,2
"background",-101.270833333333,21.3958333333333,1
"background",-75.0625,5.85416666666667,2
"background",-68.9375,10.5625,1
"background",-77.1041666666667,-10.1041666666667,1
"background",21.5625,-0.5625,2
"background",-74.0208333333333,5.52083333333334,2
"background",-72.8541666666667,4.52083333333334,2
"background",146.020833333333,-17.6041666666667,1
"background",120.0625,-4.4375,1
"background",-53.3541666666667,4.4375,1
"background",111.104166666667,-7.72916666666666,1
"background",120.0625,-3.9375,1
"background",-53.5625,4.39583333333334,2
"background",-81.2291666666667,22.5208333333333,2
"background",-54.6875,-9.5625,1
"background",24.0208333333333,-2.64583333333333,1
"background",-99.7291666666667,19.5625,2
"background",119.5625,-5.35416666666666,2
"background",145.020833333333,-4.9375,1
"background",-83.3958333333333,22.3125,1
"background",20.6875,-0.729166666666664,2
"background",-78.7291666666667,-0.604166666666664,2
"background",-55.1875,-9.39583333333333,1
"background",107.229166666667,-7.1875,2
"background",-156.270833333333,20.8125,2
"background",-60.6041666666667,-2.77083333333333,1
"background",-78.5625,-0.8125,2
"background",-73.2708333333333,7.35416666666667,1
"background",-77.2708333333333,-9.6875,2
"background",-88.7708333333333,14.6875,1
"background",-85.3541666666667,10.3541666666667,2
"background",-72.7708333333333,7.47916666666667,2
"background",-72.3958333333333,-14.1875,1
"background",-85.4375,12.6875,1
"background",13.2291666666667,-5.0625,2
"background",-91.1458333333333,-0.354166666666664,2
"background",145.145833333333,-4.89583333333333,1
"background",106.604166666667,-6.9375,2
"background",-75.7708333333333,20.4791666666667,2
"background",165.270833333333,-21.0208333333333,1
"background",-53.1458333333333,3.27083333333334,2
"background",-67.2708333333333,9.97916666666667,2
"background",-77.6875,21.2291666666667,2
"background",-75.8125,2.02083333333334,1
"background",15.1458333333333,-4.5625,1
"background",-84.0625,10.3958333333333,2
"background",-55.0625,-9.35416666666666,1
"background",20.1458333333333,-0.645833333333332,2
"background",-75.7291666666667,2.77083333333334,1
"background",-69.6041666666667,10.8958333333333,1
"background",-76.7291666666667,-10.7708333333333,2
"background",-82.4375,9.10416666666667,2
"background",-99.3125,19.7291666666667,1
"background",-78.1041666666667,21.1458333333333,2
"background",-85.7291666666667,12.8958333333333,2
"background",13.8541666666667,-5.3125,1
"background",-78.1875,-0.479166666666664,2
"background",-100.229166666667,19.3541666666667,2
"background",164.229166666667,-20.5208333333333,2
"background",-75.2291666666667,5.97916666666667,1
"background",-100.104166666667,19.0208333333333,1
"background",108.479166666667,-7.6875,1
"background",-74.5208333333333,4.35416666666667,2
"background",-100.020833333333,18.9375,1
"background",-88.5208333333333,14.6875,2
"background",-85.7708333333333,12.3541666666667,1
"background",-76.5208333333333,5.97916666666667,1
"background",-73.3958333333333,6.35416666666667,2
"background",-77.9375,20.8125,2
"background",21.9375,-5.77083333333333,2
"background",-78.3125,2.47916666666667,2
"background",-90.7708333333333,-0.270833333333332,1
"background",20.5625,0.6875,1
"background",-71.8125,-12.5208333333333,2
"background",-65.7708333333333,7.14583333333334,2
"background",-77.0208333333333,-1.64583333333333,2
"background",-98.1875,20.2708333333333,1
"background",-60.0625,-2.85416666666666,1
"background",12.6875,-6.6875,2
"background",-72.8541666666667,-13.4375,2
"background",-77.1458333333333,-1.9375,1
"background",110.645833333333,-6.8125,2
"background",122.3125,10.6458333333333,1
"background",-69.6458333333333,10.6458333333333,2
"background",110.9375,-7.52083333333333,1
"background",13.8125,-5.39583333333333,1
"background",-52.0208333333333,4.60416666666667,1
"background",-78.1458333333333,-1.27083333333333,1
"background",-64.6458333333333,-34.4791666666667,1
"background",-71.5625,19.3125,1
"background",-88.6458333333333,13.4791666666667,2
"background",-87.4375,14.8541666666667,1
"background",-72.5625,7.10416666666667,1
"background",-90.3958333333333,14.6041666666667,1
"background",-98.3958333333333,20.3958333333333,2
"background",-74.2708333333333,5.35416666666667,1
"background",-77.3541666666667,-8.89583333333333,1
"background",-71.8541666666667,-12.6458333333333,2
"background",-65.3125,7.5625,1
"background",-72.6041666666667,-12.8541666666667,2
"background",-73.8958333333333,7.4375,1
"background",109.3125,-7.39583333333333,1
"background",-78.5208333333333,21.2291666666667,2
"background",-71.3958333333333,-13.5625,1
"background",21.7708333333333,-0.1875,1
"background",-82.4791666666667,9.22916666666667,1
"background",-70.8125,18.5625,1
"background",-69.0625,10.6458333333333,1
"background",14.0208333333333,-5.5625,2
"background",-65.2708333333333,18.2708333333333,2
"background",-71.9791666666667,-12.8958333333333,2
"background",144.0625,-5.22916666666666,2
"background",-53.1458333333333,3.14583333333334,2
"background",20.3958333333333,0.645833333333336,2
"background",167.729166666667,-21.3541666666667,2
"background",15.6875,-4.52083333333333,2
"background",101.354166666667,3.6875,1
"background",-155.395833333333,19.1875,2
"background",-77.9375,2.14583333333334,2
"background",-86.6458333333333,14.8125,2
"background",13.8958333333333,-5.85416666666666,2
"background",-65.9375,18.0625,1
"background",-74.2708333333333,5.1875,1
"background",-77.6041666666667,2.39583333333334,1
"background",20.2708333333333,0.5625,2
"background",-74.9375,4.5625,1
"background",-69.2708333333333,10.5625,1
"background",165.229166666667,-21.1458333333333,1
"background",-65.7708333333333,-35.2708333333333,1
"background",-81.4791666666667,22.8958333333333,1
"background",-72.6458333333333,-13.4375,1
"background",107.229166666667,-6.3125,1
"background",122.770833333333,11.2291666666667,2
"background",-90.3541666666667,16.2708333333333,1
"background",144.979166666667,-5.27083333333333,2
"background",-72.1458333333333,-14.0625,2
"background",-86.9375,13.7291666666667,1
"background",-69.2291666666667,10.4375,1
"background",-83.8541666666667,10.0208333333333,2
"background",-66.7708333333333,8.39583333333333,1
"background",-97.5625,19.6458333333333,1
"background",-71.7708333333333,-12.6041666666667,1
"background",-73.1875,7.39583333333334,2
"background",-77.7708333333333,17.8958333333333,1
"background",-77.7291666666667,2.39583333333334,2
"background",145.4375,-17.9375,2
"background",20.4791666666667,-0.145833333333332,2
"background",-75.7708333333333,19.9375,2
"background",15.4791666666667,-5.27083333333333,2
"background",24.1041666666667,-2.77083333333333,2
"background",-73.3125,5.4375,2
"background",-98.1458333333333,19.1875,1
"background",-99.1041666666667,20.2708333333333,2
"background",-77.5625,-1.8125,2
"background",-77.2291666666667,-1.0625,1
"background",-73.2708333333333,5.85416666666667,1
"background",-60.8541666666667,-2.39583333333333,1
"background",-60.1041666666667,-2.10416666666666,1
"background",146.0625,-17.4791666666667,1
"background",145.645833333333,-17.3125,2
"background",-64.2291666666667,-35.5625,1
"background",-74.7291666666667,3.97916666666667,1
"background",102.4375,2.9375,1
"background",20.9375,0.645833333333336,1
"background",22.4375,-6.5625,1
"background",17.8125,-0.6875,1
"background",-76.4791666666667,2.97916666666667,2
"background",-71.7708333333333,18.1458333333333,2
"background",-85.3958333333333,14.1875,2
"background",-77.3541666666667,-9.77083333333333,2
"background",-60.6458333333333,-2.9375,1
"background",145.604166666667,-4.85416666666666,1
"background",-72.6041666666667,7.47916666666667,2
"background",-69.3958333333333,11.2708333333333,1
"background",105.354166666667,-6.8125,1
"background",-76.4791666666667,2.27083333333334,2
"background",-77.1041666666667,-9.47916666666666,1
"background",-83.6458333333333,10.6041666666667,2
"background",-87.1875,13.6041666666667,1
"background",22.8958333333333,-3.6875,2
"background",165.395833333333,-21.4375,1
"background",145.354166666667,-17.1041666666667,1
"background",-68.8125,10.9375,2
"background",-76.7708333333333,2.22916666666667,1
"background",123.3125,10.1875,2
"background",-74.8125,6.1875,1
"background",24.3125,-3.5625,1
"background",101.270833333333,3.89583333333334,2
"background",-86.5208333333333,13.7708333333333,1
"background",14.4375,-5.60416666666666,2
"background",-100.6875,20.0208333333333,2
"background",-100.145833333333,20.3125,2
"background",-84.0208333333333,10.3125,1
"background",111.395833333333,-7.9375,1
"background",-53.0625,3.9375,1
"background",-98.1041666666667,18.1875,1
"background",-76.3958333333333,5.9375,1
"background",-66.6041666666667,8.3125,2
"background",-54.6875,-9.3125,2
"background",122.8125,11.2291666666667,2
"background",23.9791666666667,-4.02083333333333,1
"background",15.6875,-4.35416666666666,2
"background",-86.6875,12.1041666666667,1
"background",-52.6041666666667,3.97916666666667,2
"background",-71.3958333333333,18.5625,2
"background",-78.5625,-8.97916666666666,2
"background",-64.7291666666667,-35.6875,1
"background",-77.3125,-0.354166666666664,2
"background",145.979166666667,-17.6041666666667,2
"background",-73.3125,11.0625,1
"background",-67.1041666666667,7.85416666666667,1
"background",-72.3958333333333,-13.1458333333333,2
"background",-88.3958333333333,14.4375,1
"background",-66.6875,7.5625,2
"background",-71.6458333333333,17.4791666666667,2
"background",-75.3125,19.9375,2
"background",-85.0208333333333,10.1458333333333,1
"background",-65.1041666666667,-34.1041666666667,1
"background",144.479166666667,-5.14583333333333,2
"background",107.479166666667,-6.39583333333333,1
"background",-83.4791666666667,22.8958333333333,1
"background",-75.1875,4.9375,1
"background",108.479166666667,-7.02083333333333,1
"background",-75.6875,20.4791666666667,1
"background",-66.7291666666667,8.02083333333333,2
"background",15.7291666666667,-4.14583333333333,1
"background",-77.1041666666667,-10.5208333333333,2
"background",-73.2291666666667,10.9375,1
"background",-72.4791666666667,5.22916666666667,1
"background",-67.5208333333333,9.89583333333333,2
"background",-87.7708333333333,15.1458333333333,2
"background",-90.7708333333333,17.6875,1
"background",-52.5208333333333,4.4375,1
"background",101.479166666667,3.3125,1
"background",-90.7291666666667,-0.4375,2
"background",-86.3541666666667,14.2708333333333,1
"background",144.5625,-6.3125,1
"background",-87.1041666666667,15.3958333333333,1
"background",-75.6458333333333,6.10416666666667,2
"background",-85.4375,14.2291666666667,1
"background",-55.5625,-9.97916666666666,2
"background",102.145833333333,4.0625,2
"background",-86.3541666666667,12.8125,1
"background",-55.5625,-9.3125,2
"background",-83.0208333333333,8.3125,1
"background",21.8125,-6.27083333333333,2
"background",16.0208333333333,-4.1875,2
"background",-61.6458333333333,16.0208333333333,1
"background",-77.9791666666667,2.02083333333334,1
"background",21.7291666666667,-6.1875,2
"background",145.645833333333,-4.97916666666666,2
"background",145.229166666667,-5.02083333333333,2
"background",-72.6458333333333,5.35416666666667,1
"background",123.6875,10.2291666666667,1
"background",-60.3541666666667,-3.39583333333333,1
"background",-73.6458333333333,7.02083333333334,1
"background",-83.6458333333333,9.35416666666667,1
"background",23.2708333333333,-3.3125,2
"background",-73.3541666666667,10.6875,2
"background",-54.5625,-9.47916666666666,2
"background",-76.4375,2.22916666666667,1
"background",-91.1041666666667,-0.479166666666664,1
"background",13.2291666666667,-6.10416666666666,1
"background",-87.5208333333333,15.6458333333333,1
"background",-52.1041666666667,4.1875,1
"background",-87.4791666666667,14.8125,2
"background",15.8958333333333,-4.39583333333333,2
"background",-60.3958333333333,-3.3125,2
"background",-86.5625,12.3541666666667,2
"background",-77.0625,-1.52083333333333,1
"background",119.4375,-5.10416666666666,2
"background",-89.3958333333333,13.8541666666667,2
"background",-85.4791666666667,12.6458333333333,2
"background",-53.9375,3.47916666666667,2
"background",111.4375,-8.27083333333333,2
"background",-88.5208333333333,13.3958333333333,2
"background",-72.1458333333333,-14.2291666666667,2
"background",-75.1875,5.1875,2
"background",-83.8958333333333,10.7708333333333,1
"background",-77.7291666666667,-1.52083333333333,1
"background",-88.1041666666667,13.4791666666667,2
"background",-87.1875,14.3125,1
"background",-74.7291666666667,6.35416666666667,2
"background",-90.6458333333333,15.8958333333333,1
"background",-72.5208333333333,-13.6458333333333,2
"background",-61.6875,16.0208333333333,2
"background",-88.7708333333333,15.1041666666667,2
"background",145.604166666667,-5.39583333333333,1
"background",-90.8125,17.6458333333333,2
"background",-155.520833333333,19.2708333333333,1
"background",23.3125,-2.85416666666666,1
"background",110.770833333333,-7.85416666666666,1
"background",-65.2291666666667,-35.2708333333333,2
"background",-88.4791666666667,13.5625,1
"background",13.5208333333333,-6.52083333333333,2
"background",-71.0625,-12.9791666666667,2
"background",-72.2291666666667,-13.6041666666667,2
"background",-77.8958333333333,-1.47916666666666,2
"background",-74.3958333333333,3.9375,1
"background",143.8125,-5.02083333333333,1
"background",145.9375,-6.4375,2
"background",107.645833333333,-6.9375,2
"background",-85.1875,9.9375,1
"background",-98.3125,19.6041666666667,2
"background",18.1458333333333,0.979166666666668,1
"background",24.0625,-2.97916666666666,1
"background",-85.2708333333333,10.0625,1
"background",-73.5625,4.8125,1
"background",20.3958333333333,0.520833333333336,1
"background",-76.6458333333333,-1.14583333333333,1
"background",-89.3541666666667,-0.729166666666664,1
"background",-61.4375,16.4791666666667,2
"background",-77.4791666666667,2.8125,2
"background",-77.9791666666667,-1.10416666666666,1
"background",-66.9791666666667,8.60416666666667,2
"background",-89.4375,13.5208333333333,1
"background",-53.1041666666667,2.85416666666667,1
"background",109.3125,-6.97916666666666,2
"background",-77.9791666666667,-1.47916666666666,1
"background",102.0625,3.10416666666667,2
"background",22.5625,-5.22916666666666,2
"background",-65.0208333333333,-34.9791666666667,2
"background",18.4791666666667,0.1875,2
"background",23.4791666666667,-2.5625,1
"background",145.9375,-17.2291666666667,1
"background",110.729166666667,-8.0625,2
"background",-85.8541666666667,11.2291666666667,2
"background",-65.3125,8.27083333333333,2
"background",-87.1875,15.6041666666667,1
"background",20.1041666666667,-0.3125,2
"background",-76.9375,21.3958333333333,1
"background",22.2708333333333,-5.0625,1
"background",-85.9375,12.3125,2
"background",24.4375,-3.4375,2
"background",-74.3958333333333,6.14583333333334,1
"background",-88.4791666666667,13.6875,1
"background",-74.6458333333333,6.64583333333334,2
"background",-101.6875,21.1041666666667,1
"background",20.2291666666667,0.3125,2
"background",-89.4375,14.3125,2
"background",-76.2708333333333,1.97916666666667,2
"background",-87.0625,13.3958333333333,2
"background",-77.7291666666667,-1.47916666666666,2
"background",-64.8958333333333,-35.6458333333333,2
"background",15.2708333333333,-4.97916666666666,2
"background",16.1458333333333,-4.64583333333333,2
"background",-90.9791666666667,-0.479166666666664,1
"background",12.5625,-5.89583333333333,2
"background",-87.1458333333333,12.5625,1
"background",-64.8125,-34.8958333333333,2
"background",144.6875,13.4791666666667,2
"background",-98.7708333333333,20.3541666666667,1
"background",-85.2291666666667,12.3125,1
"background",-61.0208333333333,-2.0625,1
"background",-156.5625,20.9791666666667,1
"background",-75.3958333333333,5.6875,2
"background",-74.7708333333333,10.4375,2
"background",-76.6041666666667,-11.9375,1
"background",13.3958333333333,-5.8125,1
"background",-78.3541666666667,-0.4375,2
"background",-86.4375,13.2291666666667,1
"background",15.3958333333333,-4.6875,2
"background",-76.7291666666667,-1.35416666666666,1
"background",102.3125,3.77083333333334,1
"background",-67.6458333333333,10.2291666666667,1
"background",-85.5625,10.0625,2
"background",-90.7708333333333,17.3958333333333,1
"background",-65.4375,-35.4375,1
"background",105.229166666667,-6.64583333333333,1
"background",-101.020833333333,21.1458333333333,1
"background",22.4375,-5.47916666666666,2
"background",-74.8958333333333,5.77083333333334,1
"background",18.1041666666667,-0.229166666666664,1
"background",-98.6041666666667,18.2291666666667,1
"background",-60.3958333333333,-2.02083333333333,1
"background",-78.1875,22.1041666666667,1
"background",-78.5625,-0.3125,2
"background",14.9375,-4.14583333333333,2
"background",-79.7708333333333,-0.0208333333333321,2
"background",-66.4791666666667,18.1041666666667,2
"background",-101.4375,21.6041666666667,2
"background",-55.3958333333333,-10.5208333333333,1
"background",23.3541666666667,-6.0625,2
"background",-66.7291666666667,8.14583333333333,1
"background",-77.3125,-1.72916666666666,2
"background",23.4791666666667,-2.8125,2
"background",-72.6875,7.10416666666667,1
"background",109.854166666667,-7.39583333333333,2
"background",-65.7291666666667,-34.8958333333333,1
"background",19.9375,-0.104166666666664,2
"background",-85.8958333333333,13.1458333333333,1
"background",109.6875,-7.60416666666666,1
"background",-72.7291666666667,7.02083333333334,2
"background",145.895833333333,-4.5625,2
"background",167.1875,-21.1041666666667,1
"background",-73.0625,5.6875,2
"background",-79.9375,-0.645833333333332,1
"background",109.9375,-7.47916666666666,2
"background",-66.6458333333333,7.85416666666667,1
"background",-66.1458333333333,18.1041666666667,2
"background",-72.2291666666667,18.6041666666667,1
"background",122.1875,10.8125,2
"background",-80.0208333333333,0.270833333333336,1
"background",-73.7291666666667,10.2291666666667,2
"background",-54.8125,-9.47916666666666,1
"background",-64.5208333333333,-35.6875,1
"background",-75.8958333333333,2.60416666666667,1
"background",-73.9375,4.5625,1
"background",-77.2291666666667,20.8541666666667,2
"background",-86.0208333333333,12.9791666666667,1
"background",-71.7291666666667,18.1875,2
"background",-71.0625,18.7291666666667,2
"background",24.4375,-2.9375,2
"background",-89.5625,14.3541666666667,2
"background",-78.0625,-8.97916666666666,2
"background",111.145833333333,-6.89583333333333,1
"background",-98.7708333333333,20.3125,2
"background",-73.1041666666667,7.89583333333334,1
"background",-99.3125,20.5208333333333,1
"background",-74.7291666666667,20.5625,2
"background",-85.6875,12.3125,1
"background",18.0208333333333,-0.0625,2
"background",24.1458333333333,-2.4375,2
"background",-74.8125,5.52083333333334,1
"background",-91.1458333333333,15.7708333333333,2
"background",-71.7708333333333,18.2291666666667,1
"background",119.895833333333,-4.97916666666666,1
"background",-53.2708333333333,5.27083333333334,2
"background",-79.2708333333333,0.4375,2
"background",101.770833333333,3.97916666666667,1
"background",-100.8125,20.8541666666667,1
"background",-69.2291666666667,11.2291666666667,2
"background",143.9375,-6.3125,2
"background",-86.9791666666667,13.8541666666667,1
"background",-73.1458333333333,7.35416666666667,1
"background",-73.9791666666667,7.3125,2
"background",-75.2708333333333,7.3125,2
"background",110.729166666667,-7.02083333333333,2
"background",-74.7708333333333,4.9375,2
"background",122.854166666667,9.97916666666667,2
"background",164.1875,-20.2708333333333,1
"background",-87.2291666666667,13.8541666666667,2
"background",17.9375,0.645833333333336,1
"background",-52.6041666666667,4.5625,1
"background",-55.0625,-10.8125,2
"background",-73.2291666666667,4.60416666666667,1
"background",-52.6041666666667,2.9375,2
"background",-76.2708333333333,4.14583333333334,2
"background",-66.3125,10.3125,2
"background",106.520833333333,-6.39583333333333,2
"background",22.7708333333333,-3.22916666666666,1
"background",-64.3541666666667,-34.3958333333333,1
"background",-82.4375,9.14583333333333,2
"background",14.1041666666667,-5.02083333333333,1
"background",-72.3541666666667,4.6875,2
"background",-76.3958333333333,5.35416666666667,2
"background",-61.4791666666667,15.6041666666667,2
"background",111.020833333333,-6.85416666666666,2
"background",-77.0625,-11.9791666666667,2
"background",-75.2291666666667,4.22916666666667,2
"background",15.1458333333333,-4.4375,2
"background",-66.1458333333333,8.8125,2
"background",-52.7291666666667,5.1875,2
"background",-80.1041666666667,-0.145833333333332,1
"background",-88.7291666666667,14.1041666666667,1
"background",109.979166666667,-7.8125,2
"background",14.2291666666667,-5.1875,2
"background",102.5625,3.22916666666667,1
"background",111.520833333333,-8.3125,1
"background",15.3125,-5.22916666666666,1
"background",-73.8541666666667,5.77083333333334,1
"background",-64.8125,-34.2708333333333,1
"background",-78.0208333333333,-0.4375,2
"background",-75.6875,3.85416666666667,2
"background",-77.9791666666667,21.7291666666667,1
"background",-78.6041666666667,21.6041666666667,2
"background",-90.6458333333333,16.1041666666667,2
"background",-80.1458333333333,-0.0208333333333321,2
"background",-73.3958333333333,5.47916666666667,1
"background",-64.3958333333333,-34.5208333333333,1
"background",-75.8541666666667,5.0625,2
"background",-77.4375,-9.27083333333333,1
"background",-89.3125,14.1875,1
"background",-69.2708333333333,11.2708333333333,2
"background",-74.9791666666667,6.9375,2
"background",145.604166666667,-5.6875,1
"background",-155.229166666667,19.3541666666667,2
"background",-76.3125,-11.5625,2
"background",-73.4375,4.60416666666667,2
"background",165.645833333333,-21.6041666666667,2
"background",-99.6041666666667,19.6041666666667,2
"background",-91.0625,16.2708333333333,1
"background",144.9375,-5.4375,2
"background",-100.854166666667,20.5208333333333,2
"background",-52.5625,2.9375,1
"background",143.8125,-5.47916666666666,2
"background",-77.0625,21.3958333333333,2
"background",-89.6875,13.6041666666667,1
"background",102.3125,2.9375,1
"background",145.145833333333,-6.14583333333333,2
"background",-77.8958333333333,-10.1041666666667,2
"background",-77.1458333333333,21.3958333333333,1
"background",-79.4375,0.1875,1
"background",-52.7708333333333,3.3125,2
"background",-55.9375,-10.1458333333333,1
"background",110.9375,-7.3125,2
"background",-75.0625,4.3125,1
"background",123.645833333333,10.1041666666667,1
"background",-66.3541666666667,7.72916666666667,2
"background",144.0625,-6.47916666666666,1
"background",-77.2708333333333,3.1875,1
"background",-77.8125,21.0625,1
"background",-54.8541666666667,-10.4375,2
"background",-78.3958333333333,2.10416666666667,1
"background",-76.2708333333333,4.3125,2
"background",-83.5208333333333,22.2291666666667,2
"background",-75.8541666666667,2.89583333333334,2
"background",143.729166666667,-5.52083333333333,2
"background",-73.1041666666667,6.6875,1
"background",-101.1875,20.9375,1
"background",-74.8125,4.47916666666667,2
"background",-74.2708333333333,5.22916666666667,1
"background",-55.0208333333333,-10.8125,2
"background",-85.6458333333333,11.4791666666667,2
"background",-61.3541666666667,15.3958333333333,2
"background",111.270833333333,-7.8125,2
"background",-78.6041666666667,-9.0625,2
"background",-72.3125,6.72916666666667,1
"background",-84.8958333333333,11.3541666666667,2
"background",-54.8958333333333,-9.8125,2
"background",-80.3541666666667,-0.229166666666664,1
"background",110.8125,-7.77083333333333,2
"background",-99.8541666666667,21.1458333333333,1
"background",-77.3958333333333,-10.8541666666667,1
"background",-73.8958333333333,11.3125,1
"background",-64.1458333333333,-34.6875,2
"background",14.1041666666667,-5.5625,1
"background",-70.1041666666667,10.9375,2
"background",-74.9791666666667,10.6458333333333,2
"background",20.6875,-1.14583333333333,1
"background",-71.7291666666667,-13.1041666666667,2
"background",-90.3541666666667,-0.520833333333332,1
"background",-71.6041666666667,-13.1041666666667,1
"background",12.3541666666667,-6.14583333333333,1
"background",-90.8541666666667,17.4791666666667,1
"background",21.8541666666667,-5.97916666666666,1
"background",-90.0625,14.3125,1
"background",-74.1041666666667,6.1875,1
"background",15.9791666666667,-4.9375,2
"background",-76.9791666666667,4.89583333333334,1
"background",-90.9375,16.6458333333333,2
"background",-55.6458333333333,-9.27083333333333,1
"background",-84.5625,11.1458333333333,1
"background",143.729166666667,-6.52083333333333,2
"background",-78.1458333333333,21.4375,2
"background",-85.0625,11.0625,2
"background",-65.3958333333333,-34.9791666666667,2
"background",-75.8125,4.72916666666667,1
"background",-73.7708333333333,5.3125,2
"background",-54.6041666666667,-9.47916666666666,1
"background",-100.979166666667,19.9375,2
"background",-99.2291666666667,19.0208333333333,2
"background",-87.7291666666667,15.5625,2
"background",-76.1458333333333,4.27083333333334,2
"background",-66.9791666666667,10.3541666666667,1
"background",106.354166666667,-6.97916666666666,1
"background",-97.3958333333333,18.5208333333333,2
"background",-99.2708333333333,18.8541666666667,1
"background",-74.8541666666667,7.0625,2
"background",20.6875,-1.02083333333333,2
"background",-77.5208333333333,-1.39583333333333,1
"background",-76.1041666666667,4.3125,2
"background",-84.4791666666667,10.7291666666667,1
"background",-61.1041666666667,-2.1875,2
"background",-85.8125,12.6458333333333,2
"background",-66.0625,8.22916666666667,2
"background",-86.8958333333333,14.6041666666667,1
"background",-100.145833333333,21.5625,1
"background",15.7708333333333,-4.39583333333333,1
"background",-79.1875,0.0208333333333357,2
"background",-79.4791666666667,-0.395833333333332,2
"background",-77.8958333333333,-10.0625,1
"background",18.3541666666667,0.145833333333336,2
"background",-88.7708333333333,13.3958333333333,1
"background",18.3125,-0.729166666666664,1
"background",-52.5625,4.52083333333334,2
"background",20.9791666666667,-0.0625,1
"background",20.1041666666667,-0.479166666666664,2
"background",-73.7708333333333,10.2708333333333,2
"background",-77.5625,-9.8125,2
"background",-72.4375,7.8125,2
"background",-66.7708333333333,8.5625,1
"background",13.7291666666667,-5.85416666666666,2
"background",-79.3125,0.270833333333336,2
"background",-60.6041666666667,-3.10416666666666,1
"background",-68.8958333333333,10.8541666666667,2
"background",145.729166666667,-6.0625,2
"background",122.6875,11.3958333333333,1
"background",-73.5208333333333,4.89583333333334,2
"background",-83.6875,10.4375,1
"background",-86.6458333333333,12.5208333333333,1
"background",106.5625,-7.02083333333333,2
"background",-86.3125,13.3125,2
"background",-67.0625,10.0208333333333,2
"background",-69.6041666666667,10.9791666666667,2
"background",-73.0625,7.10416666666667,1
"background",145.8125,-16.9791666666667,2
"background",-70.0625,12.1041666666667,1
"background",145.354166666667,-6.10416666666666,1
"background",-60.9375,-3.14583333333333,1
"background",123.8125,9.85416666666667,2
"background",-76.1041666666667,4.6875,1
"background",-52.4375,4.9375,2
"background",-71.4375,-14.2708333333333,1
"background",-73.5625,6.8125,1
"background",15.6875,-5.0625,2
"background",-82.9791666666667,21.9375,2
"background",-66.9791666666667,8.1875,1
"background",-85.6041666666667,11.1041666666667,2
"background",-72.9375,5.27083333333334,2
"background",-98.6458333333333,18.8125,2
"background",-83.8541666666667,10.8541666666667,2
"background",-78.2291666666667,-9.39583333333333,1
"background",-98.9791666666667,18.5625,1
"background",-91.1875,16.8125,1
"background",-53.1458333333333,5.10416666666667,2
"background",-83.1041666666667,22.5208333333333,1
"background",22.4375,-6.47916666666666,2
"background",-65.1875,-34.4375,2
"background",21.3541666666667,0.520833333333336,1
"background",-61.3958333333333,-2.14583333333333,2
"background",110.6875,-8.14583333333333,1
"background",143.9375,-5.0625,1
"background",14.8541666666667,-5.14583333333333,1
"background",-67.0625,18.3958333333333,2
"background",-74.7291666666667,20.3125,1
"background",-66.4375,10.0625,1
"background",22.6875,-5.47916666666666,1
"background",-55.8958333333333,-9.77083333333333,2
"background",102.020833333333,2.64583333333334,2
"background",-90.9375,16.3125,2
"background",-88.9791666666667,15.1875,1
"background",-85.5208333333333,11.6458333333333,1
"background",145.479166666667,-18.3541666666667,1
"background",146.0625,-17.5208333333333,2
"background",-97.8125,20.0625,1
"background",166.479166666667,-21.8958333333333,1
"background",-85.8958333333333,12.0208333333333,2
"background",-71.3125,-13.8541666666667,2
"background",110.270833333333,-7.14583333333333,2
"background",-77.8125,-8.97916666666666,1
"background",-73.8958333333333,4.72916666666667,2
"background",-71.3958333333333,-13.2708333333333,2
"background",-90.9375,16.7708333333333,2
"background",-91.1041666666667,-0.395833333333332,2
"background",-100.145833333333,19.6041666666667,2
"background",-77.2291666666667,-12.0625,1
"background",-68.7291666666667,11.0208333333333,2
"background",21.5625,-6.4375,1
"background",-52.3958333333333,4.27083333333334,1
"background",-53.4375,4.10416666666667,2
"background",-82.8125,9.14583333333333,2
"background",-86.6875,13.4791666666667,1
"background",120.1875,-4.97916666666666,1
"background",124.0625,10.0208333333333,1
"background",-155.1875,19.5208333333333,2
"background",-71.1875,18.9791666666667,1
"background",-85.7291666666667,14.1458333333333,1
"background",-54.3958333333333,-9.9375,2
"background",21.2708333333333,0.645833333333336,1
"background",-99.0208333333333,19.1875,2
"background",-53.9375,4.0625,1
"background",-97.9791666666667,19.1041666666667,2
"background",109.229166666667,-7.6875,2
"background",13.5625,-5.97916666666666,1
"background",-74.6875,6.85416666666667,2
"background",-71.8541666666667,-13.9791666666667,2
"background",-61.6458333333333,12.0208333333333,1
"background",13.6041666666667,-5.5625,1
"background",-100.645833333333,20.3125,2
"background",-72.2291666666667,-13.6875,1
"background",144.8125,-4.97916666666666,2
"background",-65.8958333333333,7.22916666666667,2
"background",-98.3125,20.3125,2
"background",-82.9791666666667,8.22916666666667,1
"background",119.979166666667,-4.02083333333333,1
"background",-76.1875,4.77083333333334,1
"background",-77.8958333333333,-10.4791666666667,2
"background",122.645833333333,11.3541666666667,2
"background",-100.395833333333,19.3125,1
"background",-99.4375,20.3958333333333,1
"background",-74.4791666666667,6.10416666666667,2
"background",-68.8958333333333,11.1041666666667,1
"background",-68.7708333333333,10.1458333333333,2
"background",15.7291666666667,-4.77083333333333,1
"background",-74.9375,7.14583333333334,2
"background",-65.6041666666667,7.4375,2
"background",-85.6458333333333,13.6458333333333,2
"background",-85.1458333333333,12.5208333333333,1
"background",-52.2708333333333,3.22916666666667,1
"background",-90.1875,14.6458333333333,1
"background",20.2708333333333,0.395833333333336,2
"background",-100.4375,19.2291666666667,1
"background",-90.2291666666667,17.1041666666667,1
"background",-78.0625,2.39583333333334,2
"background",-100.270833333333,18.8125,2
"background",101.645833333333,3.89583333333334,2
"background",106.770833333333,-7.10416666666666,2
"background",106.354166666667,-6.27083333333333,1
"background",-52.6041666666667,5.0625,1
"background",-72.0208333333333,-14.3958333333333,1
"background",-100.604166666667,20.8125,2
"background",-91.0625,17.2291666666667,2
"background",-90.5625,15.9375,1
"background",-97.9375,18.5208333333333,1
"background",12.7291666666667,-5.5625,2
"background",-84.8958333333333,11.6041666666667,1
"background",-71.2291666666667,-14.1458333333333,2
"background",-71.6041666666667,19.1875,1
"background",-55.7291666666667,-10.3541666666667,1
"background",-78.6458333333333,-1.39583333333333,2
"background",-61.6041666666667,9.89583333333333,1
"background",-100.9375,21.6041666666667,2
"background",111.1875,-8.1875,2
"background",-84.1458333333333,10.5625,1
"background",23.8125,-2.89583333333333,1
"background",-64.0208333333333,-34.9375,2
"background",-61.3958333333333,-3.47916666666666,2
"background",-75.8541666666667,6.89583333333334,2
"background",145.229166666667,-6.0625,2
"background",-52.7708333333333,4.9375,2
"background",145.0625,-17.2708333333333,1
"background",-100.0625,21.0625,2
"background",145.729166666667,-5.14583333333333,1
"background",-85.3541666666667,12.6875,2
"background",-83.2708333333333,8.52083333333333,1
"background",-65.4375,8.0625,1
"background",14.4791666666667,-3.72916666666666,1
"background",-159.520833333333,21.9375,1
"background",146.0625,-6.35416666666666,2
"background",-61.0625,-2.60416666666666,2
"background",-65.8541666666667,18.0625,2
"background",-80.0625,-0.104166666666664,2
"background",107.145833333333,-7.47916666666666,2
"background",-65.8125,7.97916666666667,2
"background",-75.5625,4.02083333333334,2
"background",-76.6458333333333,-11.9375,1
"background",-84.1875,9.64583333333333,1
"background",-84.3958333333333,9.64583333333333,1
"background",-71.4375,17.8541666666667,1
"background",-78.5208333333333,21.5625,2
"background",-75.3541666666667,6.5625,2
"background",-73.2708333333333,5.47916666666667,2
"background",123.770833333333,10.6458333333333,1
"background",-74.8125,7.27083333333334,2
"background",-68.9375,10.3541666666667,1
"background",-85.1458333333333,12.3125,2
"background",-84.8541666666667,13.3958333333333,2
"background",23.0208333333333,-6.35416666666666,2
"background",122.8125,10.9791666666667,1
"background",-75.1458333333333,20.1041666666667,2
"background",-82.3125,8.52083333333333,1
"background",-76.1875,1.97916666666667,1
"background",-60.3541666666667,-3.02083333333333,1
"background",-79.7708333333333,-0.729166666666664,2
"background",-70.6458333333333,18.5208333333333,1
"background",-66.5208333333333,7.10416666666667,1
"background",-89.9791666666667,14.7291666666667,1
"background",-55.5208333333333,-9.1875,1
"background",-89.8541666666667,14.2708333333333,1
"background",-86.5625,15.7291666666667,2
"background",-77.8958333333333,-0.5625,1
"background",-76.9791666666667,-10.6458333333333,1
"background",-77.1041666666667,21.1458333333333,2
"background",18.5625,0.0208333333333357,1
"background",-77.2291666666667,-0.4375,2
"background",-64.4791666666667,-34.1041666666667,1
"background",101.270833333333,3.9375,1
"background",21.6875,0.1875,1
"background",-69.6875,10.6875,2
"background",107.354166666667,-7.1875,2
"background",-78.4375,-1.22916666666666,2
"background",-86.4375,14.1041666666667,2
"background",12.7291666666667,-5.39583333333333,2
"background",-89.3125,-0.8125,1
"background",-78.1875,-0.5625,1
"background",144.729166666667,-6.4375,1
"background",-86.6458333333333,12.8125,2
"background",-55.4791666666667,-10.8541666666667,2
"background",15.3125,-4.6875,1
"background",-52.6041666666667,3.47916666666667,2
"background",-75.3541666666667,20.4791666666667,1
"background",-86.7291666666667,13.7708333333333,1
"background",-73.1875,7.97916666666667,1
"background",-82.6041666666667,9.22916666666667,1
"background",-84.0208333333333,10.9791666666667,1
"background",108.5625,-7.0625,2
"background",-70.2291666666667,10.5208333333333,2
"background",-99.3125,20.4791666666667,2
"background",-74.9791666666667,10.6041666666667,2
"background",-66.1875,7.14583333333334,1
"background",-72.6458333333333,4.10416666666667,2
"background",-75.9791666666667,5.4375,2
"background",-67.6041666666667,10.5208333333333,1
"background",-84.5625,11.2291666666667,2
"background",-84.3541666666667,22.3541666666667,2
"background",-80.1458333333333,-0.6875,2
"background",-90.6041666666667,16.0208333333333,1
"background",-77.5625,21.2291666666667,2
"background",-76.7708333333333,3.14583333333334,2
"background",-69.7708333333333,10.3958333333333,1
"background",-97.9791666666667,18.6458333333333,2
"background",22.8958333333333,-5.52083333333333,2
"background",-72.6041666666667,-13.3958333333333,2
"background",-53.1458333333333,3.4375,2
"background",-89.4375,-0.8125,1
"background",-85.9375,13.0625,1
"background",-72.9375,4.27083333333334,2
"background",-64.7708333333333,-35.1041666666667,1
"background",-90.3541666666667,16.1458333333333,1
"background",-72.2291666666667,18.8958333333333,2
"background",-82.5625,23.0625,2
"background",111.354166666667,-8.0625,2
"background",-54.7708333333333,-9.39583333333333,2
"background",-80.0208333333333,0.6875,2
"background",165.395833333333,-21.3541666666667,2
"background",-60.1041666666667,-2.89583333333333,2
"background",-84.0625,10.1458333333333,1
"background",101.895833333333,3.4375,2
"background",-98.9791666666667,19.6041666666667,2
"background",-86.7291666666667,13.7291666666667,2
"background",-76.3958333333333,5.72916666666667,2
"background",-86.1041666666667,13.5625,1
"background",164.895833333333,-20.7708333333333,1
"background",-101.229166666667,21.6041666666667,1
"background",-90.6041666666667,-0.3125,1
"background",-77.1041666666667,20.8958333333333,1
"background",-81.3958333333333,22.9375,1
"background",-66.8541666666667,9.77083333333333,1
"background",-71.4791666666667,-13.9375,1
"background",-74.3541666666667,6.14583333333334,1
"background",-76.4791666666667,1.72916666666667,1
"background",-85.2291666666667,10.6458333333333,1
"background",-61.2291666666667,15.4791666666667,1
"background",-66.5208333333333,17.8958333333333,2
"background",-85.5208333333333,10.7708333333333,1
"background",15.4375,-4.89583333333333,1
"background",111.229166666667,-7.5625,2
"background",-89.8958333333333,16.6041666666667,1
"background",-73.6875,6.97916666666667,1
"background",-74.6875,5.39583333333334,2
"background",12.8125,-6.14583333333333,2
"background",145.3125,-17.9375,2
"background",-79.3125,-0.5625,2
"background",19.0208333333333,-0.645833333333332,1
"background",22.8958333333333,-3.47916666666666,1
"background",-74.3125,5.0625,1
"background",14.6875,-4.60416666666666,1
"background",21.6041666666667,0.145833333333336,1
"background",-66.2708333333333,10.1875,1
"background",20.1458333333333,-0.854166666666664,1
"background",-60.6875,-2.3125,2
"background",-78.3125,22.2291666666667,1
"background",-82.0625,8.85416666666667,2
"background",-61.1875,15.9375,1
"background",-51.4375,4.39583333333334,1
"background",23.5625,-4.1875,2
"background",-83.3125,9.1875,1
"background",-87.6875,14.0208333333333,2
"background",-79.6875,0.354166666666668,2
"background",-65.3125,-35.1041666666667,1
"background",-100.354166666667,20.4791666666667,1
"background",-99.8958333333333,20.6458333333333,1
"background",-71.3541666666667,17.9375,1
"background",-88.1041666666667,13.2708333333333,2
"background",-77.2708333333333,2.6875,1
"background",-100.354166666667,20.6041666666667,1
"background",-76.4791666666667,-11.5208333333333,2
"background",15.5208333333333,-4.39583333333333,2
"background",102.645833333333,3.35416666666667,2
"background",-73.9375,11.1458333333333,2
"background",-64.7291666666667,-34.6041666666667,2
"background",-66.5208333333333,18.2291666666667,2
"background",-61.2708333333333,15.8541666666667,1
"background",-77.0208333333333,1.72916666666667,2
"background",-74.6458333333333,5.14583333333334,2
"background",-54.0625,-10.3125,2
"background",-98.6875,18.8541666666667,2
"background",-76.8125,6.02083333333334,1
"background",-75.1458333333333,4.14583333333334,2
"background",13.6041666666667,-6.64583333333333,2
"background",-71.9375,18.8541666666667,1
"background",-61.1041666666667,10.7291666666667,1
"background",-60.8125,-2.10416666666666,1
"background",-52.2708333333333,3.5625,1
"background",-72.4791666666667,18.3125,2
"background",-66.7291666666667,7.1875,2
"background",13.3958333333333,-4.9375,1
"background",-61.0208333333333,10.5625,2
"background",-81.3125,22.8125,2
"background",-84.9375,10.5625,1
"background",-76.3125,5.89583333333334,1
"background",-61.0625,-1.97916666666666,2
"background",20.6458333333333,-1.02083333333333,1
"background",-55.6875,-9.72916666666666,1
"background",144.0625,-5.60416666666666,1
"background",-85.1041666666667,12.9791666666667,2
"background",-76.6458333333333,3.27083333333334,2
"background",-71.5208333333333,18.9791666666667,1
"background",-53.6875,3.4375,1
"background",-83.4375,9.6875,1
"background",-78.1041666666667,21.0625,1
"background",107.104166666667,-6.0625,1
"background",-64.7291666666667,-34.3541666666667,1
"background",-76.9375,-9.8125,1
"background",-61.6458333333333,-1.97916666666666,1
"background",-87.0625,12.8125,1
"background",-72.7708333333333,-13.3541666666667,2
"background",-76.8958333333333,5.27083333333334,1
"background",-88.0208333333333,13.9375,1
"background",14.6458333333333,-4.8125,2
"background",-88.3958333333333,14.9791666666667,1
"background",-61.0625,10.2708333333333,1
"background",23.1041666666667,-3.72916666666666,1
"background",-88.9791666666667,13.3541666666667,1
"background",12.9791666666667,-5.02083333333333,1
"background",19.8958333333333,-0.354166666666664,2
"background",-71.4375,19.0208333333333,1
"background",-86.3125,12.7708333333333,2
"background",-69.8958333333333,11.8125,1
"background",-100.6875,21.6041666666667,1
"background",22.3958333333333,-5.1875,2
"background",102.4375,3.47916666666667,1
"background",12.3541666666667,-5.27083333333333,1
"background",23.4791666666667,-3.39583333333333,1
"background",123.479166666667,10.8125,1
"background",20.3541666666667,-0.770833333333332,1
"background",-65.8125,8.60416666666667,2
"background",-64.3541666666667,-35.3125,2
"background",-76.0625,-11.7708333333333,2
"background",109.729166666667,-7.22916666666666,2
"background",-55.0625,-10.6875,1
"background",-77.4375,2.85416666666667,1
"background",-83.8125,9.1875,1
"background",-84.0208333333333,9.89583333333333,2
"background",12.5625,-5.60416666666666,1
"background",-78.5625,2.0625,2
"background",146.479166666667,-6.14583333333333,2
"background",-65.4375,-34.7291666666667,2
"background",18.9375,-0.354166666666664,1
"background",-84.7291666666667,10.7291666666667,2
"background",-76.1875,2.0625,2
"background",-53.3125,2.85416666666667,1
"background",-64.8541666666667,-34.0625,1
"background",21.6875,-0.0625,2
"background",-76.6458333333333,-10.7291666666667,2
"background",-71.7708333333333,18.5208333333333,1
"background",-88.0625,15.3125,1
"background",-61.3541666666667,-2.1875,1
"background",-66.3541666666667,7.9375,1
"background",144.020833333333,-4.6875,2
"background",-72.3125,6.4375,2
"background",-78.6041666666667,-9.14583333333333,1
"background",-77.2708333333333,20.7708333333333,2
"background",108.895833333333,-7.14583333333333,1
"background",23.3125,-2.89583333333333,1
"background",23.6041666666667,-3.4375,2
"background",-85.3958333333333,12.1458333333333,1
"background",107.395833333333,-6.72916666666666,2
"background",-77.8958333333333,22.3125,1
"background",-75.1458333333333,20.6041666666667,2
"background",-87.1875,14.6041666666667,1
"background",-88.4791666666667,13.3541666666667,1
"background",-79.8125,0.604166666666668,2
"background",14.8958333333333,-4.64583333333333,1
"background",-101.0625,19.9375,1
"background",-89.5625,14.8958333333333,2
"background",-74.6875,6.9375,1
"background",12.6458333333333,-5.39583333333333,1
"background",146.1875,-6.3125,1
"background",-77.8125,2.0625,1
"background",-72.4791666666667,7.10416666666667,2
"background",-86.7708333333333,12.5208333333333,1
"background",-97.8125,18.3125,2
"background",-76.9791666666667,-11.1458333333333,1
"background",-84.3541666666667,9.6875,2
"background",-90.9375,15.7708333333333,2
"background",-53.1875,3.47916666666667,1
"background",165.020833333333,-20.9375,1
"background",-85.4791666666667,14.0625,1
"background",-77.5625,-1.52083333333333,1
"background",-99.0208333333333,20.0208333333333,2
"background",-61.1458333333333,10.6458333333333,2
"background",-74.1875,5.14583333333334,1
"background",13.7291666666667,-5.1875,2
"background",-65.9791666666667,8.60416666666667,2
"background",143.770833333333,-5.39583333333333,1
"background",-75.9791666666667,2.4375,2
"background",-70.9791666666667,-13.8125,1
"background",110.6875,-7.72916666666666,2
"background",-99.7708333333333,20.2291666666667,1
"background",-73.3125,6.72916666666667,1
"background",-54.3541666666667,-10.1041666666667,2
"background",111.145833333333,-8.22916666666666,1
"background",-70.1458333333333,10.4791666666667,2
"background",-61.2708333333333,-2.52083333333333,2
"background",23.8958333333333,-3.39583333333333,2
"background",17.5625,0.0625,1
"background",110.9375,-7.35416666666666,1
"background",-77.8541666666667,-9.3125,2
"background",-65.6875,-34.7291666666667,1
"background",-76.3125,2.8125,2
"background",-76.3958333333333,-12.8541666666667,1
"background",-87.3125,13.6875,1
"background",-100.520833333333,20.7708333333333,1
"background",-78.0208333333333,-8.89583333333333,1
"background",-79.9375,-0.354166666666664,2
"background",-72.5625,7.64583333333334,1
"background",-90.5625,15.7291666666667,2
"background",18.6458333333333,0.5625,2
"background",18.2708333333333,0.0208333333333357,2
"background",-89.6041666666667,14.9791666666667,2
"background",-67.2708333333333,9.64583333333333,2
"background",144.729166666667,-5.47916666666666,1
"background",-99.6041666666667,20.3541666666667,1
"background",144.229166666667,-4.77083333333333,1
"background",-83.3125,9.14583333333333,2
"background",-86.5625,13.7291666666667,2
"background",-101.4375,20.3541666666667,1
"background",-71.0625,18.4375,1
"background",-72.8541666666667,7.9375,1
"background",-60.3958333333333,-2.89583333333333,1
"background",-74.4791666666667,10.2291666666667,1
"background",-69.8958333333333,10.8125,1
"background",23.3958333333333,-2.85416666666666,2
"background",-53.4791666666667,3.52083333333334,1
"background",-74.1458333333333,5.3125,2
"background",123.479166666667,9.6875,2
"background",-76.3125,2.9375,2
"background",-85.9791666666667,11.8958333333333,1
"background",-84.3958333333333,21.8958333333333,2
"background",12.9375,-6.39583333333333,1
"background",145.9375,-17.8541666666667,1
"background",13.6041666666667,-5.47916666666666,2
"background",-101.645833333333,21.1875,1
"background",14.2708333333333,-6.22916666666666,1
"background",-97.3541666666667,19.5625,2
"background",-77.3541666666667,-11.2708333333333,2
"background",-78.3125,-1.3125,1
"background",-75.6041666666667,6.10416666666667,2
"background",-74.7291666666667,11.0208333333333,2
"background",-65.8125,7.72916666666667,1
"background",-83.5625,9.02083333333333,2
"background",-77.7708333333333,-9.27083333333333,1
"background",20.7708333333333,-0.395833333333332,1
"background",-84.0625,11.0208333333333,2
"background",-157.229166666667,21.1041666666667,1
"background",-85.3541666666667,14.2291666666667,2
"background",-85.9375,13.7708333333333,2
"background",-83.4375,8.8125,2
"background",144.145833333333,-5.97916666666666,2
"background",20.8541666666667,0.4375,2
"background",20.8125,0.604166666666668,1
"background",164.604166666667,-20.7708333333333,2
"background",-99.8541666666667,19.6458333333333,1
"background",-89.1875,15.1458333333333,1
"background",-99.8541666666667,18.4791666666667,1
"background",-53.1875,3.60416666666667,1
"background",146.354166666667,-5.97916666666666,1
"background",145.1875,-5.10416666666666,1
"background",-67.4375,9.77083333333333,2
"background",164.3125,-20.6041666666667,2
"background",-86.7291666666667,13.2291666666667,2
"background",-77.8125,18.2291666666667,1
"background",146.0625,-5.8125,1
"background",-61.5208333333333,-2.4375,2
"background",-78.1875,-9.6875,1
"background",145.020833333333,-5.47916666666666,1
"background",-72.9791666666667,5.85416666666667,1
"background",-71.8541666666667,-14.3125,2
"background",-70.1875,10.9375,1
"background",-87.6041666666667,13.3958333333333,1
"background",-72.1458333333333,7.3125,2
"background",-73.4791666666667,4.10416666666667,2
"background",-77.9375,-10.2708333333333,1
"background",-70.2708333333333,10.6041666666667,2
"background",-87.1458333333333,12.9375,2
"background",-69.9375,11.7708333333333,2
"background",-86.1041666666667,13.8541666666667,1
"background",-84.6875,10.0625,2
"background",-74.3125,10.3541666666667,1
"background",-52.2708333333333,3.97916666666667,2
"background",-78.0208333333333,2.5625,2
"background",-158.229166666667,21.5625,2
"background",-72.8958333333333,7.8125,1
"background",165.770833333333,-21.6041666666667,2
"background",-55.0625,-9.1875,1
"background",16.1875,-3.9375,1
"background",-74.5208333333333,6.52083333333334,2
"background",-73.7708333333333,4.85416666666667,1
"background",-83.7708333333333,9.8125,2
"background",-81.3125,22.3541666666667,1
"background",-76.8125,1.85416666666667,1
"background",-71.6458333333333,-13.1875,2
"background",101.520833333333,3.5625,1
"background",-76.5208333333333,4.60416666666667,1
"background",-74.3541666666667,5.02083333333334,2
"background",-88.8958333333333,14.9791666666667,1
"background",22.4791666666667,-5.14583333333333,2
"background",-69.2291666666667,10.3958333333333,2
"background",-100.854166666667,20.1458333333333,1
"background",22.7708333333333,-4.9375,2
"background",21.3125,0.0208333333333357,2
"background",-98.1041666666667,19.5625,1
"background",-60.8541666666667,-3.52083333333333,1
"background",23.4375,-4.35416666666666,1
"background",-90.7291666666667,16.8541666666667,2
"background",23.6875,-3.4375,1
"background",-100.770833333333,20.1875,1
"background",-84.2291666666667,10.1041666666667,1
"background",20.0208333333333,0.104166666666668,2
"background",-77.4375,-9.5625,2
"background",-66.1458333333333,10.2708333333333,2
"background",-75.2708333333333,4.8125,2
"background",123.020833333333,9.89583333333333,1
"background",-78.2291666666667,21.6875,2
"background",-87.3125,13.6458333333333,2
"background",-88.1875,15.3125,1
"background",-76.3541666666667,6.02083333333334,2
"background",-87.6458333333333,13.6041666666667,2
"background",-155.729166666667,19.2708333333333,1
"background",13.1458333333333,-6.27083333333333,2
"background",108.4375,-6.6875,1
"background",-155.145833333333,19.4375,2
"background",-77.9375,-9.5625,2
"background",19.8958333333333,-0.0208333333333321,2
"background",-77.4375,18.2708333333333,2
"background",-69.2291666666667,10.9791666666667,1
"background",-74.1875,6.97916666666667,1
"background",-77.2708333333333,21.4375,2
"background",-68.8958333333333,11.3541666666667,2
"background",12.2291666666667,-5.47916666666666,1
"background",-88.2708333333333,13.7708333333333,2
"background",-52.9791666666667,4.22916666666667,1
"background",119.645833333333,-4.97916666666666,2
"background",-77.4375,-9.85416666666666,2
"background",108.770833333333,-7.3125,2
"background",-81.3541666666667,23.1041666666667,1
"background",-84.5208333333333,10.4375,1
"background",-72.3541666666667,4.60416666666667,1
"background",-61.7708333333333,-2.39583333333333,2
"background",144.5625,-6.39583333333333,2
"background",-99.0208333333333,19.3125,1
"background",-77.6041666666667,-0.1875,2
"background",-85.5625,14.1458333333333,1
"background",-73.7708333333333,4.6875,1
"background",-76.2708333333333,-12.3541666666667,2
"background",-75.4791666666667,4.0625,1
"background",14.4375,-4.39583333333333,1
"background",-72.5208333333333,7.72916666666667,2
"background",-71.5208333333333,-13.8125,2
"background",-156.479166666667,20.8958333333333,1
"background",-65.3541666666667,-35.3958333333333,1
"background",15.5208333333333,-4.3125,1
"background",21.1458333333333,0.6875,2
"background",-87.6458333333333,14.1041666666667,2
"background",-74.9375,4.1875,1
"background",-61.8541666666667,-3.02083333333333,1
"background",-69.6875,10.8958333333333,2
"background",-72.6041666666667,4.8125,2
"background",-78.3125,21.9791666666667,2
"background",22.8958333333333,-5.47916666666666,1
"background",23.8541666666667,-3.9375,1
"background",-74.1458333333333,6.97916666666667,2
"background",-83.7291666666667,10.3125,1
"background",-53.2291666666667,3.0625,2
"background",18.7708333333333,-0.354166666666664,1
"background",-61.3541666666667,-2.60416666666666,2
"background",-86.9375,13.8958333333333,1
"background",-53.4791666666667,3.10416666666667,2
"background",-72.7291666666667,6.22916666666667,2
"background",-66.6458333333333,9.5625,1
"background",144.0625,-5.47916666666666,1
"background",-77.9375,-1.64583333333333,1
"background",-90.6875,16.5208333333333,2
"background",23.8541666666667,-3.5625,2
"background",-82.3958333333333,22.6875,2
"background",-82.4375,8.39583333333333,1
"background",-77.8125,-10.1041666666667,1
"background",-88.8958333333333,13.8958333333333,2
"background",-85.8125,13.8958333333333,1
"background",-68.6458333333333,11.1458333333333,2
"background",24.1041666666667,-3.89583333333333,1
"background",23.3125,-5.85416666666666,1
"background",18.7708333333333,0.395833333333336,2
"background",-86.6875,14.8958333333333,2
"background",-76.2708333333333,-11.6458333333333,1
"background",-73.5625,5.02083333333334,2
"background",12.5625,-6.52083333333333,2
"background",-85.0208333333333,13.2291666666667,2
"background",-74.8541666666667,3.64583333333334,1
"background",-100.395833333333,19.4791666666667,1
"background",-98.3125,19.1041666666667,2
"background",-85.5208333333333,13.5208333333333,2
"background",102.0625,3.89583333333334,1
"background",-52.5208333333333,3.22916666666667,2
"background",-68.6458333333333,10.9375,2
"background",-73.1041666666667,7.64583333333334,2
"background",-88.3125,14.0625,1
"background",-100.770833333333,20.7708333333333,2
"background",-77.1458333333333,-10.9791666666667,1
"background",-74.1458333333333,6.27083333333334,2
"background",102.4375,3.85416666666667,2
"background",15.1875,-3.72916666666666,2
"background",-60.5208333333333,-1.77083333333333,2
"background",-64.1458333333333,-35.3541666666667,2
"background",22.7708333333333,-6.35416666666666,1
"background",122.895833333333,10.1875,1
"background",-60.7291666666667,-3.14583333333333,2
"background",-74.0625,4.64583333333334,1
"background",-86.6875,13.9791666666667,1
"background",143.479166666667,-6.1875,1
"background",-78.5625,2.10416666666667,1
"background",-76.9791666666667,1.52083333333334,1
"background",-97.6458333333333,18.2708333333333,2
"background",-100.520833333333,20.5625,2
"background",17.8958333333333,0.8125,2
"background",-73.2708333333333,7.5625,1
"background",102.104166666667,2.9375,1
"background",-76.4375,4.10416666666667,2
"background",-88.0208333333333,14.1458333333333,1
"background",-75.0625,4.72916666666667,2
"background",18.3541666666667,0.979166666666668,2
"background",23.7708333333333,-4.02083333333333,1
"background",-73.1041666666667,6.60416666666667,2
"background",24.1458333333333,-4.3125,2
"background",-72.8125,6.4375,2
"background",-98.8541666666667,18.2291666666667,2
"background",-73.3958333333333,5.9375,1
"background",-99.1875,19.6875,2
"background",20.9791666666667,0.270833333333336,1
"background",-81.0625,22.9791666666667,1
"background",15.3541666666667,-4.0625,2
"background",-68.8958333333333,11.1458333333333,1
"background",-55.7291666666667,-10.6875,1
"background",107.104166666667,-5.9375,2
"background",-101.4375,20.7291666666667,1
"background",-61.2708333333333,-3.14583333333333,1
"background",-78.6458333333333,21.7291666666667,1
"background",12.5625,-5.10416666666666,1
"background",-101.1875,20.8125,1
"background",-84.1875,10.6875,2
"background",-65.3125,-35.0625,2
"background",-75.2708333333333,5.6875,1
"background",-75.6875,2.52083333333334,2
"background",165.4375,-21.5208333333333,1
"background",14.3541666666667,-5.89583333333333,2
"background",-97.7708333333333,18.8541666666667,1
"background",-100.520833333333,19.6041666666667,1
"background",-97.8541666666667,18.7708333333333,1
"background",-91.0208333333333,16.3958333333333,2
"background",-80.4375,-0.729166666666664,2
"background",-86.1458333333333,13.5625,1
"background",-99.6458333333333,18.6875,1
"background",143.5625,-6.3125,1
"background",21.9375,-6.0625,1
"background",119.6875,-4.47916666666666,1
"background",-66.3958333333333,8.9375,1
"background",-83.5208333333333,9.52083333333333,2
"background",-86.6875,12.8958333333333,2
"background",122.1875,11.3958333333333,1
"background",-74.6875,10.7291666666667,2
"background",-83.0208333333333,21.8958333333333,2
"background",-81.8958333333333,22.4375,1
"background",-78.0625,-9.72916666666666,1
"background",-76.8541666666667,4.97916666666667,1
"background",-98.3125,20.1458333333333,2
"background",-76.7708333333333,-1.4375,1
"background",-78.4791666666667,-9.1875,2
"background",-77.9791666666667,-1.14583333333333,1
"background",-54.5625,-10.5625,1
"background",17.7291666666667,0.1875,1
"background",-91.4791666666667,15.8958333333333,1
"background",-100.979166666667,20.4375,2
"background",145.0625,-6.14583333333333,1
"background",-75.1875,4.97916666666667,1
"background",145.854166666667,-5.5625,2
"background",-88.8125,13.6041666666667,2
"background",14.7291666666667,-5.0625,2
"background",108.5625,-6.6875,2
"background",-79.2291666666667,-0.5625,1
"background",-77.0208333333333,18.1458333333333,1
"background",20.2291666666667,0.354166666666668,1
"background",-82.4375,22.4791666666667,2
"background",-87.1875,15.2291666666667,2
"background",-84.7291666666667,13.3125,1
"background",-68.5208333333333,10.1875,2
"background",-77.2708333333333,2.64583333333334,2
"background",145.5625,-18.0625,2
"background",143.4375,-5.85416666666666,1
"background",-77.9791666666667,21.3958333333333,1
"background",-84.9791666666667,12.8541666666667,1
"background",-75.8125,4.9375,2
"background",-101.604166666667,21.0625,1
"background",-79.6875,-0.770833333333332,2
"background",-69.3541666666667,10.3125,1
"background",-87.3125,14.6041666666667,2
"background",-86.7708333333333,15.8125,2
"background",-159.479166666667,22.1458333333333,2
"background",-76.3125,4.39583333333334,1
"background",-86.6041666666667,13.3958333333333,1
"background",-91.4791666666667,16.8958333333333,1
"background",13.3541666666667,-5.64583333333333,1
"background",-55.2291666666667,-10.9791666666667,2
"background",-77.3541666666667,2.9375,1
"background",-76.8125,-9.3125,1
"background",-73.8125,5.14583333333334,2
"background",-76.9375,-9.4375,1
"background",-61.3125,-2.1875,2
"background",-91.6458333333333,16.2291666666667,1
"background",-84.5208333333333,9.97916666666667,1
"background",14.1875,-5.1875,2
"background",-51.7708333333333,4.14583333333334,2
"background",101.645833333333,3.97916666666667,1
"background",23.1041666666667,-3.27083333333333,2
"background",17.5625,-0.1875,2
"background",-77.3958333333333,18.0625,2
"background",108.770833333333,-7.35416666666666,1
"background",101.645833333333,3.3125,1
"background",166.4375,-22.3125,2
"background",-97.9375,18.6458333333333,2
"background",-54.5208333333333,-10.3125,2
"background",-66.9375,18.1875,1
"background",-82.3958333333333,9.3125,1
"background",102.3125,3.60416666666667,1
"background",-68.1875,10.3958333333333,2
"background",-60.1458333333333,-2.5625,2
"background",-60.3541666666667,-3.27083333333333,2
"background",-85.4791666666667,11.7291666666667,1
"background",119.8125,-4.3125,2
"background",-85.8125,13.4375,2
"background",24.3958333333333,-2.97916666666666,1
"background",20.8541666666667,0.145833333333336,2
"background",-53.1875,3.6875,2
"background",-52.6458333333333,4.52083333333334,1
"background",20.2291666666667,-0.604166666666664,1
"background",119.645833333333,-4.5625,1
"background",-70.9791666666667,19.1458333333333,2
"background",-86.9375,14.1875,1
"background",-74.9791666666667,6.4375,2
"background",-77.0625,-10.5208333333333,1
"background",-83.1458333333333,9.64583333333333,2
"background",23.6041666666667,-3.02083333333333,1
"background",-66.2291666666667,7.10416666666667,1
"background",119.604166666667,-4.97916666666666,2
"background",-77.7708333333333,17.9375,2
"background",19.1458333333333,0.395833333333336,2
"background",-68.8958333333333,10.9791666666667,1
"background",-75.0208333333333,3.77083333333334,1
"background",-52.5625,4.0625,2
"background",122.520833333333,10.3958333333333,1
"background",-78.0208333333333,2.10416666666667,1
"background",-100.395833333333,18.6875,2
"background",-84.8958333333333,12.6875,2
"background",24.1041666666667,-4.02083333333333,1
"background",-64.2291666666667,-34.5208333333333,1
"background",145.479166666667,-5.14583333333333,2
"background",122.4375,10.9791666666667,1
"background",-78.0208333333333,-0.854166666666664,1
"background",-73.7291666666667,10.8541666666667,2
"background",-87.1458333333333,13.1458333333333,2
"background",-52.4375,3.1875,1
"background",-68.2291666666667,10.4375,1
"background",-71.1875,-13.5208333333333,1
"background",-74.0625,11.1041666666667,1
"background",-66.8541666666667,9.97916666666667,1
"background",22.8125,-5.97916666666666,2
"background",-71.8125,-13.3541666666667,2
"background",18.4791666666667,0.604166666666668,1
"background",119.8125,-4.6875,1
"background",120.4375,-5.0625,1
"background",-66.7291666666667,7.8125,1
"background",-78.6041666666667,-0.479166666666664,1
"background",-65.2708333333333,7.72916666666667,1
"background",-81.6041666666667,22.6875,1
"background",101.270833333333,3.6875,2
"background",18.1041666666667,0.4375,1
"background",-90.3541666666667,16.6458333333333,1
"background",-82.6458333333333,22.9375,2
"background",-83.4791666666667,8.85416666666667,1
"background",21.9375,-5.64583333333333,2
"background",-64.4791666666667,-34.1458333333333,1
"background",-83.3125,10.1458333333333,2
"background",-89.9375,14.6458333333333,2
"background",-91.2708333333333,16.3125,2
"background",-77.0625,5.3125,1
"background",-78.0208333333333,-1.9375,2
"background",-89.9375,14.0625,1
"background",23.1458333333333,-6.52083333333333,1
"background",-67.5625,9.97916666666667,1
"background",-77.3958333333333,-11.3958333333333,1
"background",105.770833333333,-6.72916666666666,1
"background",-75.6875,2.8125,1
"background",-100.395833333333,18.6041666666667,1
"background",21.1041666666667,0.354166666666668,2
"background",145.604166666667,-4.72916666666666,1
"background",-155.770833333333,20.0208333333333,1
"background",110.104166666667,-7.02083333333333,1
"background",-77.7708333333333,2.64583333333334,2
"background",-97.8541666666667,19.3958333333333,2
"background",-71.4791666666667,18.8541666666667,1
"background",-88.2708333333333,13.5625,1
"background",22.0208333333333,-5.14583333333333,1
"background",-86.3541666666667,13.6458333333333,1
"background",-72.4375,4.3125,2
"background",-87.9791666666667,15.4375,2
"background",106.1875,-6.6875,2
"background",-99.1458333333333,18.9375,2
"background",-73.5625,7.14583333333334,1
"background",-78.6041666666667,-1.47916666666666,1
"background",-76.3125,3.8125,2
"background",-101.4375,20.1875,1
"background",-100.020833333333,20.1875,2
"background",-91.6041666666667,17.3125,2
"background",-87.1875,13.1041666666667,1
"background",-75.9791666666667,20.0208333333333,1
"background",21.1041666666667,-0.8125,2
"background",15.3958333333333,-4.0625,2
"background",-83.6458333333333,10.6875,1
"background",-74.1041666666667,6.8125,2
"background",23.6875,-2.89583333333333,2
"background",-155.3125,19.6875,1
"background",-74.4375,10.9791666666667,2
"background",-66.3125,18.3958333333333,1
"background",-100.145833333333,19.9791666666667,2
"background",-86.8541666666667,14.3541666666667,2
"background",-75.8541666666667,3.60416666666667,1
"background",-55.6875,-10.6041666666667,2
"background",-85.3125,13.0625,1
"background",122.9375,9.72916666666667,2
"background",-90.4375,16.6458333333333,2
"background",-155.479166666667,19.7708333333333,2
"background",101.729166666667,4.0625,1
"background",145.5625,-6.35416666666666,2
"background",106.1875,-6.22916666666666,2
"background",-100.145833333333,18.7291666666667,1
"background",164.354166666667,-20.5625,2
"background",-76.0208333333333,1.6875,2
"background",-101.1875,20.9791666666667,1
"background",-74.1875,4.47916666666667,1
"background",145.479166666667,-17.2291666666667,1
"background",18.9375,-0.3125,2
"background",122.020833333333,10.5208333333333,1
"background",-84.5208333333333,9.60416666666667,1
"background",-53.5208333333333,4.22916666666667,2
"background",-100.270833333333,18.8958333333333,1
"background",-74.5625,7.27083333333334,1
"background",21.7708333333333,-5.3125,2
"background",-61.2708333333333,-2.1875,2
"background",-88.5208333333333,14.3541666666667,2
"background",-75.8958333333333,3.02083333333334,2
"background",-85.1041666666667,10.8125,2
"background",106.9375,-6.1875,1
"background",-77.1041666666667,-0.854166666666664,2
"background",-61.3541666666667,10.5208333333333,2
"background",-64.6458333333333,-34.6458333333333,1
"background",108.520833333333,-7.52083333333333,2
"background",21.5625,-0.104166666666664,1
"background",-64.8958333333333,-34.2291666666667,1
"background",144.270833333333,-5.64583333333333,2
"background",-99.3541666666667,18.6041666666667,1
"background",-66.2708333333333,8.10416666666667,2
"background",21.6041666666667,-0.0625,1
"background",-64.8541666666667,-34.4375,2
"background",101.770833333333,3.52083333333334,2
"background",-67.1875,18.3125,1
"background",-66.8541666666667,18.3958333333333,2
"background",-101.5625,20.5208333333333,2
"background",-70.1041666666667,10.7708333333333,2
"background",-86.9375,12.3541666666667,1
"background",-91.1875,17.3125,1
"background",-52.3541666666667,3.22916666666667,2
"background",-99.3541666666667,19.5208333333333,2
"background",-77.7708333333333,-9.60416666666666,1
"background",145.770833333333,-17.0208333333333,1
"background",-75.1041666666667,6.35416666666667,1
"background",-72.9375,4.0625,1
"background",101.5625,2.72916666666667,1
"background",-72.3541666666667,18.3125,1
"background",-83.5625,8.64583333333333,1
"background",23.8958333333333,-4.10416666666666,1
"background",-67.0208333333333,10.4791666666667,1
"background",-55.4791666666667,-9.9375,1
"background",-67.0625,8.4375,1
"background",-52.6458333333333,3.3125,2
"background",-88.5625,13.3958333333333,2
"background",-70.6875,18.4791666666667,1
"background",20.1458333333333,0.4375,1
"background",-155.854166666667,19.9791666666667,1
"background",111.1875,-8.10416666666666,1
"background",-78.3125,18.2708333333333,2
"background",110.229166666667,-7.72916666666666,2
"background",-99.0208333333333,18.9375,1
"background",22.7708333333333,-5.4375,2
"background",122.5625,10.4375,2
"background",-74.3125,5.52083333333334,1
"background",-85.3541666666667,11.8541666666667,2
"background",-87.0208333333333,12.6041666666667,1
"background",-77.8541666666667,-9.52083333333333,1
"background",-72.7708333333333,5.1875,1
"background",-85.6041666666667,12.9791666666667,2
"background",-72.1458333333333,18.8958333333333,1
"background",18.6875,-0.1875,2
"background",146.5625,-5.9375,1
"background",119.6875,-5.1875,2
"background",-88.6041666666667,14.3125,2
"background",-100.729166666667,20.6041666666667,1
"background",-75.6875,20.3958333333333,2
"background",-65.8541666666667,-34.8541666666667,1
"background",-81.6875,22.1041666666667,1
"background",-91.8125,16.4791666666667,2
"background",-78.3958333333333,21.5208333333333,2
"background",-74.2708333333333,6.14583333333334,2
"background",-65.2291666666667,7.8125,1
"background",122.145833333333,11.4375,1
"background",-65.4375,8.27083333333333,2
"background",-76.8125,-10.6458333333333,1
"background",-84.6458333333333,10.5208333333333,1
"background",-66.6458333333333,8.0625,1
"background",-83.3125,8.47916666666667,2
"background",-85.9791666666667,12.4791666666667,2
"background",-75.8541666666667,1.89583333333334,2
"background",-63.0208333333333,18.0625,2
"background",-84.8958333333333,10.1041666666667,1
"background",21.9375,-5.97916666666666,2
"background",21.9375,-6.72916666666666,1
"background",-61.4375,-2.60416666666666,1
"background",-74.5208333333333,3.72916666666667,2
"background",-68.3958333333333,10.6041666666667,1
"background",-74.9375,20.0208333333333,1
"background",-70.2708333333333,11.3541666666667,1
"background",-77.3541666666667,-9.9375,2
"background",-61.7708333333333,-2.3125,1
"background",-88.8541666666667,13.4375,1
"background",-99.6041666666667,20.4375,2
"background",-62.9791666666667,17.4791666666667,2
"background",-155.895833333333,19.2708333333333,1
"background",-83.4791666666667,22.7291666666667,1
"background",-65.8125,7.39583333333334,1
"background",-87.0208333333333,15.4375,1
"background",-77.4375,-11.2291666666667,2
"background",15.4375,-4.77083333333333,2
"background",-99.7708333333333,19.3958333333333,1
"background",-72.9791666666667,6.3125,2
"background",14.9791666666667,-3.47916666666666,2
"background",-72.7708333333333,-13.0625,2
"background",-73.7708333333333,6.9375,2
"background",-77.5625,-1.97916666666666,2
"background",-85.5208333333333,11.2708333333333,1
"background",20.3541666666667,0.229166666666668,1
"background",144.0625,-4.85416666666666,2
"background",16.2291666666667,-4.3125,1
"background",23.6041666666667,-3.97916666666666,2
"background",-101.729166666667,20.8541666666667,2
"background",-71.9375,-14.1875,2
"background",-73.6041666666667,6.89583333333334,1
"background",106.604166666667,-6.89583333333333,1
"background",-78.3125,2.14583333333334,2
"background",-77.1041666666667,-9.6875,2
"background",-101.6875,21.1458333333333,1
"background",-74.2708333333333,20.1875,1
"background",-60.5625,-3.52083333333333,1
"background",-78.3958333333333,-9.02083333333333,1
"background",165.354166666667,-21.2291666666667,2
"background",-78.8125,-1.1875,2
"background",-81.2708333333333,22.8958333333333,1
"background",-86.6875,15.2708333333333,1
"background",-66.5208333333333,18.1041666666667,1
"background",-71.0625,-13.1041666666667,2
"background",-70.7708333333333,18.8958333333333,1
"background",13.6458333333333,-6.0625,1
"background",-76.9375,-1.22916666666666,2
"background",-73.7291666666667,3.9375,1
"background",-88.6875,13.4791666666667,1
"background",-77.2291666666667,18.4375,1
"background",109.979166666667,-7.0625,1
"background",-75.2291666666667,5.35416666666667,2
"background",-66.8958333333333,18.3958333333333,2
"background",143.5625,-6.4375,1
"background",109.604166666667,-7.22916666666666,1
"background",-70.1041666666667,10.4375,2
"background",-99.3958333333333,20.3125,1
"background",143.770833333333,-5.72916666666666,1
"background",-60.9791666666667,-1.9375,1
"background",-52.3125,4.89583333333334,1
"background",-76.7291666666667,-12.3958333333333,1
"background",-76.9791666666667,-1.02083333333333,2
"background",-91.1875,17.5625,2
"background",14.9375,-4.27083333333333,2
"background",-60.9375,-2.6875,2
"background",14.8958333333333,-4.10416666666666,1
"background",-61.3958333333333,15.3541666666667,2
"background",-66.9375,8.02083333333333,1
"background",-75.0208333333333,10.7708333333333,1
"background",17.7708333333333,0.395833333333336,2
"background",12.6458333333333,-6.5625,1
"background",-89.6458333333333,14.9375,2
"background",-87.6458333333333,15.6458333333333,2
"background",-76.3541666666667,4.77083333333334,1
"background",-77.9375,20.6875,1
"background",-74.8541666666667,6.52083333333334,2
"background",-74.3958333333333,3.8125,1
"background",-72.6458333333333,-12.9375,1
"background",-60.5625,-2.5625,1
"background",-74.8125,4.6875,1
"background",106.145833333333,-5.9375,2
"background",-72.1875,-13.5208333333333,1
"background",-71.3958333333333,-13.8541666666667,1
"background",-61.3958333333333,-2.3125,2
"background",-72.4375,4.47916666666667,2
"background",21.6041666666667,-5.77083333333333,2
"background",-84.8125,10.1875,1
"background",-72.5208333333333,-13.3958333333333,1
"background",-74.1875,4.3125,1
"background",-99.1458333333333,18.5208333333333,1
"background",146.145833333333,-5.52083333333333,1
"background",-67.6875,10.2708333333333,1
"background",-76.6041666666667,-1.14583333333333,1
"background",-101.604166666667,20.6875,1
"background",-82.8958333333333,8.85416666666667,2
"background",-79.5625,0.9375,1
"background",-52.1875,4.35416666666667,2
"background",-61.1458333333333,-2.77083333333333,1
"background",-74.5208333333333,10.2708333333333,1
"background",20.4375,0.5625,2
"background",-99.1041666666667,19.7708333333333,2
"background",-98.1458333333333,19.4791666666667,2
"background",-155.604166666667,19.9791666666667,2
"background",-73.3125,6.8125,2
"background",-55.1875,-9.5625,1
"background",-55.6875,-10.3541666666667,1
"background",-53.2708333333333,5.22916666666667,1
"background",-90.5208333333333,16.6041666666667,1
"background",-76.0208333333333,-11.8541666666667,1
"background",-77.8958333333333,21.6458333333333,1
"background",-65.1041666666667,-35.8541666666667,2
"background",-80.2291666666667,-0.604166666666664,2
"background",-85.1875,10.0625,2
"background",-86.8958333333333,12.8541666666667,2
"background",-78.3958333333333,2.64583333333334,1
"background",-69.1875,10.3958333333333,2
"background",-99.5208333333333,18.4375,1
"background",-76.8125,-9.5625,2
"background",-84.0625,10.5208333333333,2
"background",-69.6041666666667,10.9375,2
"background",-76.9791666666667,-11.0625,2
"background",-54.7291666666667,-10.2291666666667,1
"background",-87.0625,13.1041666666667,1
"background",-61.1875,10.8125,1
"background",-75.7291666666667,20.5625,2
"background",-68.1041666666667,10.4791666666667,2
"background",146.1875,-6.10416666666666,1
"background",-85.0208333333333,14.1458333333333,1
"background",-75.8958333333333,20.5208333333333,2
"background",146.145833333333,-18.3541666666667,1
"background",-77.5625,21.6875,2
"background",-85.8958333333333,11.4791666666667,1
"background",-71.3958333333333,18.2708333333333,1
"background",-73.1875,7.9375,1
"background",-66.3541666666667,7.8125,1
"background",145.854166666667,-6.4375,1
"background",-65.9791666666667,7.52083333333334,1
"background",-66.8958333333333,10.3125,1
"background",-98.6458333333333,20.4375,2
"background",-99.0208333333333,18.7708333333333,1
"background",108.645833333333,-7.02083333333333,1
"background",-98.2708333333333,20.0625,1
"background",-76.3958333333333,-11.8541666666667,1
"background",-82.8125,8.60416666666667,2
"background",-60.9375,13.8958333333333,1
"background",-76.8125,18.1458333333333,2
"background",-66.0625,9.9375,1
"background",-98.3541666666667,18.8125,1
"background",-61.6041666666667,-3.1875,2
"background",-87.2291666666667,14.8125,1
"background",-83.3958333333333,22.8125,1
"background",-61.5208333333333,-3.10416666666666,2
"background",-98.8125,18.9791666666667,2
"background",-76.7708333333333,-11.3125,1
"background",-87.0625,14.6875,2
"background",111.6875,-8.02083333333333,2
"background",110.979166666667,-8.02083333333333,1
"background",-87.6875,15.0208333333333,2
"background",-65.1458333333333,-35.4375,1
"background",144.0625,-5.77083333333333,1
"background",-71.7708333333333,-13.6458333333333,1
"background",-72.1041666666667,-14.2291666666667,2
"background",-77.3958333333333,1.89583333333334,2
"background",-71.2291666666667,19.0625,2
"background",-89.8125,14.8958333333333,1
"background",123.520833333333,9.97916666666667,2
"background",-88.4791666666667,13.1875,1
"background",-98.4791666666667,18.9791666666667,2
"background",-99.6458333333333,20.1458333333333,2
"background",-98.8541666666667,18.5625,2
"background",-77.4375,-1.52083333333333,2
"background",-100.479166666667,19.3125,2
"background",-77.2291666666667,-1.72916666666666,1
"background",-68.3125,10.4791666666667,2
"background",-76.5625,2.60416666666667,1
"background",-84.2708333333333,22.0208333333333,1
"background",18.7291666666667,-0.4375,1
"background",-79.8125,-0.3125,1
"background",-71.3541666666667,-13.6041666666667,2
"background",123.8125,11.2291666666667,2
"background",119.854166666667,-4.9375,1
"background",-100.729166666667,19.2291666666667,2
"background",14.7291666666667,-3.8125,1
"background",166.270833333333,-22.0625,1
"background",-78.6875,-1.52083333333333,1
"background",-78.0208333333333,20.9791666666667,1
"background",-85.1875,11.1875,2
"background",21.4791666666667,-5.72916666666666,1
"background",-65.5208333333333,-35.3125,2
"background",-66.5625,9.72916666666667,2
"background",-77.7291666666667,2.10416666666667,1
"background",-55.1041666666667,-9.0625,2
"background",-73.8125,6.47916666666667,2
"background",-67.2708333333333,10.2708333333333,2
"background",120.0625,-5.10416666666666,1
"background",145.479166666667,-5.77083333333333,2
"background",-77.1458333333333,2.4375,2
"background",18.3958333333333,0.645833333333336,2
"background",-77.8958333333333,-9.22916666666666,1
"background",122.5625,11.5208333333333,1
"background",-74.9375,6.27083333333334,2
"background",-77.9375,-10.5208333333333,2
"background",-71.7291666666667,18.8958333333333,2
"background",-83.8958333333333,10.9375,1
"background",145.020833333333,-6.10416666666666,1
"background",-86.9791666666667,12.7291666666667,1
"background",110.104166666667,-7.85416666666666,1
"background",-90.4791666666667,17.5208333333333,1
"background",145.645833333333,-17.3541666666667,1
"background",-75.9375,2.72916666666667,1
"background",123.6875,10.1458333333333,2
"background",23.3541666666667,-2.77083333333333,1
"background",106.604166666667,-7.0625,1
"background",22.1875,-5.85416666666666,2
"background",-74.0208333333333,6.4375,1
"background",-101.479166666667,20.9791666666667,2
"background",-99.7291666666667,19.1458333333333,1
"background",-73.0625,6.27083333333334,1
"background",-97.2708333333333,18.6875,1
"background",-98.0208333333333,18.3541666666667,2
"background",107.645833333333,-6.85416666666666,1
"background",-89.3541666666667,14.6875,2
"background",-60.6458333333333,-3.5625,2
"background",-75.4375,20.3958333333333,1
"background",-85.3541666666667,10.6458333333333,1
"background",-66.1458333333333,9.72916666666667,1
"background",-100.520833333333,18.9375,1
"background",109.0625,-6.89583333333333,2
"background",-99.3958333333333,18.7291666666667,2
"background",-74.2291666666667,7.0625,2
"background",-70.9375,18.4791666666667,2
"background",-53.6041666666667,4.22916666666667,1
"background",-80.3125,-0.729166666666664,2
"background",-77.2708333333333,-1.35416666666666,2
"background",-61.6875,-3.14583333333333,2
"background",-99.6875,20.1041666666667,1
"background",-55.3125,-9.3125,1
"background",110.6875,-6.85416666666666,2
"background",119.9375,-4.8125,2
"background",-80.3541666666667,-0.520833333333332,1
"background",-54.3958333333333,-10.3958333333333,1
"background",12.5208333333333,-5.3125,1
"background",-79.1458333333333,-0.104166666666664,1
"background",-83.6041666666667,9.0625,1
"background",-71.6458333333333,-13.6041666666667,1
"background",-55.5208333333333,-10.1458333333333,2
"background",-85.1875,9.97916666666667,1
"background",-86.9791666666667,14.0625,1
"background",-89.0208333333333,13.5625,2
"background",22.4375,-5.02083333333333,1
"background",-77.4375,-10.6041666666667,1
"background",-66.1041666666667,18.0208333333333,1
"background",-89.6041666666667,14.3541666666667,1
"background",-100.4375,21.5625,1
"background",-73.4375,4.8125,2
"background",145.895833333333,-5.77083333333333,1
"background",-76.1041666666667,2.1875,1
"background",-89.4375,14.8125,2
"background",-86.8541666666667,13.1041666666667,1
"background",-61.3958333333333,-2.89583333333333,1
"background",110.520833333333,-7.0625,2
"background",-91.0208333333333,17.3958333333333,2
"background",-76.3541666666667,2.8125,1
"background",-90.7708333333333,16.9375,2
"background",21.7291666666667,0.0625,1
"background",-77.8541666666667,-9.02083333333333,1
"background",20.9791666666667,0.4375,1
"background",-101.104166666667,21.6041666666667,2
"background",13.6041666666667,-5.6875,1
"background",-53.8958333333333,4.27083333333334,1
"background",-76.5625,2.8125,1
"background",-100.8125,20.2708333333333,2
"background",-76.0208333333333,3.6875,2
"background",108.229166666667,-7.27083333333333,1
"background",-76.8125,5.85416666666667,1
"background",-88.2708333333333,14.1458333333333,2
"background",-91.2708333333333,16.5208333333333,1
"background",146.145833333333,-18.3125,2
"background",-91.0208333333333,15.8125,1
"background",119.9375,-4.0625,1
"background",144.979166666667,-5.60416666666666,2
"background",-97.8958333333333,18.3541666666667,2
"background",-61.7291666666667,9.77083333333333,1
"background",-90.7708333333333,-0.229166666666664,2
"background",-72.5208333333333,7.6875,2
"background",23.1041666666667,-3.97916666666666,2
"background",-53.3958333333333,3.39583333333334,2
"background",-85.7708333333333,12.8958333333333,1
"background",-72.2708333333333,-12.5625,2
"background",-99.8541666666667,20.1041666666667,1
"background",18.6458333333333,-0.645833333333332,2
"background",-100.145833333333,20.1458333333333,2
"background",-101.270833333333,20.7291666666667,1
"background",-65.9791666666667,7.39583333333334,1
"background",144.229166666667,-4.8125,1
"background",-78.2708333333333,21.7291666666667,1
"background",-73.0625,6.77083333333334,1
"background",12.9791666666667,-6.47916666666666,2
"background",-85.3125,11.0208333333333,1
"background",-60.1875,-2.6875,1
"background",-65.6875,18.3125,1
"background",-99.6041666666667,19.9791666666667,2
"background",18.7708333333333,-0.6875,1
"background",120.020833333333,-5.1875,2
"background",-82.8541666666667,9.1875,2
"background",-89.3125,15.1875,1
"background",-55.6041666666667,-9.4375,1
"background",-69.4375,10.3958333333333,1
"background",-77.2708333333333,-2.02083333333333,2
"background",-54.7291666666667,-9.39583333333333,1
"background",110.604166666667,-8.02083333333333,1
"background",-76.7291666666667,3.02083333333334,2
"background",-66.9375,8.52083333333333,1
"background",23.4791666666667,-3.1875,1
"background",14.8958333333333,-4.4375,1
"background",-76.1875,5.89583333333334,2
"background",20.9375,0.104166666666668,1
"background",-76.3125,-11.5208333333333,2
"background",-155.479166666667,19.4375,2
"background",-76.1875,5.85416666666667,2
"background",-99.2708333333333,19.2708333333333,2
"background",123.0625,11.1458333333333,2
"background",-88.8125,13.3958333333333,1
"background",-99.1041666666667,18.6041666666667,2
"background",-74.6041666666667,4.5625,1
"background",15.0625,-4.27083333333333,1
"background",18.6875,-0.3125,1
"background",144.4375,-6.3125,2
"background",-88.3958333333333,14.1458333333333,1
"background",-67.4375,10.3958333333333,1
"background",-91.5625,16.8541666666667,2
"background",-68.4791666666667,10.5625,1
"background",107.604166666667,-6.47916666666666,2
"background",144.270833333333,-6.14583333333333,2
"background",-79.5625,0.8125,1
"background",164.729166666667,-20.7708333333333,1
"background",-99.2708333333333,19.0625,1
"background",-71.5625,-13.6875,1
"background",105.979166666667,-6.64583333333333,2
"background",122.8125,11.1041666666667,1
"background",-91.5625,16.8958333333333,2
"background",-71.5625,-13.1041666666667,2
"background",13.1458333333333,-5.14583333333333,2
"background",143.479166666667,-5.1875,1
"background",-78.5625,21.8125,1
"background",-77.8125,-10.1875,2
"background",-72.6041666666667,-14.0625,2
"background",-86.7291666666667,12.8958333333333,2
"background",-87.5208333333333,13.8541666666667,2
"background",-55.4791666666667,-9.47916666666666,1
"background",-72.2708333333333,6.60416666666667,2
"background",-77.9791666666667,18.1041666666667,2
"background",-97.6458333333333,18.8125,2
"background",-97.8125,19.9791666666667,2
"background",20.5625,0.604166666666668,2
"background",-75.1041666666667,5.22916666666667,1
"background",-68.8958333333333,10.6458333333333,1
"background",14.1458333333333,-5.35416666666666,1
"background",-88.6875,13.8541666666667,2
"background",-73.5208333333333,4.3125,1
"background",145.979166666667,-5.89583333333333,1
"background",-81.1458333333333,22.5625,1
"background",14.0625,-6.4375,1
"background",-77.6875,3.02083333333334,2
"background",-77.3958333333333,-9.14583333333333,2
"background",-71.4791666666667,-12.8958333333333,2
"background",-76.1458333333333,5.97916666666667,2
"background",-75.4375,6.8125,2
"background",-91.5625,16.0625,2
"background",-60.8125,-2.9375,1
"background",-52.7291666666667,3.1875,2
"background",13.5208333333333,-5.4375,1
"background",111.145833333333,-7.39583333333333,1
"background",-87.9791666666667,14.2291666666667,1
"background",-61.2291666666667,14.8125,1
"background",13.6041666666667,-5.72916666666666,1
"background",-77.8958333333333,-9.64583333333333,2
"background",-52.8958333333333,5.3125,1
"background",23.9791666666667,-2.6875,1
"background",-54.1458333333333,3.35416666666667,1
"background",-85.1458333333333,10.6041666666667,2
"background",-75.7291666666667,20.6041666666667,1
"background",-89.7291666666667,14.8958333333333,2
"background",-78.2708333333333,21.0625,1
"background",14.5625,-4.5625,2
"background",18.4791666666667,0.229166666666668,2
"background",15.5208333333333,-4.1875,2
"background",-77.3958333333333,-0.770833333333332,2
"background",-84.1458333333333,11.3958333333333,1
"background",-75.6875,20.2291666666667,2
"background",145.229166666667,14.1875,1
"background",19.0208333333333,0.5625,1
"background",-53.1041666666667,5.02083333333334,1
"background",107.104166666667,-7.10416666666666,2
"background",-61.6041666666667,-1.89583333333333,2
"background",-61.4375,10.3125,2
"background",-99.2291666666667,19.7291666666667,2
"background",-76.3125,5.1875,1
"background",-54.0625,-9.97916666666666,2
"background",105.8125,-6.9375,2
"background",-99.0625,18.7291666666667,2
"background",143.395833333333,-5.9375,1
"background",111.3125,-7.60416666666666,2
"background",-86.6458333333333,14.8958333333333,1
"background",-99.6875,19.3125,1
"background",-74.6458333333333,3.60416666666667,2
"background",-76.7708333333333,-9.22916666666666,2
"background",15.3958333333333,-3.47916666666666,1
"background",-84.8541666666667,10.8125,1
"background",14.4375,-4.02083333333333,1
"background",-61.2708333333333,10.5208333333333,1
"background",-81.6458333333333,22.5625,1
"background",102.520833333333,3.5625,1
"background",17.6458333333333,-0.229166666666664,1
"background",-71.2708333333333,-13.3125,1
"background",-77.6041666666667,2.14583333333334,2
"background",-99.2291666666667,19.1875,2
"background",-87.8958333333333,14.9791666666667,1
"background",145.5625,-6.1875,2
"background",-77.5208333333333,21.4791666666667,1
"background",-77.7708333333333,-9.14583333333333,1
"background",-64.1041666666667,-35.2291666666667,2
"background",-69.1458333333333,11.3125,2
"background",13.7291666666667,-6.0625,2
"background",12.6041666666667,-6.14583333333333,2
"background",144.1875,-5.85416666666666,2
"background",-61.0625,-3.27083333333333,2
"background",102.354166666667,3.89583333333334,1
"background",-158.145833333333,21.4375,2
"background",-52.7708333333333,4.3125,2
"background",-71.7291666666667,-13.4375,2
"background",-64.7291666666667,-34.1875,1
"background",-66.8125,7.77083333333334,2
"background",18.8541666666667,-0.229166666666664,2
"background",22.1458333333333,-5.77083333333333,2
"background",18.6458333333333,0.979166666666668,1
"background",-74.6458333333333,6.5625,1
"background",-52.0208333333333,3.89583333333334,2
"background",-74.1041666666667,6.14583333333334,2
"background",-71.7708333333333,18.6041666666667,2
"background",-82.1458333333333,23.1041666666667,2
"background",-87.8958333333333,13.7291666666667,2
"background",14.8125,-4.39583333333333,1
"background",-78.2291666666667,21.6041666666667,1
"background",-75.3958333333333,5.0625,2
"background",-65.1875,-34.1041666666667,2
"background",-75.6041666666667,7.1875,1
"background",-156.979166666667,20.8541666666667,1
"background",-78.5208333333333,-1.10416666666666,2
"background",15.1458333333333,-5.10416666666666,2
"background",-77.8125,-0.0208333333333321,2
"background",-73.6458333333333,4.3125,2
"background",-53.1458333333333,4.4375,2
"background",-75.6458333333333,5.4375,2
"background",-98.2291666666667,19.4375,1
"background",-98.1041666666667,19.9791666666667,2
"background",-73.3541666666667,6.77083333333334,1
"background",-71.8125,-13.8958333333333,2
"background",-85.6041666666667,13.4375,2
"background",-99.6875,18.9791666666667,1
"background",-73.9375,5.0625,1
"background",110.479166666667,-7.64583333333333,2
"background",-64.3541666666667,-35.5625,1
"background",-72.2291666666667,6.6875,2
"background",-77.2708333333333,-11.4791666666667,1
"background",119.5625,-5.1875,2
"background",23.9375,-3.22916666666666,1
"background",-87.2291666666667,13.4375,1
"background",144.354166666667,-5.27083333333333,1
"background",-70.2708333333333,11.0625,1
"background",-76.1458333333333,2.72916666666667,1
"background",107.229166666667,-7.0625,2
"background",-89.2708333333333,14.0208333333333,1
"background",-77.6041666666667,-9.22916666666666,2
"background",-74.1875,10.8125,1
"background",-82.6041666666667,9.10416666666667,2
"background",145.4375,-17.9791666666667,2
"background",144.979166666667,-5.77083333333333,2
"background",122.4375,11.3125,1
"background",-65.9375,8.27083333333333,2
"background",23.5208333333333,-3.27083333333333,1
"background",107.395833333333,-6.02083333333333,2
"background",144.104166666667,-5.02083333333333,1
"background",-61.1875,-2.6875,1
"background",-54.7291666666667,-10.7708333333333,2
"background",-69.0208333333333,10.6875,2
"background",-83.4375,10.0208333333333,1
"background",-74.5208333333333,4.8125,1
"background",-87.7708333333333,15.0625,1
"background",-60.1875,-3.1875,1
"background",-100.229166666667,19.1458333333333,1
"background",-67.1458333333333,7.9375,2
"background",15.6458333333333,-3.85416666666666,1
"background",16.0208333333333,-4.6875,2
"background",111.229166666667,-8.02083333333333,2
"background",-77.5625,-0.520833333333332,1
"background",-100.645833333333,21.7708333333333,2
"background",-86.0625,12.1875,2
"background",-101.270833333333,21.0625,1
"background",18.1458333333333,-0.604166666666664,2
"background",-75.9791666666667,4.60416666666667,2
"background",-72.0208333333333,18.6458333333333,1
"background",-88.9375,14.8541666666667,1
"background",-76.5208333333333,-11.9375,2
"background",145.0625,-17.3958333333333,2
"background",-75.9375,20.0208333333333,1
"background",-101.020833333333,20.3958333333333,2
"background",15.9791666666667,-3.85416666666666,1
"background",-100.8125,20.5208333333333,1
"background",-61.0625,-3.64583333333333,2
"background",-72.6875,7.89583333333334,2
"background",-76.8541666666667,2.5625,2
"background",-71.0625,-13.5625,1
"background",-70.5208333333333,10.6875,2
"background",-66.1875,8.5625,2
"background",-53.1458333333333,2.72916666666667,1
"background",106.395833333333,-6.8125,1
"background",-86.4375,14.6458333333333,2
"background",-72.8125,7.1875,1
"background",-78.3541666666667,-1.02083333333333,1
"background",-51.9375,4.52083333333334,1
"background",-71.3541666666667,19.2291666666667,2
"background",-77.5625,-9.64583333333333,2
"background",-79.6458333333333,-0.854166666666664,2
"background",-71.5208333333333,18.7291666666667,2
"background",-61.8541666666667,9.77083333333333,1
"background",-98.1875,17.9791666666667,1
"background",-65.6458333333333,-35.5625,2
"background",-73.6041666666667,7.02083333333334,1
"background",-72.3958333333333,7.72916666666667,2
"background",144.020833333333,-5.10416666666666,1
"background",-64.0625,-34.7708333333333,2
"background",-85.7291666666667,12.1041666666667,1
"background",108.520833333333,-7.4375,1
"background",-60.7708333333333,-2.8125,1
"background",23.0625,-6.6875,2
"background",-100.020833333333,19.1041666666667,1
"background",120.104166666667,-4.1875,1
"background",101.479166666667,3.1875,2
"background",107.020833333333,-7.35416666666666,2
"background",-65.0208333333333,-35.5625,1
"background",-66.8958333333333,7.72916666666667,2
"background",-77.5208333333333,17.9791666666667,1
"background",-90.5625,16.9791666666667,1
"background",-99.2708333333333,20.1458333333333,2
"background",15.3125,-4.60416666666666,2
"background",21.6458333333333,0.270833333333336,1
"background",-88.3125,13.3541666666667,1
"background",-85.9375,13.3958333333333,1
"background",-91.1041666666667,17.6041666666667,2
"background",-60.0625,-2.89583333333333,1
"background",120.1875,-5.1875,2
"background",-76.0625,4.52083333333334,2
"background",122.104166666667,11.1041666666667,1
"background",-54.3958333333333,-9.72916666666666,1
"background",14.1875,-6.10416666666666,1
"background",-74.3125,10.1875,1
"background",146.145833333333,-5.8125,2
"background",-75.3958333333333,20.5208333333333,2
"background",-87.3958333333333,12.7708333333333,1
"background",101.854166666667,3.02083333333334,1
"background",-66.1875,8.8125,1
"background",-74.9791666666667,4.10416666666667,2
"background",122.145833333333,11.7708333333333,1
"background",-60.5208333333333,-1.72916666666666,1
"background",-82.8125,22.0625,1
"background",-74.9791666666667,5.64583333333334,2
"background",108.4375,-7.35416666666666,1
"background",165.0625,-20.8125,1
"background",-53.9791666666667,4.22916666666667,1
"background",14.7291666666667,-4.64583333333333,1
"background",-77.2291666666667,-9.72916666666666,1
"background",-74.3958333333333,5.6875,2
"background",-55.0208333333333,-9.5625,1
"background",-69.9375,12.1458333333333,2
"background",-81.0625,22.9375,1
"background",109.604166666667,-7.60416666666666,2
"background",144.770833333333,13.3958333333333,2
"background",-86.3958333333333,11.7708333333333,1
"background",-90.9791666666667,17.4375,2
"background",20.3125,-0.854166666666664,1
"background",-60.4791666666667,-3.35416666666666,2
"background",-90.3125,-1.35416666666666,2
"background",24.4375,-3.52083333333333,1
"background",15.9375,-3.85416666666666,1
"background",-75.2708333333333,5.3125,2
"background",-98.3958333333333,18.6041666666667,1
"background",-80.3541666666667,-0.770833333333332,2
"background",-99.6875,19.3541666666667,2
"background",-72.8125,7.0625,1
"background",145.520833333333,-17.0625,2
"background",13.7708333333333,-4.97916666666666,2
"background",-73.8541666666667,4.0625,2
"background",14.9375,-4.77083333333333,2
"background",-86.4791666666667,14.5625,1
"background",-68.6875,11.2708333333333,1
"background",-76.3125,-11.7291666666667,2
"background",23.1875,-6.02083333333333,2
"background",-76.2708333333333,-11.7291666666667,2
"background",15.6458333333333,-3.52083333333333,1
"background",-72.5208333333333,4.47916666666667,1
"background",-89.1041666666667,13.9375,2
"background",144.229166666667,-4.72916666666666,2
"background",-77.0625,-1.22916666666666,1
"background",-61.3125,-2.47916666666666,1
"background",120.0625,-4.0625,2
"background",-75.7708333333333,6.35416666666667,1
"background",-78.3958333333333,21.8541666666667,2
"background",-53.2291666666667,5.27083333333334,1
"background",-101.145833333333,20.3125,2
"background",119.645833333333,-4.89583333333333,1
"background",-52.2708333333333,4.4375,2
"background",14.8958333333333,-4.89583333333333,2
"background",-75.2708333333333,7.0625,1
"background",-100.395833333333,18.9375,1
"background",123.520833333333,9.9375,2
"background",144.3125,-6.6875,1
"background",-77.5208333333333,2.85416666666667,2
"background",-79.4375,-0.645833333333332,1
"background",-72.5208333333333,-13.1458333333333,2
"background",-85.2708333333333,11.6875,1
"background",-65.2708333333333,-34.8958333333333,2
"background",-76.0208333333333,5.10416666666667,1
"background",-75.7291666666667,20.2291666666667,2
"background",21.8958333333333,-6.52083333333333,2
"background",-54.3958333333333,-10.3125,2
"background",-100.3125,20.8958333333333,1
"background",-79.7708333333333,0.8125,2
"background",-87.4375,14.2291666666667,1
"background",12.5625,-5.72916666666666,2
"background",-73.2291666666667,6.60416666666667,1
"background",-71.8125,-13.4375,1
"background",-61.4791666666667,-2.6875,2
"background",-55.1458333333333,-10.3541666666667,2
"background",-53.6041666666667,4.5625,1
"background",-61.1041666666667,10.6041666666667,2
"background",-74.1458333333333,5.5625,1
"background",-97.6875,19.1041666666667,1
"background",-91.3125,16.8125,2
"background",-72.3541666666667,-13.1041666666667,2
"background",-73.5625,7.77083333333334,1
"background",144.645833333333,13.4375,1
"background",165.979166666667,-21.9375,2
"background",-87.2708333333333,14.1041666666667,2
"background",122.520833333333,10.5208333333333,1
"background",-101.104166666667,20.2708333333333,2
"background",-69.0625,10.2708333333333,1
"background",-100.104166666667,20.3125,2
"background",-80.3541666666667,-0.604166666666664,2
"background",-75.2708333333333,6.35416666666667,1
"background",-99.6041666666667,19.7291666666667,1
"background",-81.8125,23.1458333333333,2
"background",-88.4375,13.4375,2
"background",145.770833333333,-18.3125,2
"background",23.1041666666667,-3.4375,2
"background",-52.0208333333333,4.39583333333334,2
"background",-87.8958333333333,14.1458333333333,1
"background",-76.1458333333333,5.9375,2
"background",21.7291666666667,-5.64583333333333,1
"background",-76.9791666666667,2.77083333333334,2
"background",-51.9375,4.1875,1
"background",-75.6875,6.02083333333334,2
"background",146.020833333333,-6.02083333333333,2
"background",167.854166666667,-21.4791666666667,1
"background",-74.5625,5.8125,1
"background",-88.9791666666667,14.8125,2
"background",13.7708333333333,-5.39583333333333,1
"background",-99.6041666666667,19.3958333333333,1
"background",164.645833333333,-20.9791666666667,2
"background",-66.7708333333333,8.02083333333333,1
"background",-83.5208333333333,8.47916666666667,1
"background",-99.9375,20.0208333333333,1
"background",111.0625,-7.72916666666666,2
"background",-79.5208333333333,-0.3125,2
"background",106.854166666667,-6.60416666666666,1
"background",-69.8541666666667,12.0625,2
"background",-65.2708333333333,-35.5625,2
"background",-78.3125,22.0208333333333,1
"background",-72.8958333333333,-13.4375,2
"background",13.3125,-6.39583333333333,1
"background",-74.1041666666667,5.6875,1
"background",-76.3541666666667,4.39583333333334,2
"background",23.6458333333333,-4.22916666666666,1
"background",-64.0208333333333,-34.7291666666667,1
"background",-99.5208333333333,20.0208333333333,2
"background",-84.2708333333333,9.89583333333333,1
"background",119.729166666667,-4.5625,2
"background",-64.0625,-34.8125,2
"background",-100.104166666667,19.8541666666667,1
"background",102.020833333333,3.9375,2
"background",-85.8125,13.3541666666667,1
"background",-85.7708333333333,13.4375,2
"background",-85.3958333333333,13.7291666666667,2
"background",-75.7291666666667,20.1458333333333,1
"background",-100.020833333333,19.0208333333333,2
"background",-91.3541666666667,17.2291666666667,2
"background",-82.8958333333333,8.9375,1
"background",-55.6875,-10.3958333333333,1
"background",-89.0625,13.6875,2
"background",-90.5208333333333,13.9791666666667,1
"background",111.5625,-7.5625,2
"background",-66.3541666666667,8.4375,1
"background",124.020833333333,10.9791666666667,2
"background",-71.6458333333333,-13.2291666666667,2
"background",105.895833333333,-6.14583333333333,1
"background",-77.3958333333333,20.6875,2
"background",-77.9375,21.2708333333333,2
"background",-66.2708333333333,9.6875,1
"background",21.6875,-0.1875,2
"background",-100.479166666667,21.5208333333333,1
"background",-97.6041666666667,19.6041666666667,2
"background",-97.9791666666667,18.3958333333333,1
"background",23.1875,-5.72916666666666,2
"background",120.270833333333,-4.85416666666666,1
"background",-88.1041666666667,13.9375,2
"background",106.5625,-7.22916666666666,2
"background",-84.5208333333333,11.3125,1
"background",-87.1041666666667,13.8125,2
"background",101.4375,3.47916666666667,1
"background",23.6041666666667,-2.97916666666666,2
"background",-71.4791666666667,-13.7291666666667,2
"background",143.8125,-5.85416666666666,1
"background",22.0208333333333,-5.64583333333333,1
"background",-68.9375,10.4375,2
"background",-83.1041666666667,9.5625,1
"background",-90.0208333333333,16.1041666666667,1
"background",-66.9375,7.5625,1
"background",-89.6458333333333,13.7291666666667,1
"background",-77.0625,-0.979166666666664,2
"background",-51.8958333333333,4.22916666666667,2
"background",-77.4375,-9.64583333333333,1
"background",-159.604166666667,22.1041666666667,2
"background",-64.4791666666667,-34.2708333333333,1
"background",109.520833333333,-7.10416666666666,1
"background",-65.0625,-35.3541666666667,1
"background",-75.1875,20.1458333333333,1
"background",-100.6875,21.6875,2
"background",-64.6458333333333,-34.0625,2
"background",-100.5625,20.8541666666667,2
"background",-87.1458333333333,12.8958333333333,1
"background",144.645833333333,-5.85416666666666,1
"background",-64.1875,-35.1041666666667,2
"background",120.104166666667,-4.02083333333333,1
"background",108.979166666667,-7.64583333333333,2
"background",-65.4791666666667,-34.1041666666667,1
"background",22.3541666666667,-4.89583333333333,2
"background",-64.8541666666667,-35.0208333333333,1
"background",-90.9375,17.6875,1
"background",-72.2291666666667,6.89583333333334,2
"background",-65.1458333333333,-34.2291666666667,2
"background",-55.5625,-10.4375,2
"background",-73.1041666666667,4.10416666666667,2
"background",-74.5625,3.97916666666667,1
"background",-74.6875,3.47916666666667,1
"background",23.4791666666667,-2.6875,1
"background",-99.4791666666667,18.6041666666667,2
"background",-72.6458333333333,-13.6458333333333,1
"background",21.9375,-6.02083333333333,1
"background",-61.1875,10.1041666666667,1
"background",-78.4375,-9.22916666666666,2
"background",-89.7708333333333,13.5625,1
"background",-89.1875,13.8125,1
"background",165.979166666667,-21.4375,2
"background",-86.5208333333333,14.4375,1
"background",-75.8125,4.85416666666667,1
"background",-73.6041666666667,5.6875,1
"background",-76.3541666666667,6.22916666666667,2
"background",-89.8958333333333,14.6875,2
"background",-74.7708333333333,20.1875,1
"background",102.020833333333,2.60416666666667,2
"background",102.104166666667,2.5625,2
"background",-84.2708333333333,10.6875,1
"background",-75.8958333333333,20.1458333333333,1
"background",-61.3958333333333,-3.0625,1
"background",-91.4375,16.6458333333333,2
"background",14.3541666666667,-4.0625,2
"background",22.6875,-6.0625,2
"background",-85.4375,13.9375,2
"background",145.3125,-17.8958333333333,1
"background",107.0625,-6.97916666666666,1
"background",-99.6458333333333,19.1875,1
"background",120.104166666667,-5.60416666666666,2
"background",14.3125,-6.10416666666666,2
"background",22.1875,-5.6875,2
"background",-55.7291666666667,-9.8125,2
"background",-72.3958333333333,-13.0208333333333,1
"background",-68.3541666666667,10.9791666666667,1
"background",110.9375,-8.1875,1
"background",-82.6875,9.35416666666667,2
"background",-85.7291666666667,12.5208333333333,2
"background",24.1458333333333,-2.6875,1
"background",-77.2708333333333,18.1041666666667,2
"background",-87.0208333333333,12.3541666666667,2
"background",-87.8541666666667,15.5208333333333,2
"background",-77.2708333333333,-0.520833333333332,2
"background",-88.3541666666667,13.8541666666667,2
"background",-87.3125,14.3958333333333,1
"background",13.4375,-6.5625,1
"background",-77.3958333333333,-0.979166666666664,2
"background",-60.9375,-2.1875,2
"background",144.0625,-5.39583333333333,2
"background",110.6875,-7.5625,2
"background",15.9375,-4.47916666666666,2
"background",-78.4791666666667,21.7708333333333,2
"background",21.4375,0.104166666666668,1
"background",-99.3541666666667,18.7708333333333,1
"background",-54.2708333333333,-10.3958333333333,2
"background",-67.1041666666667,7.9375,2
"background",145.645833333333,-17.6458333333333,2
"background",-98.7708333333333,18.6458333333333,2
"background",-77.4375,21.3958333333333,1
"background",-69.1041666666667,11.3125,2
"background",-90.3125,17.4375,2
"background",-78.2291666666667,-9.85416666666666,1
"background",-78.1875,-0.854166666666664,1
"background",-77.4791666666667,-0.3125,1
"background",-75.8125,6.52083333333334,1
"background",-66.9375,10.5208333333333,1
"background",-72.4375,18.7708333333333,2
"background",-76.8125,-11.4375,1
"background",-100.104166666667,20.6458333333333,2
"background",145.729166666667,-17.6458333333333,1
"background",-83.8125,10.6041666666667,2
"background",24.5208333333333,-3.22916666666666,2
"background",-74.9791666666667,19.9375,2
"background",-76.6875,-1.4375,2
"background",-75.3125,5.9375,2
"background",-74.2708333333333,10.8541666666667,1
"background",-74.6041666666667,3.85416666666667,1
"background",22.8958333333333,-5.9375,1
"background",-89.0208333333333,13.3541666666667,2
"background",122.1875,11.1875,1
"background",-71.2291666666667,-13.7708333333333,2
"background",-101.354166666667,21.1875,2
"background",-65.7291666666667,7.1875,2
"background",-79.2291666666667,0.645833333333336,1
"background",-85.7708333333333,12.1875,1
"background",-86.2291666666667,12.9791666666667,1
"background",145.0625,-5.72916666666666,2
"background",-98.5208333333333,20.5625,2
"background",-85.6458333333333,14.3125,2
"background",-77.5625,21.8125,1
"background",-70.1458333333333,11.2708333333333,2
"background",-78.3541666666667,2.5625,2
"background",-73.5625,7.64583333333334,1
"background",-99.3541666666667,19.6458333333333,1
"background",-86.5625,15.5208333333333,2
"background",-72.2708333333333,6.64583333333334,2
"background",-83.7708333333333,10.6458333333333,2
"background",13.5625,-6.64583333333333,1
"background",-72.9375,6.47916666666667,2
"background",145.1875,-4.8125,1
"background",-72.4791666666667,6.89583333333334,1
"background",106.9375,-7.3125,2
"background",145.395833333333,-4.60416666666666,1
"background",-64.5208333333333,-35.3125,2
"background",-72.0208333333333,-12.5625,1
"background",18.3541666666667,0.479166666666668,2
"background",122.5625,10.8541666666667,1
"background",-77.8958333333333,-2.02083333333333,1
"background",-85.0625,13.8125,1
"background",-74.9375,3.77083333333334,2
"background",-78.0208333333333,21.1458333333333,1
"background",-61.3958333333333,-2.39583333333333,1
"background",-77.6875,17.8541666666667,2
"background",144.604166666667,-5.97916666666666,2
"background",-83.1875,8.9375,1
"background",20.7708333333333,0.395833333333336,2
"background",-78.6041666666667,-8.9375,1
"background",13.0625,-5.14583333333333,1
"background",-99.6875,18.8958333333333,2
"background",110.479166666667,-7.77083333333333,2
"background",102.104166666667,3.0625,2
"background",-83.6458333333333,22.8125,2
"background",-61.7291666666667,-2.77083333333333,2
"background",165.4375,-21.1875,1
"background",-87.3125,15.0208333333333,1
"background",-75.1041666666667,20.1875,1
"background",143.895833333333,-5.6875,2
"background",107.229166666667,-6.85416666666666,2
"background",-98.4375,18.6875,1
"background",-99.8125,20.8541666666667,1
"background",-155.6875,19.3125,1
"background",-53.6458333333333,3.39583333333334,1
"background",14.8125,-3.77083333333333,2
"background",-87.4791666666667,15.5625,1
"background",-99.1875,18.7291666666667,2
"background",-54.6041666666667,-10.6875,2
"background",-98.6041666666667,18.1041666666667,2
"background",22.6875,-6.4375,1
"background",-71.9375,18.8958333333333,1
"background",-77.7708333333333,21.6458333333333,2
"background",145.0625,-5.4375,1
"background",-64.6458333333333,-35.1041666666667,1
"background",-99.1875,20.3541666666667,2
"background",-54.8958333333333,-9.77083333333333,2
"background",143.229166666667,-5.6875,2
"background",-87.2708333333333,14.4375,2
"background",21.9791666666667,-6.72916666666666,1
"background",-74.3958333333333,4.64583333333334,1
"background",-86.5208333333333,13.9791666666667,1
"background",-75.2708333333333,5.89583333333334,1
"background",-78.5625,-9.0625,1
"background",-86.1458333333333,13.0208333333333,1
"background",-54.3958333333333,-9.27083333333333,2
"background",-64.6041666666667,-34.0625,2
"background",-76.0625,3.97916666666667,1
"background",-99.2708333333333,20.6875,1
"background",-78.5208333333333,2.3125,1
"background",-77.7708333333333,-0.395833333333332,2
"background",-76.8541666666667,-11.1875,1
"background",-87.6458333333333,13.8541666666667,1
"background",-74.7708333333333,6.89583333333334,1
"background",24.2708333333333,-4.1875,1
"background",-85.1458333333333,13.7708333333333,2
"background",-78.1875,21.0625,2
"background",143.645833333333,-5.72916666666666,1
"background",145.354166666667,-17.5625,2
"background",-89.2291666666667,14.0625,2
"background",-61.2291666666667,-2.14583333333333,2
"background",-71.7708333333333,-12.8541666666667,2
"background",-90.8541666666667,16.4375,1
"background",122.3125,11.5625,2
"background",14.2708333333333,-5.60416666666666,2
"background",-75.0208333333333,19.9791666666667,1
"background",-73.1041666666667,7.52083333333334,1
"background",20.8541666666667,0.270833333333336,2
"background",21.7291666666667,-6.64583333333333,1
"background",23.3541666666667,-6.1875,2
"background",-90.8541666666667,17.6041666666667,1
"background",-77.1458333333333,-0.604166666666664,1
"background",-76.2291666666667,4.35416666666667,2
"background",-74.0625,3.89583333333334,2
"background",-88.3125,13.5625,1
"background",-61.0625,10.4375,1
"background",-52.5208333333333,4.52083333333334,2
"background",-71.3125,-13.4791666666667,1
"background",17.7291666666667,0.395833333333336,1
"background",145.854166666667,-5.85416666666666,2
"background",-85.5625,11.2708333333333,1
"background",-67.0625,9.97916666666667,1
"background",-80.3958333333333,-0.520833333333332,1
"background",-71.6875,-14.3958333333333,1
"background",-75.7291666666667,2.8125,1
"background",-86.3125,12.4375,2
"background",106.354166666667,-6.52083333333333,2
"background",-100.0625,19.8125,1
"background",-87.6041666666667,15.0625,1
"background",-66.5625,10.6041666666667,1
"background",-87.3125,13.4791666666667,2
"background",-55.6458333333333,-9.47916666666666,1
"background",24.3541666666667,-2.72916666666666,2
"background",21.1041666666667,0.104166666666668,1
"background",24.3958333333333,-3.14583333333333,1
"background",-77.9791666666667,-0.354166666666664,2
"background",145.020833333333,-5.1875,2
"background",143.895833333333,-5.9375,1
"background",111.0625,-7.8125,1
"background",16.3125,-4.14583333333333,2
"background",164.604166666667,-20.4791666666667,2
"background",22.2708333333333,-6.27083333333333,2
"background",-86.3541666666667,14.0625,2
"background",-65.3541666666667,8.60416666666667,1
"background",-66.3958333333333,9.5625,2
"background",-54.2708333333333,-9.6875,2
"background",-76.9375,5.35416666666667,1
"background",21.4791666666667,-0.145833333333332,2
"background",-77.4375,-9.35416666666666,2
"background",-86.9791666666667,13.1458333333333,2
"background",145.9375,-17.4375,2
"background",-77.3958333333333,-10.0208333333333,1
"background",-85.1458333333333,11.6458333333333,2
"background",-55.3125,-10.7708333333333,1
"background",-83.2708333333333,9.6875,1
"background",-98.3541666666667,19.1041666666667,1
"background",166.4375,-21.8958333333333,1
"background",106.8125,-6.27083333333333,2
"background",17.9375,-0.5625,1
"background",-101.729166666667,20.6458333333333,1
"background",15.7291666666667,-4.0625,2
"background",144.020833333333,-5.6875,2
"background",-87.1458333333333,13.6458333333333,2
"background",-83.4791666666667,9.1875,1
"background",-67.0208333333333,8.02083333333333,2
"background",145.6875,-6.1875,2
"background",-98.4375,20.5208333333333,1
"background",-100.645833333333,21.8541666666667,1
"background",-67.7708333333333,10.1875,1
"background",-72.9791666666667,5.64583333333334,2
"background",109.6875,-7.22916666666666,2
"background",122.9375,11.2291666666667,2
"background",-79.0625,-0.1875,1
"background",-71.3958333333333,19.1875,2
"background",-86.4375,12.3958333333333,1
"background",13.3541666666667,-6.39583333333333,2
"background",15.8541666666667,-4.89583333333333,2
"background",-71.6875,-13.0208333333333,1
"background",20.1041666666667,0.0208333333333357,2
"background",-75.9791666666667,20.2708333333333,2
"background",-76.8958333333333,-11.3125,2
"background",-61.6458333333333,10.6875,1
"background",-100.604166666667,19.7291666666667,1
"background",-55.2291666666667,-10.4375,2
"background",17.7291666666667,-0.479166666666664,1
"background",-53.6875,3.60416666666667,1
"background",-100.020833333333,18.5625,2
"background",-84.9791666666667,13.4791666666667,2
"background",-87.4791666666667,12.8125,2
"background",-72.8541666666667,3.9375,1
"background",-69.3958333333333,10.8958333333333,2
"background",108.354166666667,-7.27083333333333,1
"background",-78.2708333333333,21.3541666666667,1
"background",-79.3125,0.395833333333336,1
"background",-77.0208333333333,-9.9375,2
"background",109.354166666667,-7.3125,1
"background",-79.2291666666667,-0.0208333333333321,1
"background",-83.8958333333333,10.6875,2
"background",-73.6875,5.3125,1
"background",-100.354166666667,18.6875,2
"background",-64.6875,-35.4791666666667,2
"background",144.229166666667,-6.5625,2
"background",-61.1875,-2.77083333333333,2
"background",144.645833333333,-6.39583333333333,1
"background",-72.7708333333333,-13.7708333333333,1
"background",-99.8541666666667,20.6041666666667,1
"background",-75.8125,4.6875,1
"background",145.395833333333,-16.8125,1
"background",-73.2291666666667,11.0208333333333,2
"background",-157.895833333333,21.3958333333333,2
"background",-72.1458333333333,-13.0208333333333,2
"background",-64.8958333333333,-35.4791666666667,2
"background",-70.4791666666667,11.2291666666667,1
"background",-89.3125,14.2708333333333,2
"background",-61.3125,12.7291666666667,1
"background",-99.2291666666667,20.4375,1
"background",-84.6041666666667,12.9375,2
"background",-91.2291666666667,-1.02083333333333,1
"background",23.3958333333333,-2.60416666666666,1
"background",-66.3541666666667,10.3958333333333,2
"background",-53.1041666666667,4.14583333333334,2
"background",15.5208333333333,-3.60416666666666,1
"background",-55.0625,-9.77083333333333,2
"background",-84.0208333333333,22.5625,2
"background",-53.2708333333333,4.77083333333334,2
"background",-77.2708333333333,-10.8541666666667,2
"background",-101.0625,20.2291666666667,2
"background",23.1041666666667,-6.0625,1
"background",-76.4791666666667,-12.9375,1
"background",-77.8541666666667,-10.0208333333333,1
"background",-100.1875,20.0625,2
"background",-99.4375,19.5625,1
"background",-89.1875,14.4791666666667,1
"background",-101.645833333333,20.7708333333333,2
"background",-74.3541666666667,5.0625,2
"background",-74.1041666666667,7.02083333333334,1
"background",-98.8958333333333,19.5208333333333,2
"background",-98.8958333333333,18.6041666666667,1
"background",-70.6875,18.6041666666667,1
"background",123.104166666667,10.7291666666667,2
"background",24.1041666666667,-4.14583333333333,2
"background",-74.9791666666667,3.97916666666667,2
"background",15.6041666666667,-4.60416666666666,2
"background",-78.3958333333333,-0.8125,2
"background",-71.8125,-13.6458333333333,1
"background",-75.1875,5.89583333333334,2
"background",-75.3958333333333,6.5625,2
"background",-66.2291666666667,7.22916666666667,2
"background",-159.4375,21.9791666666667,2
"background",-52.9791666666667,3.0625,1
"background",120.1875,-5.5625,2
"background",-53.1458333333333,4.27083333333334,2
"background",164.604166666667,-20.9375,2
"background",13.7291666666667,-5.14583333333333,1
"background",22.2708333333333,-5.02083333333333,1
"background",15.3125,-4.3125,2
"background",-76.8125,4.64583333333334,2
"background",145.479166666667,-4.85416666666666,1
"background",-66.2708333333333,7.5625,1
"background",-81.2708333333333,22.8541666666667,1
"background",-84.4791666666667,10.0208333333333,1
"background",-83.3958333333333,9.3125,1
"background",22.7708333333333,-5.64583333333333,2
"background",-156.0625,20.8125,1
"background",23.9791666666667,-3.47916666666666,2
"background",-52.2708333333333,4.47916666666667,2
"background",-73.9375,10.3541666666667,1
"background",-88.7708333333333,14.0625,1
"background",119.5625,-4.6875,2
"background",17.6875,-0.354166666666664,2
"background",-74.3541666666667,5.10416666666667,1
"background",145.3125,-5.1875,1
"background",-84.2291666666667,11.3958333333333,2
"background",-65.8958333333333,7.8125,1
"background",-66.5625,8.10416666666667,1
"background",21.5625,0.3125,2
"background",-97.6875,19.6041666666667,1
"background",-98.7291666666667,19.5208333333333,2
"background",106.8125,-6.39583333333333,1
"background",-90.9791666666667,15.9375,2
"background",-76.9375,-11.3958333333333,2
"background",-74.4791666666667,6.1875,1
"background",-65.0625,-35.7291666666667,1
"background",14.2291666666667,-5.9375,1
"background",-72.0625,18.4375,1
"background",-65.4375,18.1458333333333,2
"background",-72.4375,6.6875,1
"background",-67.5208333333333,10.1458333333333,1
"background",21.8958333333333,-6.77083333333333,1
"background",-68.5208333333333,11.2291666666667,2
"background",143.729166666667,-6.5625,2
"background",-84.9791666666667,11.1458333333333,2
"background",-82.2708333333333,8.89583333333333,1
"background",-64.6458333333333,-34.1041666666667,1
"background",20.7291666666667,0.270833333333336,2
"background",-99.3125,18.8958333333333,1
"background",-78.3958333333333,-9.27083333333333,2
"background",-91.0625,16.7291666666667,2
"background",-78.3541666666667,22.4375,1
"background",-77.8125,-8.72916666666666,2
"background",-66.1875,18.1875,2
"background",-72.9791666666667,5.22916666666667,1
"background",145.645833333333,-16.8541666666667,1
"background",-74.3125,10.8125,2
"background",-87.7708333333333,14.9375,2
"background",-86.3125,14.5208333333333,1
"background",-61.7708333333333,16.0625,1
"background",-87.5625,14.9791666666667,1
"background",23.9375,-3.6875,1
"background",145.1875,-5.4375,1
"background",-77.9375,-0.1875,2
"background",-65.7291666666667,8.6875,2
"background",-84.8958333333333,9.85416666666667,2
"background",-55.4375,-9.64583333333333,1
"background",-73.0625,5.52083333333334,2
"background",-85.7708333333333,10.9375,2
"background",-61.1041666666667,-3.39583333333333,2
"background",122.854166666667,10.2291666666667,1
"background",-155.604166666667,19.0208333333333,1
"background",145.6875,-6.27083333333333,1
"background",-75.5625,5.6875,2
"background",-89.1458333333333,13.8958333333333,1
"background",-85.0625,12.8541666666667,2
"background",-100.1875,18.6458333333333,1
"background",-75.9791666666667,1.89583333333334,1
"background",-51.8541666666667,4.64583333333334,1
"background",-77.2708333333333,17.7708333333333,2
"background",-74.1875,20.1875,2
"background",164.5625,-20.3958333333333,2
"background",-73.1458333333333,6.14583333333334,2
"background",23.6458333333333,-4.27083333333333,2
"background",-75.4375,20.1041666666667,2
"background",15.3958333333333,-4.27083333333333,1
"background",-61.0208333333333,-3.22916666666666,1
"background",21.4375,-0.270833333333332,2
"background",-82.1458333333333,23.0625,1
"background",119.770833333333,-4.72916666666666,1
"background",-52.8125,4.22916666666667,1
"background",-91.5208333333333,16.3541666666667,2
"background",-87.2708333333333,13.2708333333333,2
"background",-73.3958333333333,4.39583333333334,2
"background",-60.9791666666667,10.7708333333333,2
"background",-83.2708333333333,10.1875,1
"background",144.0625,-6.3125,1
"background",-76.8125,5.89583333333334,1
"background",-97.7291666666667,18.0625,2
"background",-78.2708333333333,2.10416666666667,2
"background",-82.8541666666667,22.7708333333333,1
"background",-66.3541666666667,8.3125,1
"background",-77.7291666666667,-10.2708333333333,2
"background",106.6875,-6.22916666666666,2
"background",24.0625,-2.85416666666666,2
"background",23.3541666666667,-4.02083333333333,2
"background",-61.3958333333333,-3.1875,1
"background",-86.0625,11.7291666666667,2
"background",-91.2708333333333,17.5625,1
"background",-87.5208333333333,14.0208333333333,2
"background",-78.4375,-0.395833333333332,2
"background",-89.9375,14.1041666666667,2
"background",-83.5208333333333,22.7708333333333,1
"background",-100.3125,20.7708333333333,2
"background",105.854166666667,-6.10416666666666,1
"background",105.645833333333,-6.8125,2
"background",-97.6041666666667,19.4375,2
"background",13.5625,-6.39583333333333,2
"background",-77.0625,-0.520833333333332,1
"background",-85.3125,10.3541666666667,1
"background",-74.3541666666667,6.9375,1
"background",23.8958333333333,-2.72916666666666,2
"background",21.1458333333333,-0.729166666666664,1
"background",-65.5208333333333,-34.4375,2
"background",21.5208333333333,-0.645833333333332,1
"background",-76.1875,5.4375,1
"background",106.520833333333,-7.0625,2
"background",21.6458333333333,-6.22916666666666,1
"background",-61.8125,-2.1875,2
"background",-71.6875,-12.7291666666667,1
"background",-53.2291666666667,4.4375,1
"background",-84.9791666666667,13.8958333333333,1
"background",-85.4375,12.4375,2
"background",-87.1041666666667,14.4791666666667,2
"background",-76.5208333333333,-12.6875,1
"background",-75.0625,5.10416666666667,1
"background",-88.7291666666667,14.7708333333333,1
"background",109.8125,-7.4375,2
"background",-74.8125,20.1458333333333,2
"background",108.270833333333,-7.3125,2
"background",-85.6041666666667,9.9375,2
"background",-68.8541666666667,10.2708333333333,1
"background",-77.3958333333333,-1.0625,1
"background",-78.4375,-0.354166666666664,2
"background",-85.7291666666667,12.7708333333333,1
"background",-65.1458333333333,-35.2708333333333,1
"background",-73.8958333333333,7.39583333333334,2
"background",-87.2291666666667,14.5208333333333,2
"background",-98.8958333333333,20.6458333333333,1
"background",-76.1041666666667,5.0625,1
"background",-89.6041666666667,15.0208333333333,1
"background",14.6875,-4.89583333333333,2
"background",-83.2708333333333,22.8958333333333,1
"background",-55.1875,-10.7708333333333,2
"background",-72.1875,18.5208333333333,2
"background",-76.8541666666667,1.8125,1
"background",-60.8125,-3.1875,2
"background",18.4375,-0.0208333333333321,1
"background",-73.2291666666667,3.89583333333334,2
"background",109.895833333333,-7.8125,1
"background",-84.4791666666667,11.3125,2
"background",-72.7291666666667,5.35416666666667,2
"background",144.479166666667,-6.27083333333333,2
"background",145.270833333333,-4.5625,1
"background",145.3125,-5.89583333333333,1
"background",-73.8958333333333,10.9791666666667,1
"background",23.6875,-4.02083333333333,2
"background",14.1875,-6.02083333333333,2
"background",-78.6875,21.6458333333333,1
"background",-71.9375,-14.3125,1
"background",101.104166666667,3.9375,1
"background",15.6875,-4.77083333333333,1
"background",18.9791666666667,0.104166666666668,1
"background",-87.8958333333333,14.0208333333333,2
"background",144.895833333333,-6.1875,2
"background",-74.0625,6.0625,2
"background",-84.4375,11.0625,1
"background",-53.0625,3.0625,2
"background",13.0208333333333,-6.77083333333333,1
"background",-75.8541666666667,4.60416666666667,1
"background",23.1875,-3.85416666666666,2
"background",-82.4791666666667,9.02083333333333,1
"background",13.8958333333333,-6.72916666666666,2
"background",-100.104166666667,18.3958333333333,1
"background",-86.6458333333333,12.3541666666667,1
"background",-90.6458333333333,-0.645833333333332,1
"background",18.4791666666667,0.895833333333336,2
"background",145.645833333333,-5.52083333333333,1
"background",-66.2708333333333,9.72916666666667,1
"background",-98.5208333333333,20.3541666666667,2
"background",-75.8125,6.89583333333334,1
"background",-156.6875,20.8541666666667,2
"background",-65.1875,-35.6041666666667,2
"background",-77.9791666666667,-0.729166666666664,2
"background",-52.8125,3.64583333333334,2
"background",-71.8541666666667,-13.2708333333333,2
"background",-91.2708333333333,16.5625,1
"background",-77.8958333333333,-0.354166666666664,1
"background",-76.7291666666667,5.85416666666667,2
"background",-77.1458333333333,18.4375,2
"background",143.854166666667,-6.0625,2
"background",-66.1458333333333,7.52083333333334,1
"background",20.6458333333333,0.354166666666668,2
"background",20.4375,-0.5625,1
"background",17.4791666666667,0.104166666666668,1
"background",-77.8541666666667,-9.72916666666666,1
"background",21.8541666666667,-5.27083333333333,1
"background",-86.0625,13.1041666666667,1
"background",-79.8958333333333,0.104166666666668,1
"background",-85.8958333333333,11.5625,2
"background",22.7291666666667,-5.60416666666666,1
"background",21.4375,-0.0625,1
"background",-67.0208333333333,10.3958333333333,2
"background",13.0208333333333,-6.5625,2
"background",145.5625,-17.5208333333333,2
"background",-75.6875,5.5625,2
"background",-73.0625,6.47916666666667,1
"background",-70.5208333333333,10.7291666666667,2
"background",-76.8958333333333,-0.854166666666664,1
"background",-78.2291666666667,-9.02083333333333,1
"background",-53.9375,3.60416666666667,2
"background",106.5625,-6.9375,1
"background",-75.0625,5.35416666666667,2
"background",-86.0625,11.8958333333333,2
"background",145.395833333333,-18.2291666666667,2
"background",-87.3958333333333,14.9791666666667,1
"background",-60.8958333333333,-3.02083333333333,1
"background",-82.1458333333333,9.27083333333333,2
"background",-52.3125,3.1875,1
"background",-81.9791666666667,22.9791666666667,2
"background",120.3125,-4.22916666666666,1
"background",-87.0208333333333,15.3125,1
"background",-52.8125,4.4375,2
"background",110.604166666667,-6.89583333333333,1
"background",-68.2291666666667,10.8125,1
"background",-98.7291666666667,19.8125,1
"background",120.0625,-4.39583333333333,2
"background",-76.8125,-11.8541666666667,2
"background",-73.8125,4.5625,1
"background",-84.8541666666667,10.4791666666667,1
"background",-76.1875,4.52083333333334,2
"background",-72.8958333333333,4.85416666666667,2
"background",-54.3958333333333,-9.8125,2
"background",-78.1875,-1.0625,1
"background",15.9791666666667,-4.0625,1
"background",-73.6041666666667,10.3541666666667,1
"background",166.645833333333,-22.0625,1
"background",-77.1875,-11.7291666666667,1
"background",-79.6458333333333,0.229166666666668,1
"background",13.0625,-6.35416666666666,2
"background",-53.1458333333333,3.6875,1
"background",-77.3125,18.0208333333333,1
"background",-76.5625,2.89583333333334,2
"background",-88.4791666666667,13.3125,2
"background",-82.5208333333333,22.9375,1
"background",-100.604166666667,21.1458333333333,2
"background",-84.9791666666667,12.6875,1
"background",-75.7291666666667,3.64583333333334,1
"background",-78.0625,21.3541666666667,2
"background",-75.8541666666667,20.1458333333333,1
"background",-66.9791666666667,17.9791666666667,2
"background",-64.1875,-35.3125,2
"background",-99.8125,19.9375,2
"background",-61.2291666666667,15.9791666666667,1
"background",102.4375,2.60416666666667,1
"background",-65.6458333333333,-34.2291666666667,2
"background",101.354166666667,3.47916666666667,2
"background",-76.0208333333333,20.3958333333333,2
"background",-89.1875,14.7708333333333,1
"background",-73.3125,6.47916666666667,2
"background",-61.4791666666667,-2.89583333333333,2
"background",-85.5625,14.1875,2
"background",15.9791666666667,-4.5625,1
"background",-65.8125,-34.9375,1
"background",-83.9375,9.89583333333333,1
"background",-77.5208333333333,18.2708333333333,1
"background",-90.8541666666667,15.6875,2
"background",22.9375,-2.9375,2
"background",-76.1458333333333,4.22916666666667,1
"background",122.8125,11.3541666666667,2
"background",-76.6458333333333,6.10416666666667,2
"background",-75.3541666666667,6.02083333333334,2
"background",-72.7708333333333,4.3125,2
"background",-98.6458333333333,19.9375,2
"background",-98.3541666666667,20.2291666666667,2
"background",-76.1875,-12.5208333333333,1
"background",-77.1875,18.0625,2
"background",-100.354166666667,19.6458333333333,1
"background",-77.5625,-10.8958333333333,1
"background",-74.0625,10.7291666666667,2
"background",-73.6875,10.9375,1
"background",-77.5625,-11.3125,2
"background",-85.0625,13.7708333333333,1
"background",-64.3541666666667,-34.9375,2
"background",-64.8541666666667,-34.4791666666667,2
"background",-61.1041666666667,10.2708333333333,2
"background",111.104166666667,-7.77083333333333,2
"background",-89.0625,14.8958333333333,2
"background",-71.4791666666667,-12.9791666666667,1
"background",-99.3958333333333,19.6458333333333,1
"background",-69.3958333333333,10.3958333333333,2
"background",-77.8958333333333,-1.14583333333333,2
"background",23.2291666666667,-3.64583333333333,1
"background",145.729166666667,-16.8125,1
"background",-75.8958333333333,6.5625,2
"background",12.5625,-5.35416666666666,2
"background",-100.020833333333,19.6458333333333,1
"background",-61.3541666666667,-3.14583333333333,2
"background",20.2291666666667,-0.9375,1
"background",-91.7291666666667,17.1041666666667,1
"background",-75.1875,5.02083333333334,2
"background",15.3125,-4.5625,1
"background",-54.8541666666667,-10.5625,1
"background",144.3125,-5.52083333333333,1
"background",-77.1041666666667,2.14583333333334,2
"background",-72.4375,7.1875,1
"background",13.6041666666667,-5.60416666666666,2
"background",-76.6041666666667,3.1875,1
"background",-73.7291666666667,7.77083333333334,1
"background",-84.1041666666667,10.5208333333333,1
"background",-64.8125,-34.6458333333333,1
"background",-76.9375,2.9375,2
"background",-72.6458333333333,-13.2708333333333,1
"background",24.1041666666667,-3.5625,1
"background",-87.6875,14.5208333333333,2
"background",-97.6875,18.3125,1
"background",-80.2708333333333,-0.854166666666664,2
"background",-89.9375,16.3541666666667,1
"background",146.1875,-5.89583333333333,2
"background",-54.8125,-10.7291666666667,2
"background",12.8958333333333,-5.89583333333333,2
"background",-90.9375,17.3125,2
"background",-72.8125,6.27083333333334,2
"background",-75.3541666666667,4.5625,2
"background",20.7291666666667,-0.854166666666664,2
"background",-78.3541666666667,21.1875,2
"background",-67.6458333333333,10.3541666666667,1
"background",-91.6458333333333,17.1875,1
"background",109.854166666667,-7.22916666666666,2
"background",15.8958333333333,-4.60416666666666,1
"background",-156.395833333333,20.6458333333333,1
"background",144.229166666667,-5.47916666666666,1
"background",-70.1875,11.0208333333333,2
"background",-76.7291666666667,18.2708333333333,1
"background",-78.3958333333333,21.7708333333333,1
"background",101.0625,3.8125,2
"background",-89.4375,14.4375,2
"background",111.0625,-7.35416666666666,2
"background",122.9375,10.6041666666667,1
"background",101.895833333333,3.35416666666667,1
"background",15.5625,-5.1875,2
"background",101.479166666667,2.72916666666667,2
"background",-70.1458333333333,10.9791666666667,2
"background",108.520833333333,-7.22916666666666,2
"background",-100.020833333333,19.4791666666667,1
"background",-85.5625,11.8125,1
"background",22.5208333333333,-5.22916666666666,2
"background",-90.7708333333333,15.9791666666667,2
"background",-72.3125,-13.0625,2
"background",-99.3125,18.5625,1
"background",-61.0625,9.5625,2
"background",-91.1875,16.9375,1
"background",-85.5208333333333,9.89583333333333,2
"background",106.645833333333,-6.60416666666666,2
"background",122.895833333333,11.1458333333333,2
"background",21.2708333333333,-0.395833333333332,1
"background",-69.2291666666667,11.3958333333333,2
"background",145.270833333333,-18.1875,1
"background",-85.8958333333333,13.6458333333333,1
"background",-85.0208333333333,9.9375,1
"background",-74.5208333333333,10.6458333333333,1
"background",-86.6041666666667,13.7291666666667,1
"background",-100.895833333333,20.1458333333333,1
"background",-77.3958333333333,-2.02083333333333,1
"background",-86.0208333333333,11.3958333333333,2
"background",-83.3541666666667,9.60416666666667,1
"background",-72.9791666666667,4.9375,2
"background",-76.3125,2.35416666666667,1
"background",-52.2708333333333,3.52083333333334,1
"background",-86.5625,13.0625,2
"background",-77.3125,-1.14583333333333,1
"background",-84.2708333333333,10.3958333333333,1
"background",22.4791666666667,-5.3125,2
"background",-61.1875,-2.97916666666666,2
"background",-87.0208333333333,12.7291666666667,2
"background",-66.3541666666667,8.27083333333333,1
"background",-76.4375,-12.8541666666667,2
"background",-90.0208333333333,16.8541666666667,2
"background",-89.8541666666667,13.8541666666667,2
"background",-89.7708333333333,14.8125,2
"background",-73.9375,3.5625,1
"background",16.1041666666667,-3.89583333333333,1
"background",-87.5625,13.8541666666667,2
"background",144.3125,-6.60416666666666,2
"background",143.229166666667,-5.77083333333333,1
"background",-61.6041666666667,10.2291666666667,1
"background",-88.5625,14.6875,2
"background",-61.1875,-3.47916666666666,2
"background",-156.479166666667,20.8541666666667,1
"background",-91.2708333333333,17.3958333333333,1
"background",-54.6458333333333,-9.3125,1
"background",14.8958333333333,-5.1875,2
"background",-77.7708333333333,18.1458333333333,2
"background",110.729166666667,-7.77083333333333,1
"background",21.1041666666667,-0.270833333333332,2
"background",-66.8125,18.0625,1
"background",-76.3541666666667,4.10416666666667,1
"background",-53.6041666666667,4.52083333333334,1
"background",-77.8125,-1.97916666666666,1
"background",111.520833333333,-7.4375,1
"background",-78.3958333333333,-9.3125,2
"background",22.0625,-4.97916666666666,1
"background",-71.6458333333333,19.1875,1
"background",145.854166666667,-18.1875,2
"background",-89.9375,16.8958333333333,1
"background",124.020833333333,10.3541666666667,1
"background",21.1041666666667,0.729166666666668,2
"background",-55.2291666666667,-9.39583333333333,1
"background",-76.2291666666667,-11.4375,2
"background",-53.3125,2.77083333333334,2
"background",13.4791666666667,-5.97916666666666,2
"background",-77.3125,1.89583333333334,1
"background",23.3541666666667,-3.64583333333333,1
"background",144.3125,-6.52083333333333,1
"background",122.729166666667,11.2708333333333,2
"background",-89.8958333333333,16.8958333333333,2
"background",-61.2291666666667,-2.35416666666666,1
"background",-52.6875,4.8125,1
"background",166.479166666667,-22.1875,1
"background",23.5208333333333,-2.77083333333333,1
"background",109.854166666667,-7.3125,1
"background",-87.1458333333333,14.5208333333333,1
"background",146.395833333333,-5.77083333333333,1
"background",-73.6041666666667,4.52083333333334,1
"background",21.3958333333333,-1.0625,2
"background",-76.6458333333333,1.85416666666667,1
"background",-87.1458333333333,14.0208333333333,1
"background",-89.5208333333333,14.0208333333333,2
"background",-76.9375,5.9375,2
"background",24.2708333333333,-4.27083333333333,2
"background",22.8125,-5.72916666666666,1
"background",-64.9375,-34.4375,1
"background",-87.2291666666667,15.0208333333333,2
"background",13.0625,-6.77083333333333,1
"background",-65.6458333333333,-34.3125,1
"background",-77.6458333333333,21.4791666666667,2
"background",-52.3541666666667,3.4375,1
"background",21.0208333333333,-0.229166666666664,2
"background",-86.6875,12.0625,2
"background",-85.1041666666667,9.77083333333333,2
"background",-100.895833333333,21.1875,2
"background",-155.020833333333,19.5625,2
"background",-60.2291666666667,-2.35416666666666,1
"background",-55.6458333333333,-10.6041666666667,1
"background",22.7291666666667,-6.72916666666666,2
"background",22.8125,-3.22916666666666,1
"background",-66.6458333333333,9.52083333333333,1
"background",14.3125,-5.35416666666666,1
"background",12.9375,-5.3125,2
"background",23.6458333333333,-2.4375,2
"background",14.4375,-4.64583333333333,2
"background",-84.9791666666667,11.6458333333333,2
"background",-78.0208333333333,20.7291666666667,2
"background",-74.0208333333333,6.77083333333334,1
"background",-67.3125,9.60416666666667,2
"background",-75.1041666666667,6.27083333333334,2
"background",-71.2291666666667,19.1875,2
"background",101.770833333333,3.60416666666667,1
"background",-75.3125,6.5625,1
"background",-88.6041666666667,14.2708333333333,2
"background",-89.4375,13.6041666666667,2
"background",-76.3958333333333,6.14583333333334,1
"background",-61.4791666666667,-3.1875,2
"background",101.895833333333,2.6875,1
"background",-90.4791666666667,-0.645833333333332,1
"background",-52.6875,3.8125,1
"background",-79.3541666666667,0.8125,1
"background",-73.1041666666667,5.1875,1
"background",-91.3958333333333,17.0625,2
"background",-72.4791666666667,7.1875,1
"background",143.479166666667,-6.10416666666666,2
"background",121.0625,10.8958333333333,1
"background",144.020833333333,-6.0625,2
"background",-78.1875,-9.85416666666666,1
"background",-71.8125,-14.1458333333333,1
"background",-70.1875,11.8958333333333,2
"background",-78.2708333333333,-1.64583333333333,1
"background",-77.3958333333333,-11.3541666666667,1
"background",-65.7708333333333,7.8125,2
"background",-66.7291666666667,17.9791666666667,1
"background",109.270833333333,-7.4375,2
"background",-52.8958333333333,3.14583333333334,1
"background",-69.6041666666667,11.0208333333333,1
"background",-78.3958333333333,-1.4375,2
"background",-84.8541666666667,14.0208333333333,2
"background",165.020833333333,-20.8125,1
"background",-99.5625,19.5625,2
"background",-82.7708333333333,9.27083333333333,2
"background",110.8125,-8.02083333333333,1
"background",-98.8125,18.6041666666667,2
"background",20.8125,-0.770833333333332,2
"background",22.2708333333333,-6.89583333333333,1
"background",18.6041666666667,-0.145833333333332,2
"background",-84.8958333333333,11.2291666666667,2
"background",145.270833333333,-4.60416666666666,2
"background",167.270833333333,-21.0625,1
"background",-90.3958333333333,-0.729166666666664,1
"background",145.9375,-5.6875,1
"background",-88.2291666666667,15.0625,2
"background",-65.0208333333333,-35.7708333333333,2
"background",119.354166666667,-5.35416666666666,2
"background",24.4791666666667,-2.77083333333333,2
"background",-72.9375,6.1875,1
"background",20.3958333333333,-0.6875,2
"background",-74.1875,10.3541666666667,2
"background",-65.3541666666667,-34.8958333333333,1
"background",144.1875,-6.39583333333333,2
"background",-76.8958333333333,-11.9375,2
"background",-77.0208333333333,-1.10416666666666,2
"background",164.479166666667,-20.5208333333333,1
"background",-53.4375,4.27083333333334,2
"background",-90.1041666666667,16.4375,2
"background",15.5208333333333,-3.85416666666666,2
"background",-85.0625,11.1041666666667,1
"background",146.020833333333,-6.22916666666666,2
"background",12.8541666666667,-6.27083333333333,1
"background",17.5208333333333,-0.3125,1
"background",21.0208333333333,-1.14583333333333,1
"background",-77.1041666666667,-8.77083333333333,1
"background",106.6875,-6.97916666666666,1
"background",12.4791666666667,-5.0625,1
"background",145.770833333333,-18.1041666666667,2
"background",-84.5625,13.4375,1
"background",-87.3958333333333,12.9375,1
"background",-98.8125,20.5208333333333,1
"background",-73.2291666666667,6.6875,2
"background",106.3125,-6.72916666666666,1
"background",-79.4375,0.6875,1
"background",-76.4791666666667,1.9375,2
"background",143.979166666667,-6.52083333333333,1
"background",-66.0208333333333,7.9375,1
"background",-73.4791666666667,11.2291666666667,1
"background",-73.8541666666667,7.4375,1
"background",23.1875,-4.0625,2
"background",-83.1458333333333,8.35416666666667,1
"background",-66.9375,10.3125,2
"background",-53.0208333333333,3.8125,1
"background",-97.8958333333333,19.1458333333333,1
"background",122.8125,10.0208333333333,2
"background",-77.6875,21.0625,2
"background",-73.6875,6.52083333333334,2
"background",18.2708333333333,-0.145833333333332,2
"background",-85.1041666666667,12.5208333333333,1
"background",-64.8541666666667,-35.2708333333333,2
"background",-61.4791666666667,16.3125,2
"background",-74.1458333333333,10.2291666666667,1
"background",-76.7291666666667,-0.604166666666664,2
"background",-90.5625,13.8958333333333,2
"background",-65.1875,-35.0208333333333,1
"background",144.145833333333,-6.60416666666666,2
"background",-84.1041666666667,10.3541666666667,1
"background",106.8125,-6.35416666666666,1
"background",-85.3958333333333,10.2708333333333,1
"background",-89.0208333333333,14.5208333333333,2
"background",-84.5625,10.7291666666667,2
"background",145.5625,-4.77083333333333,1
"background",-77.2291666666667,-11.4791666666667,2
"background",145.604166666667,-5.60416666666666,2
"background",-69.6458333333333,11.0625,1
"background",-78.5208333333333,-1.4375,2
"background",-73.6458333333333,7.35416666666667,1
"background",-55.1875,-9.02083333333333,1
"background",-52.4375,4.60416666666667,2
"background",-91.2291666666667,17.2708333333333,1
"background",-100.8125,21.3125,2
"background",-91.1458333333333,16.8541666666667,1
"background",-75.3541666666667,4.39583333333334,2
"background",-60.3125,-3.1875,2
"background",106.020833333333,-5.97916666666666,1
"background",20.7291666666667,0.354166666666668,1
"background",-66.0625,7.9375,1
"background",101.729166666667,2.97916666666667,2
"background",-80.1041666666667,-0.0625,2
"background",19.9791666666667,-0.604166666666664,2
"background",-83.6041666666667,22.6458333333333,2
"background",-76.9375,1.8125,2
"background",-73.1458333333333,5.27083333333334,2
"background",145.895833333333,-4.72916666666666,2
"background",-89.8125,14.3125,2
"background",-89.7291666666667,13.8958333333333,2
"background",-74.4375,4.14583333333334,2
"background",-88.5208333333333,14.9375,1
"background",-91.4375,16.1875,1
"background",-73.6875,4.64583333333334,1
"background",-77.6041666666667,-1.8125,1
"background",102.3125,3.8125,1
"background",-85.9375,11.6041666666667,2
"background",-73.5625,4.64583333333334,1
"background",108.270833333333,-7.14583333333333,2
"background",23.0208333333333,-6.52083333333333,2
"background",-76.2291666666667,5.1875,2
"background",-74.1875,5.02083333333334,2
"background",102.1875,3.8125,2
"background",-78.5625,-1.0625,1
"background",-156.395833333333,20.8958333333333,2
"background",-72.3958333333333,-13.1041666666667,2
"background",22.3541666666667,-5.72916666666666,2
"background",106.729166666667,-7.3125,1
"background",-91.1041666666667,16.9375,2
"background",-75.7708333333333,2.64583333333334,2
"background",-84.8541666666667,11.6875,2
"background",-75.8541666666667,19.9791666666667,1
"background",146.020833333333,-18.2291666666667,2
"background",145.770833333333,-17.6458333333333,2
"background",107.4375,-6.35416666666666,1
"background",-75.3125,5.5625,1
"background",122.229166666667,11.5625,1
"background",12.8125,-6.72916666666666,1
"background",-54.0625,3.4375,1
"background",-61.5208333333333,-2.89583333333333,1
"background",-65.8541666666667,-34.8125,2
"background",-82.7291666666667,8.60416666666667,1
"background",-155.770833333333,19.2708333333333,2
"background",23.1041666666667,-6.02083333333333,1
"background",18.5208333333333,0.354166666666668,1
"background",-78.1875,-1.22916666666666,1
"background",-66.0625,18.1458333333333,1
"background",-79.1458333333333,0.354166666666668,1
"background",-85.6041666666667,12.5208333333333,1
"background",-65.4375,7.97916666666667,2
"background",-66.4791666666667,10.1041666666667,2
"background",-86.7291666666667,15.6875,2
"background",-75.3125,6.60416666666667,2
"background",-71.5625,-12.8541666666667,1
"background",-60.8541666666667,-2.02083333333333,1
"background",22.3125,-6.47916666666666,2
"background",14.3125,-4.14583333333333,2
"background",-77.4375,-0.6875,2
"background",107.479166666667,-7.27083333333333,2
"background",-66.3125,18.0625,1
"background",-75.6458333333333,5.27083333333334,2
"background",-65.1041666666667,-34.5208333333333,2
"background",101.8125,3.3125,1
"background",122.9375,9.85416666666667,2
"background",145.479166666667,-5.64583333333333,2
"background",-76.3541666666667,2.6875,2
"background",-73.9375,10.2708333333333,2
"background",-87.1041666666667,13.3541666666667,1
"background",-66.6041666666667,8.22916666666667,1
"background",-79.2291666666667,0.395833333333336,2
"background",-77.7708333333333,2.52083333333334,1
"background",-78.5625,-1.02083333333333,1
"background",-74.4791666666667,5.97916666666667,2
"background",-76.5208333333333,4.9375,1
"background",-97.7708333333333,18.5625,1
"background",-90.9791666666667,16.1041666666667,2
"background",108.770833333333,-7.02083333333333,1
"background",122.270833333333,10.9375,1
"background",145.145833333333,-17.5625,1
"background",143.979166666667,-4.9375,2
"background",123.354166666667,10.4375,2
"background",145.4375,-5.35416666666666,1
"background",-72.0625,-13.7708333333333,2
"background",-77.8541666666667,-1.22916666666666,1
"background",-99.0208333333333,19.3958333333333,2
"background",108.5625,-6.85416666666666,2
"background",-78.0208333333333,2.22916666666667,2
"background",-83.8958333333333,9.9375,1
"background",-77.2708333333333,-11.2708333333333,1
"background",22.0625,-5.47916666666666,1
"background",-77.2708333333333,-10.8958333333333,2
"background",22.5208333333333,-6.0625,2
"background",-59.9791666666667,-2.60416666666666,1
"background",-83.8958333333333,22.3541666666667,2
"background",-76.2708333333333,5.72916666666667,1
"background",-77.8541666666667,0.0208333333333357,2
"background",-86.5625,12.6875,2
"background",-70.5625,10.7708333333333,1
"background",-54.1041666666667,3.4375,2
"background",-75.5625,20.1041666666667,1
"background",-89.8958333333333,16.4791666666667,1
"background",-67.7291666666667,10.1875,2
"background",-60.5625,-2.39583333333333,1
"background",-73.8958333333333,4.85416666666667,2
"background",167.229166666667,-20.7708333333333,1
"background",-64.3958333333333,-34.8541666666667,1
"background",144.979166666667,-5.9375,2
"background",20.2291666666667,-0.854166666666664,2
"background",-86.9375,14.9791666666667,2
"background",-53.3125,3.9375,2
"background",18.5625,-0.0208333333333321,2
"background",-87.3125,13.3541666666667,1
"background",-85.1875,10.6458333333333,1
"background",-75.2708333333333,20.2291666666667,1
"background",164.729166666667,-21.0208333333333,2
"background",-73.3958333333333,5.5625,2
"background",123.395833333333,9.72916666666667,1
"background",-55.9375,-9.97916666666666,1
"background",13.1041666666667,-6.22916666666666,1
"background",106.4375,-6.39583333333333,1
"background",122.895833333333,10.3541666666667,1
"background",-99.1458333333333,18.6041666666667,2
"background",-72.7291666666667,7.52083333333334,2
"background",12.3958333333333,-5.64583333333333,1
"background",-100.0625,18.9791666666667,1
"background",-77.0625,-0.229166666666664,1
"background",-66.8958333333333,10.1458333333333,1
"background",145.9375,-6.3125,2
"background",-72.2291666666667,-13.1041666666667,2
"background",-97.7291666666667,18.1041666666667,1
"background",-70.9375,-13.4375,1
"background",101.979166666667,3.22916666666667,2
"background",-72.1458333333333,-13.8125,1
"background",-83.8125,9.89583333333333,1
"background",-76.8125,-0.979166666666664,1
"background",-81.3125,23.0625,1
"background",-84.1875,11.1875,2
"background",-84.6041666666667,11.1458333333333,2
"background",-86.3125,12.3541666666667,1
"background",109.6875,-7.4375,1
"background",-74.6458333333333,4.27083333333334,2
"background",-77.3541666666667,-1.02083333333333,1
"background",-101.5625,21.1458333333333,1
"background",-53.7291666666667,3.9375,1
"background",-77.0625,21.1041666666667,1
"background",-90.8958333333333,-0.895833333333332,1
"background",-74.7708333333333,5.47916666666667,2
"background",-79.7708333333333,0.479166666666668,2
"background",-88.8125,13.7291666666667,1
"background",-86.6458333333333,12.1041666666667,2
"background",-87.1041666666667,13.6875,1
"background",22.2708333333333,-6.02083333333333,1
"background",-99.1041666666667,19.8958333333333,1
"background",-70.8125,18.6041666666667,2
"background",166.354166666667,-22.1041666666667,1
"background",-89.3541666666667,14.9375,1
"background",-53.2708333333333,4.72916666666667,1
"background",-90.1875,14.1458333333333,1
"background",120.0625,-5.5625,2
"background",-87.3125,15.3541666666667,1
"background",-98.1875,19.7291666666667,2
"background",-88.3541666666667,13.2291666666667,2
"background",122.604166666667,11.4375,1
"background",-77.9791666666667,-9.9375,1
"background",143.770833333333,-5.5625,1
"background",-66.3958333333333,7.14583333333334,1
"background",12.2291666666667,-5.60416666666666,1
"background",-66.3125,7.3125,2
"background",-74.3958333333333,3.72916666666667,2
"background",-69.8958333333333,12.1458333333333,1
"background",-76.5208333333333,3.14583333333334,1
"background",119.895833333333,-5.10416666666666,1
"background",-72.0625,-13.9375,2
"background",-54.2291666666667,3.6875,2
"background",-53.9375,3.14583333333334,2
"background",-90.7708333333333,17.3125,2
"background",-65.2708333333333,-34.4375,1
"background",-64.9791666666667,-34.7291666666667,2
"background",-76.6875,4.60416666666667,1
"background",166.145833333333,-20.3958333333333,1
"background",-66.6041666666667,18.0208333333333,1
"background",-77.3958333333333,21.7708333333333,1
"background",-69.8125,11.4375,2
"background",-74.6875,20.3125,1
"background",110.354166666667,-7.5625,2
"background",22.2708333333333,-6.14583333333333,2
"background",-72.4375,6.5625,1
"background",20.6875,0.770833333333336,2
"background",-77.3958333333333,-1.89583333333333,1
"background",143.729166666667,-5.85416666666666,2
"background",-55.5625,-9.39583333333333,1
"background",109.5625,-7.1875,2
"background",-80.1875,-0.604166666666664,2
"background",-90.3541666666667,16.3125,1
"background",14.7291666666667,-3.89583333333333,2
"background",24.6041666666667,-3.10416666666666,2
"background",-75.9375,4.4375,2
"background",-100.6875,21.2291666666667,2
"background",-75.7291666666667,4.64583333333334,1
"background",-85.9791666666667,13.9791666666667,2
"background",-70.2291666666667,11.9375,1
"background",-97.6041666666667,19.8541666666667,1
"background",-86.7291666666667,13.0208333333333,2
"background",-100.104166666667,19.3958333333333,1
"background",20.5625,0.270833333333336,2
"background",-91.5208333333333,16.4791666666667,1
"background",14.3541666666667,-4.39583333333333,2
"background",-98.4375,18.6458333333333,2
"background",-74.9375,3.9375,2
"background",-91.0625,16.8958333333333,2
"background",12.4791666666667,-6.22916666666666,1
"background",-73.1041666666667,7.97916666666667,2
"background",15.3125,-3.60416666666666,2
"background",145.604166666667,-17.7291666666667,1
"background",-83.1041666666667,22.3958333333333,1
"background",23.6875,-3.14583333333333,1
"background",-74.0208333333333,10.9791666666667,1
"background",-69.8125,10.4375,2
"background",-71.5625,18.6458333333333,1
"background",-78.3125,-1.35416666666666,2
"background",-69.3125,10.5208333333333,1
"background",-65.4791666666667,7.4375,2
"background",-84.2708333333333,22.0625,1
"background",-155.104166666667,19.6875,1
"background",21.7291666666667,-6.10416666666666,1
"background",-52.6041666666667,2.8125,2
"background",-89.5208333333333,14.2291666666667,2
"background",146.1875,-18.4791666666667,1
"background",-77.7291666666667,-1.02083333333333,1
"background",-72.1041666666667,-13.9375,1
"background",-87.5208333333333,15.0625,2
"background",-75.6875,4.8125,1
"background",-69.8541666666667,10.8958333333333,2
"background",-61.3958333333333,-1.85416666666666,1
"background",-74.6458333333333,6.02083333333334,1
"background",-74.5625,6.1875,2
"background",-76.6041666666667,5.60416666666667,2
"background",-72.9791666666667,5.35416666666667,1
"background",17.8125,-0.229166666666664,1
"background",-75.8125,6.72916666666667,1
"background",14.5625,-4.77083333333333,1
"background",101.645833333333,2.89583333333334,2
"background",21.1041666666667,-0.854166666666664,1
"background",-76.6041666666667,5.1875,1
"background",22.9375,-6.1875,1
"background",143.9375,-5.52083333333333,1
"background",145.0625,-5.0625,2
"background",-83.4791666666667,22.3541666666667,1
"background",107.145833333333,-6.47916666666666,2
"background",-52.1458333333333,4.60416666666667,2
"background",-76.7708333333333,4.97916666666667,2
"background",-64.8125,-34.8125,1
"background",14.6875,-3.5625,2
"background",111.0625,-8.02083333333333,2
"background",-71.3958333333333,-13.5208333333333,1
"background",122.895833333333,9.72916666666667,1
"background",-71.6875,-12.6458333333333,2
"background",-88.0625,13.3958333333333,2
"background",144.145833333333,-4.72916666666666,1
"background",-86.6875,13.2291666666667,2
"background",-73.7291666666667,4.10416666666667,1
"background",-88.6458333333333,15.1041666666667,2
"background",21.7291666666667,0.3125,2
"background",-52.9375,3.27083333333334,2
"background",17.8958333333333,0.270833333333336,2
"background",21.3125,-0.3125,2
"background",-99.1041666666667,18.8541666666667,1
"background",-99.8125,20.3541666666667,1
"background",15.9375,-3.6875,1
"background",23.3541666666667,-3.60416666666666,1
"background",107.1875,-6.77083333333333,1
"background",-53.6458333333333,4.02083333333334,1
"background",-83.3541666666667,9.9375,1
"background",-73.6458333333333,6.35416666666667,1
"background",-73.5625,6.10416666666667,1
"background",-85.1041666666667,11.0208333333333,1
"background",-89.8125,13.7291666666667,1
"background",-77.2708333333333,2.14583333333334,2
"background",146.0625,-17.8541666666667,2
"background",-90.3541666666667,16.9791666666667,1
"background",-55.8125,-9.89583333333333,2
"background",-54.3541666666667,-9.27083333333333,2
"background",16.0625,-3.89583333333333,2
"background",-77.1875,2.97916666666667,1
"background",-86.3125,12.3125,2
"background",14.6458333333333,-3.72916666666666,1
"background",-77.0208333333333,-1.0625,1
"background",-75.7708333333333,5.27083333333334,2
"background",-71.3958333333333,-12.7291666666667,1
"background",13.8958333333333,-5.8125,1
"background",-155.770833333333,20.1875,1
"background",14.8541666666667,-4.77083333333333,1
"background",-88.1875,13.3125,1
"background",110.145833333333,-7.3125,2
"background",17.4791666666667,-0.0208333333333321,1
"background",165.1875,-20.7708333333333,1
"background",-65.9375,8.35416666666667,1
"background",-74.7291666666667,10.9375,1
"background",-68.1458333333333,10.3125,2
"background",-86.7291666666667,13.4375,1
"background",-88.4791666666667,14.2291666666667,1
"background",21.6458333333333,0.0625,2
"background",144.145833333333,-5.60416666666666,2
"background",-76.6875,-12.2708333333333,2
"background",-54.6875,-9.27083333333333,2
"background",102.479166666667,3.8125,1
"background",-77.5625,-1.6875,1
"background",-54.3125,-10.3541666666667,2
"background",-52.6875,4.72916666666667,2
"background",-83.8958333333333,11.3958333333333,2
"background",-54.4375,-9.52083333333333,2
"background",-66.1875,10.2708333333333,1
"background",-76.9791666666667,-12.2291666666667,2
"background",107.020833333333,-6.5625,2
"background",14.7291666666667,-3.64583333333333,1
"background",145.4375,-6.0625,1
"background",-53.8541666666667,3.1875,2
"background",-76.6458333333333,4.27083333333334,2
"background",12.6875,-5.02083333333333,2
"background",-89.5208333333333,14.6041666666667,1
"background",-66.0625,18.4375,1
"background",-72.1875,-12.8125,2
"background",-51.5208333333333,4.3125,1
"background",-87.2708333333333,13.7291666666667,1
"background",108.3125,-7.22916666666666,1
"background",14.6458333333333,-3.85416666666666,1
"background",-71.7291666666667,18.8541666666667,2
"background",-71.6458333333333,-12.7291666666667,2
"background",15.6458333333333,-4.64583333333333,2
"background",119.479166666667,-4.6875,1
"background",-68.8125,10.1875,1
"background",-87.0625,15.3958333333333,2
"background",111.395833333333,-7.72916666666666,2
"background",-71.8541666666667,-14.4375,2
"background",123.520833333333,10.1041666666667,2
"background",-155.645833333333,19.6041666666667,2
"background",-64.6041666666667,-34.1875,2
"background",-72.0208333333333,18.8958333333333,2
"background",13.2291666666667,-6.8125,1
"background",-75.8541666666667,4.9375,1
"background",-74.2291666666667,6.85416666666667,2
"background",-77.6875,-9.72916666666666,1
"background",106.4375,-6.4375,2
"background",-86.6875,15.3541666666667,2
"background",-155.8125,19.1458333333333,2
"background",-90.8541666666667,16.9375,1
"background",15.9791666666667,-4.97916666666666,2
"background",-87.5625,13.3958333333333,2
"background",-91.0208333333333,-0.895833333333332,1
"background",-75.7291666666667,5.02083333333334,2
"background",-98.7708333333333,20.6875,1
"background",-77.6875,18.2291666666667,2
"background",-155.604166666667,19.6041666666667,2
"background",-70.0625,10.9375,1
"background",-60.1041666666667,-3.02083333333333,2
"background",-60.3125,-2.85416666666666,2
"background",15.2291666666667,-4.89583333333333,2
"background",20.4375,0.604166666666668,1
"background",-76.4791666666667,2.39583333333334,1
"background",-75.5208333333333,20.6041666666667,1
"background",-81.5208333333333,22.2291666666667,2
"background",-71.4791666666667,-14.2708333333333,1
"background",110.895833333333,-7.1875,2
"background",-75.5208333333333,6.64583333333334,1
"background",-76.9791666666667,-0.270833333333332,1
"background",101.4375,3.97916666666667,1
"background",-74.3541666666667,6.1875,2
"background",-74.3125,3.97916666666667,2
"background",-97.8958333333333,18.1875,2
"background",145.3125,-5.22916666666666,1
"background",107.5625,-7.0625,2
"background",-64.9791666666667,-34.3958333333333,2
"background",-87.0625,14.6041666666667,1
"background",-72.0208333333333,-12.6458333333333,2
"background",23.6875,-2.64583333333333,1
"background",-85.8125,12.2708333333333,2
"background",102.4375,3.0625,2
"background",-87.3125,13.1041666666667,2
"background",-78.0208333333333,2.1875,2
"background",-72.8541666666667,7.85416666666667,2
"background",-70.2708333333333,10.6875,1
"background",146.0625,-4.64583333333333,1
"background",-53.8958333333333,3.0625,2
"background",17.8125,-0.354166666666664,1
"background",107.479166666667,-7.10416666666666,2
"background",144.9375,-6.39583333333333,1
"background",-76.6041666666667,5.8125,2
"background",122.145833333333,10.9375,1
"background",-52.9791666666667,4.5625,1
"background",19.3125,0.1875,2
"background",-99.3125,20.6458333333333,2
"background",12.5625,-5.85416666666666,2
"background",-62.6458333333333,17.1458333333333,2
"background",-72.4791666666667,-13.2708333333333,1
"background",146.145833333333,-18.1458333333333,2
"background",144.770833333333,-4.89583333333333,1
"background",-86.3958333333333,14.5625,2
"background",14.5625,-4.4375,1
"background",-100.854166666667,21.8125,1
"background",21.8541666666667,-6.72916666666666,2
"background",-90.4375,16.1041666666667,2
"background",17.4791666666667,-0.3125,2
"background",-86.4791666666667,15.6875,1
"background",-101.520833333333,21.4375,1
"background",-74.9791666666667,4.39583333333334,1
"background",-69.1458333333333,10.7291666666667,1
"background",-75.4791666666667,3.97916666666667,2
"background",16.0625,-5.02083333333333,2
"background",-86.9375,15.3125,2
"background",-78.2291666666667,-0.270833333333332,2
"background",-78.6041666666667,2.39583333333334,1
"background",120.270833333333,-5.27083333333333,2
"background",-75.0625,7.1875,2
"background",119.895833333333,-5.4375,1
"background",-71.4375,-13.6875,2
"background",-73.1875,6.77083333333334,1
"background",13.9375,-6.14583333333333,2
"background",-90.1041666666667,14.7291666666667,1
"background",-77.3125,-0.104166666666664,1
"background",21.6041666666667,0.0208333333333357,2
"background",123.145833333333,9.9375,1
"background",119.8125,-5.60416666666666,2
"background",-71.7708333333333,-13.6041666666667,1
"background",-65.6458333333333,7.27083333333334,2
"background",-55.3958333333333,-9.9375,2
"background",-74.5625,10.3125,1
"background",-91.0208333333333,16.3541666666667,2
"background",-74.6875,3.72916666666667,2
"background",166.104166666667,-21.8125,2
"background",-75.8958333333333,2.52083333333334,2
"background",12.4375,-5.9375,2
"background",-66.1875,7.3125,1
"background",-91.3541666666667,16.1041666666667,1
"background",-84.9375,10.1041666666667,2
"background",-76.2708333333333,4.5625,1
"background",-99.9375,20.5208333333333,1
"background",14.3125,-5.85416666666666,1
"background",-90.8541666666667,17.1875,2
"background",119.979166666667,-5.10416666666666,2
"background",-74.6875,5.1875,2
"background",-157.6875,21.3541666666667,2
"background",-54.7291666666667,-10.0625,1
"background",22.4791666666667,-6.85416666666666,1
"background",23.8541666666667,-3.6875,2
"background",18.7708333333333,0.645833333333336,1
"background",-158.104166666667,21.5625,1
"background",-75.1458333333333,4.9375,2
"background",122.395833333333,11.4791666666667,2
"background",17.9375,0.1875,2
"background",-73.6875,5.5625,2
"background",21.6875,-5.4375,1
"background",-80.0625,-0.604166666666664,2
"background",164.5625,-20.7291666666667,2
"background",145.604166666667,-16.7291666666667,1
"background",18.0208333333333,-0.270833333333332,1
"background",-64.4375,-34.6458333333333,1
"background",-70.1458333333333,11.3125,2
"background",-85.1458333333333,12.9375,2
"background",-66.6458333333333,8.47916666666667,2
"background",-52.8958333333333,2.9375,1
"background",-75.8125,6.47916666666667,2
"background",-60.8125,-3.64583333333333,1
"background",-84.9791666666667,12.9791666666667,2
"background",-91.5208333333333,17.2291666666667,2
"background",-80.2708333333333,-0.604166666666664,1
"background",-77.3541666666667,-11.4791666666667,2
"background",-82.3125,8.60416666666667,2
"background",-77.8541666666667,-0.479166666666664,2
"background",18.3541666666667,0.1875,1
"background",-75.2291666666667,4.35416666666667,2
"background",-89.9791666666667,14.6041666666667,2
"background",-73.8958333333333,5.77083333333334,1
"background",13.4791666666667,-5.02083333333333,1
"background",-73.8125,5.27083333333334,2
"background",165.479166666667,-21.2291666666667,1
"background",17.7291666666667,0.0208333333333357,1
"background",144.5625,-5.6875,2
"background",-73.7708333333333,4.8125,2
"background",15.9791666666667,-4.89583333333333,1
"background",21.1041666666667,-0.5625,1
"background",-77.3125,-10.9375,1
"background",-89.6458333333333,14.5208333333333,1
"background",-155.854166666667,19.3958333333333,2
"background",-72.8958333333333,4.9375,1
"background",144.5625,-5.35416666666666,2
"background",-64.1458333333333,-35.3125,1
"background",21.8125,0.104166666666668,1
"background",21.1458333333333,-0.4375,2
"background",-100.3125,20.8541666666667,1
"background",-90.6041666666667,17.3958333333333,1
"background",-60.4791666666667,-3.14583333333333,1
"background",-66.3541666666667,10.3541666666667,2
"background",-78.3541666666667,-1.10416666666666,2
"background",-73.5625,10.5208333333333,2
"background",-52.2291666666667,4.60416666666667,1
"background",21.0625,-0.229166666666664,2
"background",165.3125,-21.4791666666667,2
"background",-99.8125,20.7291666666667,1
"background",-78.2708333333333,20.9375,2
"background",21.3541666666667,-0.854166666666664,2
"background",-76.3958333333333,4.52083333333334,2
"background",-88.7291666666667,14.4791666666667,1
"background",164.395833333333,-20.3541666666667,2
"background",-74.4791666666667,4.72916666666667,1
"background",-65.2708333333333,-34.9791666666667,1
"background",145.6875,-16.7708333333333,1
"background",-67.1458333333333,10.2708333333333,2
"background",-80.1875,-0.5625,1
"background",-63.9375,-35.1041666666667,1
"background",-76.7708333333333,18.1458333333333,2
"background",-77.8541666666667,-2.02083333333333,1
"background",-71.4791666666667,17.7708333333333,2
"background",-85.8125,11.8541666666667,1
"background",-84.2708333333333,10.6041666666667,2
"background",-98.7708333333333,19.5208333333333,1
"background",18.1875,0.270833333333336,2
"background",-52.9791666666667,2.85416666666667,1
"background",102.270833333333,2.35416666666667,2
"background",-66.5208333333333,8.27083333333333,1
"background",-54.0625,-9.89583333333333,1
"background",-54.6875,-9.8125,2
"background",-88.3125,14.7291666666667,1
"background",-74.2291666666667,5.64583333333334,1
"background",143.645833333333,-5.02083333333333,1
"background",-90.0208333333333,14.0208333333333,2
"background",145.270833333333,-5.9375,2
"background",-69.2708333333333,10.4791666666667,2
"background",-54.1041666666667,-10.1041666666667,1
"background",-66.4375,10.5208333333333,1
"background",-73.1458333333333,6.4375,2
"background",12.6875,-5.89583333333333,2
"background",-76.3958333333333,-12.1875,1
"background",-100.395833333333,20.8958333333333,2
"background",-67.6458333333333,10.2708333333333,2
"background",145.604166666667,-5.85416666666666,1
"background",12.9791666666667,-6.02083333333333,1
"background",-60.0625,-2.64583333333333,2
"background",-53.5208333333333,3.22916666666667,2
"background",-66.7291666666667,9.6875,2
"background",144.854166666667,-5.3125,1
"background",-75.7708333333333,6.27083333333334,2
"background",-61.1875,-1.85416666666666,1
"background",122.6875,11.5625,1
"background",145.6875,-5.10416666666666,1
"background",-66.3958333333333,8.5625,2
"background",-72.6458333333333,-14.0208333333333,2
"background",-85.0208333333333,10.5208333333333,2
"background",119.979166666667,-5.52083333333333,1
"background",109.3125,-7.52083333333333,1
"background",-76.3958333333333,-11.6458333333333,2
"background",-91.3125,17.3541666666667,1
"background",-76.2291666666667,4.9375,1
"background",-99.6875,20.3125,1
"background",-79.0208333333333,-0.0625,1
"background",-82.9375,23.0208333333333,1
"background",-99.0208333333333,19.6458333333333,1
"background",-77.4791666666667,-10.7708333333333,1
"background",-77.4791666666667,2.97916666666667,2
"background",-76.2291666666667,2.39583333333334,2
"background",12.9375,-4.85416666666666,1
"background",12.1875,-5.35416666666666,2
"background",-67.0208333333333,7.89583333333334,2
"background",-76.3541666666667,-12.6458333333333,2
"background",-61.7708333333333,-2.52083333333333,2
"background",-100.645833333333,19.1875,1
"background",-79.5208333333333,0.895833333333336,2
"background",-64.8958333333333,-34.9791666666667,2
"background",-66.9791666666667,9.8125,2
"background",-73.8541666666667,11.0208333333333,2
"background",-77.1875,2.10416666666667,1
"background",-78.1875,2.5625,2
"background",12.8541666666667,-5.64583333333333,1
"background",-88.6458333333333,13.3958333333333,1
"background",-155.8125,19.2708333333333,2
"background",-83.3125,8.89583333333333,1
"background",13.8125,-6.4375,2
"background",146.229166666667,-5.89583333333333,2
"background",-65.4375,8.6875,1
"background",-80.0208333333333,-0.0208333333333321,1
"background",123.020833333333,9.97916666666667,2
"background",20.9791666666667,-1.0625,1
"background",-72.8125,-13.6875,2
"background",-71.6875,18.3125,1
"background",-54.8958333333333,-10.1875,1
"background",-54.6041666666667,-10.4791666666667,1
"background",-78.6875,-0.8125,2
"background",-99.1041666666667,19.3958333333333,1
"background",-82.6875,22.7291666666667,2
"background",-89.1458333333333,14.1458333333333,2
"background",-74.9375,6.47916666666667,2
"background",-157.854166666667,21.5625,2
"background",-85.3958333333333,10.5208333333333,2
"background",-54.8541666666667,-10.7291666666667,1
"background",-80.2291666666667,-0.354166666666664,1
"background",145.979166666667,-17.8541666666667,1
"background",-98.2291666666667,18.1458333333333,1
"background",145.979166666667,-4.6875,1
"background",22.4791666666667,-6.0625,1
"background",-87.0208333333333,14.8125,1
"background",-66.4791666666667,9.60416666666667,2
"background",101.5625,3.0625,1
"background",-53.5625,4.3125,1
"background",-86.3125,13.8125,2
"background",-81.9375,22.8541666666667,1
"background",109.5625,-7.47916666666666,1
"background",-77.0208333333333,-10.6041666666667,2
"background",105.729166666667,-5.85416666666666,2
"background",20.3541666666667,-0.395833333333332,2
"background",24.4375,-4.0625,1
"background",-66.0625,7.0625,2
"background",-69.5625,11.3125,1
"background",-87.0625,13.3541666666667,2
"background",-53.1875,3.22916666666667,2
"background",-75.3958333333333,5.1875,2
"background",-77.8125,-1.3125,1
"background",-85.8541666666667,13.4375,1
"background",-100.1875,20.3541666666667,2
"background",17.6041666666667,0.0208333333333357,2
"background",-75.9375,6.10416666666667,2
"background",105.979166666667,-6.47916666666666,2
"background",-75.9375,4.14583333333334,2
"background",-66.4375,8.0625,1
"background",-71.7708333333333,-14.3125,1
"background",-77.0208333333333,-1.35416666666666,1
"background",-90.5208333333333,17.4375,1
"background",-75.0208333333333,6.3125,1
"background",-85.0208333333333,12.6041666666667,1
"background",-82.6875,9.39583333333333,2
"background",-91.2291666666667,17.1041666666667,1
"background",122.5625,10.6041666666667,2
"background",-77.6458333333333,-1.39583333333333,2
"background",-77.0208333333333,21.0208333333333,2
"background",18.3958333333333,-0.9375,1
"background",-99.4375,20.5625,1
"background",-70.0625,10.4791666666667,1
"background",-71.1875,-13.1458333333333,2
"background",18.8125,-0.354166666666664,1
"background",-98.6458333333333,19.8958333333333,1
"background",23.6875,-3.64583333333333,1
"background",-99.2291666666667,18.5208333333333,2
"background",-86.6041666666667,12.8541666666667,1
"background",-65.3541666666667,-34.9791666666667,2
"background",-72.0208333333333,18.2291666666667,2
"background",-76.1041666666667,4.52083333333334,1
"background",-73.3541666666667,10.8125,1
"background",-77.6041666666667,20.9791666666667,2
"background",21.6875,-5.8125,1
"background",-60.2708333333333,-2.47916666666666,1
"background",-77.1875,-0.229166666666664,1
"background",20.6041666666667,0.729166666666668,2
"background",-75.5208333333333,3.89583333333334,2
"background",-77.6458333333333,21.8541666666667,1
"background",-71.2291666666667,18.2291666666667,2
"background",-75.6458333333333,5.60416666666667,2
"background",-98.2708333333333,18.3125,2
"background",20.7291666666667,0.229166666666668,1
"background",-74.5625,6.22916666666667,2
"background",145.9375,-6.10416666666666,2
"background",-77.0208333333333,2.10416666666667,1
"background",-90.3541666666667,17.0625,2
"background",-101.3125,20.7291666666667,1
"background",-53.3125,4.72916666666667,1
"background",-86.5625,14.6041666666667,1
"background",-76.4375,3.0625,1
"background",-64.7708333333333,-34.1458333333333,1
"background",144.270833333333,-6.27083333333333,2
"background",-77.8125,-1.22916666666666,2
"background",-89.6041666666667,14.6041666666667,2
"background",-99.8541666666667,20.2708333333333,1
"background",-90.3541666666667,15.8125,1
"background",-64.4791666666667,-34.3541666666667,2
"background",107.1875,-6.4375,1
"background",-69.0208333333333,11.0208333333333,2
"background",22.5625,-6.47916666666666,1
"background",-74.2291666666667,6.10416666666667,1
"background",101.395833333333,2.85416666666667,1
"background",13.3125,-6.4375,2
"background",145.354166666667,-5.89583333333333,2
"background",-85.1875,9.77083333333333,1
"background",-75.1458333333333,20.1458333333333,2
"background",-86.6041666666667,13.3125,2
"background",18.2291666666667,0.4375,2
"background",144.1875,-5.22916666666666,2
"background",145.0625,-5.3125,1
"background",-77.0625,20.8958333333333,2
"background",-54.0208333333333,-10.2708333333333,2
"background",-64.8541666666667,-34.8541666666667,1
"background",-72.6041666666667,7.3125,2
"background",-67.4791666666667,10.1875,1
"background",-78.3541666666667,21.9791666666667,1
"background",-85.4791666666667,13.9375,2
"background",15.5625,-3.77083333333333,1
"background",12.5208333333333,-5.1875,2
"background",-77.2708333333333,-9.22916666666666,2
"background",-66.2291666666667,10.1458333333333,1
"background",16.2291666666667,-4.10416666666666,1
"background",-55.6458333333333,-10.0208333333333,2
"background",-73.1458333333333,4.1875,1
"background",-74.6041666666667,20.3125,2
"background",13.7708333333333,-5.85416666666666,1
"background",22.2291666666667,-6.4375,1
"background",-91.2708333333333,17.0208333333333,1
"background",-72.5625,6.8125,1
"background",-79.4375,0.4375,2
"background",-73.3958333333333,11.1041666666667,1
"background",23.3958333333333,-6.1875,2
"background",-74.3958333333333,6.77083333333334,1
"background",106.1875,-6.35416666666666,2
"background",-78.1041666666667,21.6041666666667,2
"background",-73.2291666666667,7.85416666666667,2
"background",-85.9791666666667,13.1041666666667,2
"background",-85.6458333333333,12.7291666666667,1
"background",-88.5208333333333,14.2291666666667,2
"background",-77.7291666666667,2.0625,2
"background",-100.1875,21.1041666666667,1
"background",16.1041666666667,-4.14583333333333,2
"background",-61.3125,-1.97916666666666,1
"background",-66.8125,8.6875,1
"background",-77.8541666666667,-0.979166666666664,2
"background",110.6875,-7.85416666666666,2
"background",-86.8125,14.8958333333333,1
"background",-71.5625,17.7708333333333,1
"background",-71.8541666666667,-13.3958333333333,1
"background",-99.0625,20.1458333333333,1
"background",-61.1875,-2.22916666666666,1
"background",18.0625,0.5625,1
"background",145.270833333333,-6.3125,2
"background",-72.6458333333333,4.14583333333334,2
"background",-89.8541666666667,16.9375,1
"background",106.645833333333,-7.0625,1
"background",24.5208333333333,-2.6875,2
"background",-76.1458333333333,6.39583333333334,1
"background",-71.3958333333333,18.2291666666667,2
"background",-66.3958333333333,7.97916666666667,1
"background",-76.3541666666667,4.02083333333334,2
"background",-77.6458333333333,-10.1041666666667,1
"background",-91.7708333333333,16.6041666666667,2
"background",-61.1875,-2.47916666666666,2
"background",-72.6875,6.39583333333334,2
"background",-75.5625,20.0625,2
"background",21.1875,0.4375,2
"background",-68.3125,10.2708333333333,2
"background",-78.1041666666667,-1.8125,1
"background",122.9375,11.1458333333333,1
"background",17.4375,0.4375,1
"background",-65.8958333333333,8.64583333333333,1
"background",20.8125,0.1875,2
"background",19.0208333333333,-0.229166666666664,2
"background",-73.8541666666667,6.22916666666667,2
"background",18.9375,-0.0208333333333321,1
"background",-84.8125,11.3958333333333,1
"background",145.479166666667,-5.9375,2
"background",110.8125,-8.10416666666666,2
"background",122.1875,10.6875,1
"background",15.9375,-5.10416666666666,2
"background",19.1875,-0.104166666666664,1
"background",-77.2708333333333,-0.1875,2
"background",-66.8125,9.72916666666667,1
"background",-98.4791666666667,19.8958333333333,1
"background",-71.3125,-13.6041666666667,1
"background",-86.1041666666667,12.1041666666667,2
"background",15.7291666666667,-5.22916666666666,2
"background",12.6458333333333,-5.6875,1
"background",-83.0208333333333,9.9375,1
"background",20.4375,0.0625,2
"background",-81.1875,22.8125,1
"background",-86.6875,13.4375,1
"background",-65.4375,7.72916666666667,1
"background",-53.5625,3.35416666666667,2
"background",17.8958333333333,-0.0208333333333321,2
"background",21.3125,-0.0625,1
"background",-101.395833333333,21.4375,1
"background",18.2291666666667,0.1875,1
"background",-75.8541666666667,6.27083333333334,1
"background",-81.9791666666667,23.1458333333333,2
"background",-77.3125,3.52083333333334,1
"background",-74.7291666666667,3.72916666666667,2
"background",-85.5625,9.9375,1
"background",-76.0625,4.27083333333334,1
"background",-70.0625,10.4375,1
"background",143.645833333333,-6.10416666666666,2
"background",-75.3541666666667,5.39583333333334,2
"background",-82.4791666666667,9.52083333333333,1
"background",24.4791666666667,-4.0625,1
"background",-54.3125,-10.3958333333333,2
"background",108.645833333333,-7.35416666666666,1
"background",-85.2291666666667,9.85416666666667,2
"background",-66.3541666666667,8.02083333333333,2
"background",-85.6875,13.6875,2
"background",-99.8541666666667,18.6875,2
"background",-87.0208333333333,12.5625,2
"background",-61.8958333333333,9.8125,1
"background",-75.1875,4.89583333333334,2
"background",-66.0208333333333,10.0625,2
"background",145.020833333333,-5.10416666666666,1
"background",-100.354166666667,21.3541666666667,2
"background",-83.4791666666667,10.0208333333333,1
"background",20.8125,-0.354166666666664,1
"background",-77.0208333333333,5.1875,2
"background",-72.4375,-13.8958333333333,2
"background",110.3125,-7.60416666666666,2
"background",-65.3958333333333,8.64583333333333,1
"background",-66.2291666666667,8.97916666666667,1
"background",-74.5625,10.4791666666667,1
"background",-86.3541666666667,14.5208333333333,2
"background",-73.8541666666667,10.9375,1
"background",-99.1458333333333,19.5625,1
"background",-53.1458333333333,2.60416666666667,2
"background",-72.3958333333333,7.77083333333334,1
"background",-71.3958333333333,-14.2708333333333,2
"background",-61.1875,-3.52083333333333,1
"background",145.145833333333,-6.0625,1
"background",119.729166666667,-5.35416666666666,2
"background",-84.0625,9.5625,2
"background",-83.9375,22.2291666666667,1
"background",-77.8541666666667,-1.02083333333333,1
"background",-85.2708333333333,11.2708333333333,2
"background",-75.6041666666667,19.9375,2
"background",-71.6041666666667,18.3541666666667,1
"background",21.0208333333333,0.395833333333336,1
"background",13.3958333333333,-5.9375,1
"background",110.354166666667,-7.9375,1
"background",-55.9375,-9.72916666666666,2
"background",-72.0625,-13.2708333333333,2
"background",-76.8958333333333,4.6875,2
"background",-97.2291666666667,19.3958333333333,2
"background",-82.5625,8.47916666666667,1
"background",-88.8541666666667,13.3958333333333,2
"background",-86.3125,14.6875,1
"background",145.645833333333,-4.85416666666666,1
"background",-98.6458333333333,20.5625,1
"background",143.604166666667,-5.97916666666666,2
"background",-85.6041666666667,13.7291666666667,1
"background",-76.8958333333333,21.1875,2
"background",-101.6875,20.9791666666667,1
"background",-84.9791666666667,13.1875,1
"background",144.5625,-5.8125,1
"background",144.895833333333,-5.1875,2
"background",-76.7708333333333,-1.27083333333333,1
"background",-98.9375,19.0208333333333,1
"background",-72.4791666666667,7.02083333333334,1
"background",-64.0625,-35.1041666666667,2
"background",-76.1041666666667,5.77083333333334,2
"background",-71.1458333333333,-13.9791666666667,1
"background",-82.5208333333333,8.39583333333333,2
"background",-87.4375,14.9791666666667,2
"background",110.520833333333,-7.97916666666666,1
"background",-71.0208333333333,-13.2291666666667,1
"background",-82.2708333333333,9.0625,1
"background",101.895833333333,3.0625,1
"background",-98.4375,20.2708333333333,2
"background",-75.2291666666667,6.39583333333334,2
"background",-85.1875,14.0208333333333,2
"background",-98.6875,19.1458333333333,1
"background",-89.7708333333333,13.9791666666667,2
"background",-98.3541666666667,20.3541666666667,2
"background",21.8958333333333,-6.02083333333333,2
"background",-100.8125,21.2291666666667,1
"background",-74.5625,4.8125,1
"background",-86.5625,12.7291666666667,2
"background",-85.7708333333333,11.6041666666667,2
"background",-60.6041666666667,11.2708333333333,2
"background",-65.8541666666667,-34.6458333333333,2
"background",-52.2708333333333,3.89583333333334,1
"background",-100.729166666667,19.4791666666667,1
"background",144.395833333333,-5.64583333333333,1
"background",-76.1041666666667,6.3125,2
"background",-101.229166666667,20.0625,2
"background",-55.6041666666667,-9.3125,1
"background",-71.3541666666667,18.5625,2
"background",-69.9375,10.2708333333333,2
"background",-70.9375,18.7291666666667,1
"background",-91.2708333333333,16.7708333333333,2
"background",-90.3125,17.4791666666667,2
"background",-98.6875,18.9791666666667,1
"background",-81.2708333333333,22.6875,1
"background",12.2708333333333,-5.47916666666666,2
"background",-99.9375,19.9375,2
"background",-86.5208333333333,13.3125,1
"background",-90.4375,16.1875,1
"background",-90.0625,14.8125,1
"background",-84.5625,10.0625,2
"background",-77.0208333333333,-1.77083333333333,2
"background",-79.6041666666667,-0.1875,2
"background",18.2291666666667,-0.9375,1
"background",-64.7708333333333,-35.1458333333333,1
"background",-89.8958333333333,13.6875,2
"background",-74.7291666666667,7.1875,2
"background",145.520833333333,-5.14583333333333,1
"background",12.5208333333333,-5.14583333333333,1
"background",-81.3958333333333,23.0625,2
"background",108.5625,-7.35416666666666,2
"background",-75.3958333333333,4.9375,1
"background",-51.6875,4.39583333333334,2
"background",18.4791666666667,0.979166666666668,1
"background",120.3125,-4.64583333333333,2
"background",24.0625,-3.85416666666666,2
"background",-61.1875,14.8541666666667,2
"background",145.0625,-17.5208333333333,2
"background",-64.3541666666667,-35.6875,1
"background",-72.6458333333333,6.64583333333334,2
"background",-75.3958333333333,20.7291666666667,2
"background",144.854166666667,-6.27083333333333,1
"background",-75.3125,5.64583333333334,2
"background",-77.3125,-1.02083333333333,2
"background",-76.4791666666667,5.5625,1
"background",-100.4375,21.2708333333333,2
"background",-72.1458333333333,19.0625,1
"background",-89.3958333333333,15.2291666666667,2
"background",-76.9791666666667,-11.6458333333333,1
"background",19.8958333333333,-0.1875,2
"background",-77.7708333333333,21.8541666666667,1
"background",-77.9791666666667,2.39583333333334,1
"background",-52.4791666666667,4.6875,1
"background",-66.8541666666667,7.35416666666667,2
"background",-84.6041666666667,13.7708333333333,2
"background",-79.9791666666667,-0.729166666666664,2
"background",-99.6875,20.4791666666667,1
"background",-52.2708333333333,4.27083333333334,2
"background",-79.2708333333333,0.604166666666668,2
"background",111.270833333333,-7.39583333333333,1
"background",-82.2291666666667,9.22916666666667,2
"background",-73.8541666666667,11.2708333333333,1
"background",-53.5625,2.9375,1
"background",-74.8125,5.14583333333334,2
"background",-74.1041666666667,10.8958333333333,1
"background",-73.9791666666667,10.4375,2
"background",21.3958333333333,-0.770833333333332,1
"background",-76.4791666666667,4.64583333333334,2
"background",-73.5625,6.1875,2
"background",-99.0208333333333,20.7708333333333,1
"background",-52.6041666666667,4.9375,2
"background",122.0625,11.7708333333333,2
"background",-86.8541666666667,14.8125,1
"background",-85.8958333333333,12.6041666666667,1
"background",-72.4375,-14.1041666666667,1
"background",17.9375,0.229166666666668,2
"background",-73.7708333333333,7.60416666666667,2
"background",-78.3541666666667,21.3958333333333,2
"background",12.7291666666667,-6.5625,2
"background",13.2708333333333,-5.10416666666666,2
"background",-61.0208333333333,-3.35416666666666,1
"background",108.229166666667,-7.3125,1
"background",-68.9375,11.2708333333333,2
"background",-73.7708333333333,5.89583333333334,1
"background",-99.2708333333333,20.1875,1
"background",-73.8958333333333,10.6458333333333,1
"background",-53.8958333333333,4.14583333333334,1
"background",-66.3125,8.6875,1
"background",-89.9375,13.7708333333333,2
"background",-71.3125,-13.6875,2
"background",22.1041666666667,-5.1875,1
"background",22.1875,-4.97916666666666,1
"background",123.6875,10.3541666666667,1
"background",-91.6875,17.1875,2
"background",-87.5208333333333,14.4791666666667,1
"background",-99.0625,19.2708333333333,1
"background",-86.8958333333333,12.2708333333333,1
"background",-75.5625,4.22916666666667,2
"background",15.4791666666667,-4.4375,2
"background",17.6458333333333,-0.354166666666664,1
"background",-70.0625,10.8541666666667,2
"background",122.145833333333,10.6875,2
"background",-80.3958333333333,-0.8125,2
"background",-85.8541666666667,11.3125,1
"background",-71.4375,19.2708333333333,2
"background",-100.0625,20.8958333333333,2
"background",-97.3958333333333,19.5208333333333,2
"background",-83.8541666666667,11.0208333333333,2
"background",-75.6875,20.2708333333333,1
"background",122.854166666667,10.3541666666667,1
"background",-100.520833333333,19.7708333333333,1
"background",22.7708333333333,-3.1875,1
"background",-100.520833333333,20.2708333333333,1
"background",-66.1875,7.52083333333334,2
"background",143.770833333333,-5.14583333333333,2
"background",21.3125,0.3125,1
"background",-74.6041666666667,6.60416666666667,2
"background",-77.9375,2.3125,2
"background",-86.4375,14.6875,1
"background",-84.9791666666667,13.2708333333333,2
"background",-53.0208333333333,4.64583333333334,1
"background",-76.3541666666667,5.5625,2
"background",111.0625,-7.22916666666666,2
"background",-77.8541666666667,20.8958333333333,2
"background",-53.8958333333333,3.39583333333334,2
"background",-54.6041666666667,-9.4375,1
"background",111.3125,-7.89583333333333,1
"background",-73.5208333333333,7.64583333333334,1
"background",-85.8541666666667,13.3958333333333,2
"background",119.6875,-5.02083333333333,2
"background",-61.4375,-1.97916666666666,1
"background",17.3958333333333,0.3125,2
"background",23.5625,-3.39583333333333,2
"background",107.395833333333,-7.35416666666666,2
"background",-98.6458333333333,18.3958333333333,1
"background",-78.3125,21.3541666666667,1
"background",102.520833333333,3.6875,1
"background",122.9375,10.3541666666667,2
"background",-77.0625,-0.5625,1
"background",106.354166666667,-6.89583333333333,2
"background",108.520833333333,-7.47916666666666,1
"background",-86.9791666666667,14.2708333333333,2
"background",164.520833333333,-20.3541666666667,2
"background",-74.7708333333333,20.6041666666667,2
"background",-73.6875,6.72916666666667,2
"background",-83.6875,22.6041666666667,1
"background",22.2291666666667,-6.89583333333333,2
"background",23.1041666666667,-3.8125,2
"background",-87.6041666666667,14.4791666666667,2
"background",-61.6875,16.2708333333333,1
"background",111.229166666667,-8.27083333333333,1
"background",145.8125,-5.9375,2
"background",-82.1875,8.39583333333333,2
"background",-75.8958333333333,20.1041666666667,1
"background",-76.6875,4.39583333333334,2
"background",-76.8125,5.97916666666667,2
"background",-77.6041666666667,-10.1875,2
"background",-82.8541666666667,8.6875,2
"background",-75.0625,6.8125,1
"background",143.520833333333,-6.1875,2
"background",101.854166666667,2.8125,2
"background",110.645833333333,-7.27083333333333,2
"background",-86.1875,11.8541666666667,2
"background",21.9375,-5.6875,1
"background",-73.2708333333333,4.89583333333334,1
"background",-77.5208333333333,2.3125,1
"background",101.5625,3.64583333333334,2
"background",-78.0625,21.6875,2
"background",20.6875,0.354166666666668,1
"background",-74.7291666666667,6.85416666666667,2
"background",-100.395833333333,19.1041666666667,1
"background",12.3958333333333,-5.47916666666666,1
"background",-77.0208333333333,-0.4375,2
"background",-84.3125,11.3541666666667,1
"background",-85.1875,14.1041666666667,1
"background",-76.9791666666667,18.3125,2
"background",-89.3958333333333,15.0208333333333,2
"background",-77.8125,-10.5208333333333,2
"background",-77.7291666666667,21.5208333333333,2
"background",-157.229166666667,21.2291666666667,2
"background",111.1875,-7.22916666666666,2
"background",-91.2291666666667,-0.479166666666664,2
"background",-76.0208333333333,3.22916666666667,2
"background",-69.4791666666667,10.4791666666667,2
"background",-75.7708333333333,6.8125,2
"background",-101.520833333333,21.3125,1
"background",-85.0208333333333,12.7291666666667,2
"background",-87.1458333333333,15.2708333333333,2
"background",-54.9791666666667,-10.3958333333333,2
"background",106.020833333333,-6.47916666666666,1
"background",101.895833333333,3.27083333333334,2
"background",-61.2708333333333,-3.3125,1
"background",24.0208333333333,-2.97916666666666,1
"background",-74.1875,6.22916666666667,2
"background",-78.1875,-1.64583333333333,2
"background",-83.4375,22.6041666666667,2
"background",17.5208333333333,-0.520833333333332,2
"background",24.0208333333333,-3.8125,1
"background",-89.4375,15.2708333333333,2
"background",15.3958333333333,-3.39583333333333,2
"background",-73.8958333333333,6.89583333333334,2
"background",-88.6041666666667,13.3958333333333,1
"background",-66.1041666666667,7.27083333333334,2
"background",-85.0625,13.5208333333333,2
"background",-82.0625,8.60416666666667,1
"background",107.0625,-6.0625,2
"background",101.6875,3.0625,1
"background",-75.2291666666667,3.85416666666667,2
"background",15.3958333333333,-3.52083333333333,2
"background",-66.2291666666667,10.5625,2
"background",-54.0625,3.3125,1
"background",-76.3958333333333,-12.6041666666667,2
"background",-66.6875,8.3125,1
"background",-66.3541666666667,8.77083333333333,1
"background",20.1458333333333,-0.479166666666664,2
"background",144.229166666667,-6.52083333333333,2
"background",-86.4791666666667,12.7708333333333,2
"background",-91.1458333333333,16.5208333333333,1
"background",-71.2708333333333,18.6875,1
"background",-78.4375,2.02083333333334,1
"background",106.645833333333,-6.1875,1
"background",-55.4791666666667,-10.1875,2
"background",-78.2291666666667,-0.645833333333332,2
"background",16.0208333333333,-4.89583333333333,2
"background",105.479166666667,-6.85416666666666,1
"background",-97.8125,19.1041666666667,2
"background",-75.6875,20.3125,1
"background",-75.2708333333333,6.6875,1
"background",-75.1458333333333,20.4791666666667,2
"background",-77.2291666666667,18.3541666666667,2
"background",-75.5625,5.22916666666667,2
"background",21.8958333333333,-5.4375,1
"background",-82.7708333333333,22.8958333333333,1
"background",-77.8958333333333,-1.52083333333333,1
"background",-55.3125,-10.6458333333333,1
"background",-61.1458333333333,14.7291666666667,1
"background",-77.6875,-9.47916666666666,2
"background",-79.6041666666667,-0.229166666666664,2
"background",-85.6458333333333,11.3125,2
"background",21.1458333333333,-0.9375,2
"background",145.8125,-5.52083333333333,1
"background",108.395833333333,-7.39583333333333,2
"background",-69.7291666666667,10.8541666666667,2
"background",13.1458333333333,-6.64583333333333,2
"background",-73.9375,5.39583333333334,1
"background",-77.7291666666667,21.6041666666667,1
"background",-60.4791666666667,-3.4375,1
"background",-81.6875,22.3958333333333,2
"background",15.8541666666667,-4.9375,1
"background",143.5625,-5.9375,1
"background",-86.6875,12.3125,1
"background",-61.2708333333333,-1.85416666666666,2
"background",-101.270833333333,20.7708333333333,2
"background",-65.5208333333333,-34.6041666666667,2
"background",-54.7708333333333,-9.89583333333333,2
"background",-74.5625,6.0625,2
"background",122.854166666667,9.6875,1
"background",144.895833333333,-5.97916666666666,1
"background",-66.4791666666667,8.72916666666667,1
"background",-75.6458333333333,6.89583333333334,1
"background",-86.2708333333333,12.5625,1
"background",-72.5625,-12.8125,2
"background",-71.8125,18.5208333333333,1
"background",-77.4375,-1.9375,1
"background",-98.5625,18.8541666666667,2
"background",-71.1041666666667,18.1458333333333,2
"background",21.6875,-6.02083333333333,2
"background",-91.5625,17.1458333333333,1
"background",19.8958333333333,-0.3125,1
"background",-83.6458333333333,10.6458333333333,2
"background",-77.5208333333333,21.1875,2
"background",-73.1458333333333,7.27083333333334,2
"background",-87.8958333333333,14.2291666666667,2
"background",-77.0208333333333,-10.1875,1
"background",23.7291666666667,-3.14583333333333,1
"background",-61.7708333333333,10.6875,1
"background",15.8958333333333,-3.89583333333333,2
"background",-61.1875,13.1458333333333,1
"background",-83.4375,9.27083333333333,2
"background",165.395833333333,-21.0208333333333,2
"background",-77.2291666666667,21.6458333333333,1
"background",146.104166666667,-6.35416666666666,1
"background",-87.4375,14.4375,2
"background",-76.5208333333333,-12.8541666666667,1
"background",-87.9791666666667,14.1458333333333,2
"background",-66.5625,7.5625,2
"background",144.0625,-4.8125,1
"background",22.0208333333333,-5.47916666666666,1
"background",101.354166666667,3.10416666666667,2
"background",-72.5625,-13.7291666666667,1
"background",-54.6041666666667,-9.39583333333333,2
"background",-87.0625,15.6458333333333,1
"background",20.6041666666667,0.0208333333333357,2
"background",-75.1875,5.60416666666667,1
"background",-82.8125,9.64583333333333,2
"background",-73.4375,11.2291666666667,1
"background",122.1875,11.0625,1
"background",-79.6041666666667,-0.520833333333332,2
"background",-77.1458333333333,17.8125,2
"background",-71.8125,-14.0625,2
"background",-87.3958333333333,13.3958333333333,2
"background",-77.2708333333333,2.39583333333334,1
"background",-99.7708333333333,19.8125,2
"background",108.479166666667,-7.27083333333333,2
"background",-64.7708333333333,-34.8541666666667,2
"background",-73.7291666666667,10.8958333333333,2
"background",-100.479166666667,21.7708333333333,2
"background",119.5625,-5.0625,2
"background",-73.2291666666667,7.22916666666667,2
"background",-77.7291666666667,18.0625,2
"background",-66.3541666666667,18.0208333333333,2
"background",-54.1041666666667,3.72916666666667,1
"background",-80.5208333333333,-0.770833333333332,2
"background",-97.3541666666667,19.6041666666667,1
"background",13.0208333333333,-5.77083333333333,1
"background",-76.1458333333333,4.8125,2
"background",-85.0625,12.6458333333333,1
"background",-73.0208333333333,7.02083333333334,2
"background",-101.645833333333,20.7291666666667,1
"background",23.3125,-6.14583333333333,2
"background",23.8125,-3.14583333333333,2
"background",-159.520833333333,21.8958333333333,2
"background",-72.4791666666667,7.64583333333334,2
"background",-66.8125,8.39583333333333,1
"background",15.8125,-5.1875,1
"background",-60.0208333333333,-3.10416666666666,2
"background",144.354166666667,-4.85416666666666,2
"background",-74.9791666666667,6.85416666666667,1
"background",13.3125,-5.35416666666666,1
"background",-73.6458333333333,4.64583333333334,2
"background",-73.1875,6.14583333333334,1
"background",-72.3958333333333,6.35416666666667,2
"background",-55.0625,-10.9791666666667,2
"background",-89.8541666666667,14.5208333333333,2
"background",-83.3125,9.10416666666667,2
"background",-88.0625,14.1041666666667,1
"background",-74.6875,4.60416666666667,1
"background",107.270833333333,-6.89583333333333,1
"background",-90.6875,-0.354166666666664,1
"background",-100.979166666667,20.0208333333333,1
"background",-90.3125,16.5208333333333,1
"background",-74.6458333333333,3.4375,2
"background",-73.1041666666667,4.6875,1
"background",-72.5625,7.27083333333334,1
"background",101.270833333333,3.85416666666667,2
"background",-90.3541666666667,15.8958333333333,2
"background",-100.395833333333,21.1041666666667,1
"background",-76.3125,-12.2708333333333,1
"background",14.8125,-4.97916666666666,2
"background",-77.8958333333333,-1.60416666666666,2
"background",-77.0208333333333,-11.1041666666667,2
"background",-100.6875,19.0625,2
"background",-100.6875,20.5625,2
"background",-101.145833333333,20.1458333333333,2
"background",-98.6041666666667,19.9791666666667,2
"background",-66.7291666666667,7.35416666666667,2
"background",-61.7291666666667,-3.1875,1
"background",105.895833333333,-6.47916666666666,1
"background",-72.1458333333333,6.6875,1
"background",-71.1875,19.2291666666667,2
"background",-84.5625,13.6041666666667,1
"background",22.8125,-3.47916666666666,2
"background",143.8125,-5.72916666666666,1
"background",-84.2708333333333,10.0208333333333,1
"background",-76.4375,1.9375,2
"background",-80.3958333333333,-0.479166666666664,2
"background",106.9375,-7.22916666666666,1
"background",13.8125,-5.22916666666666,1
"background",-87.5208333333333,12.9375,1
"background",-73.8125,3.97916666666667,2
"background",-101.604166666667,21.1458333333333,2
"background",-73.5625,5.8125,1
"background",-52.3125,4.8125,2
"background",-72.3541666666667,4.9375,1
"background",21.3541666666667,0.354166666666668,1
"background",-84.0208333333333,22.6875,2
"background",-97.4375,19.1458333333333,2
"background",-74.5625,4.1875,2
"background",145.3125,-6.22916666666666,1
"background",-61.3541666666667,-3.4375,2
"background",20.7291666666667,0.645833333333336,2
"background",-73.9375,5.6875,1
"background",-90.2708333333333,14.7291666666667,1
"background",-72.8125,6.8125,2
"background",-61.3541666666667,-3.27083333333333,2
"background",145.229166666667,-4.77083333333333,1
"background",-79.9375,-0.4375,1
"background",-74.9375,5.35416666666667,1
"background",-77.5625,-0.270833333333332,2
"background",120.1875,-4.9375,1
"background",120.270833333333,-5.0625,1
"background",-61.3125,10.1875,1
"background",-78.3958333333333,-0.5625,1
"background",17.7291666666667,-0.104166666666664,1
"background",15.6458333333333,-4.39583333333333,1
"background",-73.5625,7.35416666666667,2
"background",-52.8125,2.89583333333334,1
"background",-157.104166666667,21.1458333333333,2
"background",-78.6041666666667,-8.97916666666666,1
"background",19.2708333333333,0.3125,1
"background",-98.4375,20.1041666666667,2
"background",-52.0625,4.60416666666667,1
"background",-72.4375,7.72916666666667,1
"background",108.6875,-7.52083333333333,2
"background",-65.6875,7.14583333333334,1
"background",-72.8541666666667,7.02083333333334,2
"background",21.4791666666667,0.270833333333336,1
"background",-71.3958333333333,-14.3125,2
"background",-65.8541666666667,7.1875,2
"background",-99.1875,20.7291666666667,2
"background",-99.2291666666667,18.6458333333333,1
"background",-66.8125,8.4375,2
"background",-86.8958333333333,12.3541666666667,2
"background",-75.3958333333333,4.4375,1
"background",145.979166666667,-17.8125,2
"background",146.479166666667,-5.6875,1
"background",-54.7291666666667,-9.3125,2
"background",-85.9791666666667,13.8125,2
"background",-91.2708333333333,-0.854166666666664,2
"background",110.729166666667,-6.85416666666666,2
"background",-76.4791666666667,4.85416666666667,1
"background",-86.6041666666667,12.8125,2
"background",-73.2291666666667,4.35416666666667,2
"background",13.9791666666667,-5.72916666666666,1
"background",106.9375,-6.27083333333333,2
"background",-77.8958333333333,-9.35416666666666,1
"background",-100.395833333333,21.2708333333333,1
"background",-83.6875,9.35416666666667,2
"background",-98.3958333333333,18.2708333333333,1
"background",-73.7708333333333,6.0625,1
"background",-74.1041666666667,4.3125,2
"background",-84.6458333333333,9.85416666666667,1
"background",107.520833333333,-7.14583333333333,1
"background",23.6458333333333,-3.0625,1
"background",-77.4791666666667,-8.5625,2
"background",22.8125,-6.5625,1
"background",13.2708333333333,-6.0625,1
"background",23.1875,-3.22916666666666,2
"background",-62.7708333333333,17.3958333333333,1
"background",-77.4791666666667,-9.64583333333333,1
"background",-53.5208333333333,4.1875,2
"background",-84.2708333333333,22.3541666666667,1
"background",18.5625,-0.354166666666664,2
"background",-78.4375,21.7291666666667,1
"background",-82.8958333333333,8.22916666666667,2
"background",-88.3541666666667,13.6458333333333,1
"background",-78.0625,20.8125,1
"background",-83.8541666666667,22.5208333333333,2
"background",-86.6875,13.8541666666667,2
"background",-77.6041666666667,-10.2708333333333,1
"background",144.645833333333,-5.0625,1
"background",-61.1041666666667,-2.64583333333333,1
"background",-72.1041666666667,18.4375,2
"background",-87.6458333333333,15.1458333333333,2
"background",-77.7291666666667,-8.77083333333333,2
"background",-75.0208333333333,6.22916666666667,2
"background",-62.7708333333333,17.3541666666667,1
"background",-74.3541666666667,6.35416666666667,2
"background",123.145833333333,11.2291666666667,2
"background",-100.0625,20.5208333333333,2
"background",-82.1875,8.8125,1
"background",-77.2291666666667,21.4791666666667,1
"background",143.4375,-6.14583333333333,2
"background",-88.2708333333333,14.7708333333333,2
"background",-72.0208333333333,-14.1875,1
"background",-98.7708333333333,19.3541666666667,1
"background",-77.6458333333333,-10.1458333333333,1
"background",110.645833333333,-7.77083333333333,2
"background",-65.4375,8.4375,2
"background",-61.0208333333333,13.9791666666667,1
"background",102.0625,2.97916666666667,2
"background",-91.3125,16.0625,1
"background",110.729166666667,-7.52083333333333,2
"background",-76.7291666666667,-11.1875,1
"background",-69.0208333333333,10.2291666666667,2
"background",105.979166666667,-6.14583333333333,2
"background",164.229166666667,-20.5625,2
"background",-89.3541666666667,14.1041666666667,1
"background",164.229166666667,-20.2708333333333,1
"background",145.729166666667,-17.0625,2
"background",-72.2291666666667,7.14583333333334,1
"background",12.8958333333333,-4.9375,1
"background",-99.9375,18.9791666666667,2
"background",-80.1041666666667,-0.395833333333332,2
"background",145.020833333333,-5.4375,1
"background",18.3125,-0.645833333333332,2
"background",-66.9791666666667,18.0208333333333,1
"background",-74.8125,20.1041666666667,2
"background",-86.1041666666667,11.7291666666667,1
"background",20.9791666666667,0.0625,2
"background",24.1458333333333,-3.52083333333333,1
"background",-55.5208333333333,-10.6458333333333,2
"background",-66.3958333333333,7.4375,1
"background",-77.8958333333333,18.0208333333333,2
"background",13.5625,-6.52083333333333,2
"background",-83.6458333333333,10.1875,1
"background",-65.3958333333333,-34.6875,1
"background",-77.4791666666667,-11.0208333333333,2
"background",-66.8541666666667,7.4375,1
"background",-67.0625,9.72916666666667,2
"background",-71.1875,17.9791666666667,1
"background",18.4375,1.02083333333334,2
"background",102.520833333333,3.14583333333334,2
"background",-78.1875,-1.3125,2
"background",-79.9791666666667,-0.0625,2
"background",-53.1875,3.72916666666667,2
"background",-75.9791666666667,5.3125,2
"background",-79.5625,0.5625,2
"background",-83.5625,10.7291666666667,2
"background",-79.3541666666667,-0.1875,1
"background",145.645833333333,-17.5208333333333,1
"background",-65.7708333333333,8.60416666666667,2
"background",-76.7291666666667,-1.1875,1
"background",-75.5625,5.3125,1
"background",13.4791666666667,-6.77083333333333,2
"background",-60.4375,-2.8125,1
"background",-76.2291666666667,6.14583333333334,1
"background",-72.5208333333333,6.64583333333334,1
"background",-86.3958333333333,11.9375,1
"background",144.270833333333,-5.72916666666666,1
"background",19.0625,-0.3125,1
"background",-91.7291666666667,16.5625,2
"background",-66.8541666666667,9.72916666666667,2
"background",-75.1875,20.6458333333333,1
"background",144.020833333333,-6.39583333333333,2
"background",-85.1041666666667,14.0625,1
"background",-85.6041666666667,11.1458333333333,2
"background",-85.2291666666667,14.1875,2
"background",-98.4375,20.1458333333333,2
"background",18.7291666666667,0.604166666666668,2
"background",-76.1041666666667,2.0625,1
"background",-68.7291666666667,10.3125,1
"background",-60.3541666666667,-2.1875,1
"background",20.6041666666667,-0.729166666666664,1
"background",-52.8541666666667,3.85416666666667,2
"background",-76.7708333333333,18.0625,1
"background",-99.6875,19.3958333333333,2
"background",-76.1041666666667,5.1875,1
"background",-73.0208333333333,6.4375,1
"background",144.729166666667,-6.35416666666666,2
"background",-65.4375,-35.3541666666667,2
"background",106.729166666667,-6.8125,1
"background",-84.7291666666667,9.97916666666667,1
"background",23.1875,-6.35416666666666,2
"background",-72.1875,-14.0625,1
"background",-73.3958333333333,7.5625,2
"background",120.395833333333,-4.3125,1
"background",15.2708333333333,-4.14583333333333,2
"background",109.5625,-7.0625,2
"background",-75.8958333333333,3.60416666666667,1
"background",-87.7708333333333,13.4791666666667,2
"background",-74.0208333333333,3.5625,2
"background",-74.1458333333333,6.3125,2
"background",110.979166666667,-7.35416666666666,1
"background",-60.8958333333333,-3.47916666666666,2
"background",-100.3125,18.6041666666667,2
"background",-88.4791666666667,14.9791666666667,2
"background",-71.9375,-13.7708333333333,1
"background",-98.9375,19.8541666666667,1
"background",-82.6041666666667,8.4375,2
"background",-66.1458333333333,10.3541666666667,1
"background",145.270833333333,-6.22916666666666,1
"background",-88.0625,13.5208333333333,2
"background",120.1875,-5.39583333333333,2
"background",-91.7291666666667,16.2708333333333,1
"background",-71.2708333333333,-14.2708333333333,1
"background",-81.4791666666667,22.3125,2
"background",-77.0625,-10.5625,1
"background",14.6041666666667,-4.77083333333333,2
"background",-65.6875,7.60416666666667,1
"background",-53.0625,4.9375,1
"background",-86.3958333333333,12.1458333333333,1
"background",-85.3541666666667,14.3125,1
"background",146.270833333333,-4.8125,2
"background",-76.3541666666667,1.60416666666667,1
"background",-61.6875,-2.64583333333333,2
"background",-72.4375,-12.7708333333333,1
"background",-68.4791666666667,10.9791666666667,2
"background",-68.7708333333333,11.2708333333333,2
"background",-76.3125,1.72916666666667,1
"background",-76.5625,3.3125,1
"background",-65.5208333333333,-34.9791666666667,2
"background",-64.8125,-34.0208333333333,2
"background",-88.9375,15.1458333333333,2
"background",14.8541666666667,-4.14583333333333,1
"background",120.0625,-4.77083333333333,1
"background",-72.5625,7.8125,1
"background",101.4375,3.02083333333334,2
"background",18.1041666666667,0.604166666666668,1
"background",-61.3958333333333,-2.97916666666666,2
"background",17.7708333333333,-0.229166666666664,1
"background",-69.8541666666667,10.8541666666667,2
"background",-73.0625,6.60416666666667,1
"background",-89.3541666666667,14.9791666666667,1
"background",14.8958333333333,-5.10416666666666,1
"background",110.645833333333,-6.64583333333333,2
"background",-88.3541666666667,14.7291666666667,2
"background",-74.0625,5.10416666666667,1
"background",-74.7291666666667,5.5625,2
"background",-86.2291666666667,11.8958333333333,2
"background",101.4375,3.89583333333334,2
"background",-72.8125,7.14583333333334,2
"background",111.354166666667,-7.22916666666666,2
"background",-85.9375,12.6875,1
"background",-75.5208333333333,5.5625,2
"background",-85.1041666666667,11.8125,2
"background",-77.5208333333333,-0.604166666666664,2
"background",122.354166666667,10.9375,2
"background",-77.9375,-10.1458333333333,1
"background",-72.7291666666667,5.3125,1
"background",22.2708333333333,-6.4375,2
"background",-66.6875,7.35416666666667,2
"background",-64.1458333333333,-34.3958333333333,2
"background",-78.1458333333333,-0.895833333333332,2
"background",-75.2291666666667,6.89583333333334,2
"background",-83.3958333333333,8.89583333333333,2
"background",111.145833333333,-7.89583333333333,1
"background",-75.9791666666667,2.14583333333334,2
"background",119.8125,-5.4375,2
"background",-100.1875,20.8541666666667,2
"background",-61.6875,-3.3125,2
"background",-85.3125,13.9791666666667,2
"background",123.8125,10.3541666666667,2
"background",-74.4791666666667,10.6041666666667,2
"background",143.9375,-6.52083333333333,1
"background",-90.6041666666667,16.6875,1
"background",119.895833333333,-4.02083333333333,2
"background",107.270833333333,-7.47916666666666,2
"background",-79.2291666666667,-0.1875,1
"background",-100.854166666667,21.2291666666667,2
"background",144.0625,-5.8125,1
"background",14.6041666666667,-3.6875,1
"background",20.1875,0.229166666666668,1
"background",24.2291666666667,-2.97916666666666,1
"background",-75.3125,4.8125,2
"background",-77.0625,3.35416666666667,2
"background",-75.2708333333333,4.6875,1
"background",-75.6875,3.8125,1
"background",23.1875,-4.22916666666666,2
"background",-54.0208333333333,-10.0208333333333,1
"background",123.395833333333,10.6875,1
"background",-159.645833333333,22.1041666666667,2
"background",-76.0208333333333,5.8125,1
"background",-78.0208333333333,21.5625,2
"background",19.1875,-0.270833333333332,1
"background",145.229166666667,-5.5625,2
"background",-72.5208333333333,-12.8125,2
"background",-55.3958333333333,-9.39583333333333,1
"background",-61.4791666666667,-1.8125,1
"background",-77.5208333333333,-10.8958333333333,1
"background",-66.3125,10.5208333333333,1
"background",-73.6875,5.22916666666667,2
"background",124.020833333333,10.2708333333333,2
"background",-91.1458333333333,17.6041666666667,2
"background",-55.0625,-10.6041666666667,2
"background",-66.4791666666667,10.2708333333333,2
"background",-77.2291666666667,-9.85416666666666,1
"background",-67.1875,10.1458333333333,1
"background",-101.5625,21.2291666666667,2
"background",123.104166666667,10.6041666666667,1
"background",-74.1458333333333,10.8541666666667,1
"background",20.1875,-0.895833333333332,2
"background",-82.9375,22.8125,2
"background",110.5625,-8.10416666666666,1
"background",-77.6875,-9.52083333333333,1
"background",-77.8125,2.77083333333334,2
"background",-101.0625,21.4375,1
"background",16.0625,-4.22916666666666,2
"background",-75.5625,4.4375,1
"background",-71.3541666666667,17.8958333333333,2
"background",-74.1875,5.6875,2
"background",-71.1875,18.1458333333333,1
"background",22.2708333333333,-4.89583333333333,1
"background",-85.1875,9.8125,1
"background",-53.2708333333333,2.64583333333334,2
"background",-79.0625,-0.3125,2
"background",-101.1875,20.3958333333333,2
"background",16.1875,-4.02083333333333,2
"background",20.3125,-0.6875,1
"background",21.8541666666667,-5.9375,1
"background",-61.0625,10.6041666666667,1
"background",-53.1041666666667,3.85416666666667,1
"background",108.270833333333,-7.1875,1
"background",-74.8541666666667,7.14583333333334,1
"background",-76.6041666666667,-11.9791666666667,1
"background",-65.6041666666667,-34.2708333333333,1
"background",-98.1875,20.1875,2
"background",18.8541666666667,-0.354166666666664,2
"background",-76.8958333333333,2.8125,1
"background",-89.6041666666667,13.7291666666667,1
"background",-75.3125,4.35416666666667,1
"background",-68.7291666666667,10.1458333333333,1
"background",-84.9791666666667,14.1041666666667,2
"background",-86.6875,14.7708333333333,1
"background",105.979166666667,-6.8125,2
"background",20.8541666666667,-0.0208333333333321,2
"background",-73.5625,4.47916666666667,1
"background",145.4375,-17.5208333333333,1
"background",-98.0625,19.9375,1
"background",-75.3958333333333,19.9375,1
"background",-87.2708333333333,13.3125,2
"background",-84.9791666666667,10.3958333333333,1
"background",15.1875,-4.0625,2
"background",-100.520833333333,21.1458333333333,1
"background",-99.5208333333333,20.7291666666667,2
"background",-77.8125,21.9791666666667,2
"background",-77.6458333333333,2.10416666666667,2
"background",165.1875,-21.3958333333333,2
"background",145.9375,-4.6875,1
"background",-78.5625,2.14583333333334,1
"background",-70.1041666666667,11.3958333333333,1
"background",-61.6458333333333,-2.4375,1
"background",23.0208333333333,-5.22916666666666,2
"background",17.8125,0.770833333333336,1
"background",-101.1875,20.0208333333333,2
"background",15.3958333333333,-5.10416666666666,1
"background",-76.8541666666667,5.60416666666667,1
"background",-159.354166666667,21.9375,1
"background",144.979166666667,-6.02083333333333,1
"background",-73.8541666666667,10.2291666666667,2
"background",-87.8125,13.7708333333333,2
"background",-81.3958333333333,22.6041666666667,1
"background",-90.9375,17.0208333333333,1
"background",-85.1875,14.1875,2
"background",166.4375,-21.7708333333333,2
"background",-74.8958333333333,4.22916666666667,2
"background",24.3541666666667,-2.97916666666666,1
"background",-99.7708333333333,18.9791666666667,2
"background",24.6458333333333,-3.10416666666666,2
"background",-54.3541666666667,-9.4375,2
"background",-74.2291666666667,20.3125,1
"background",-83.9375,11.3541666666667,1
"background",23.2291666666667,-3.14583333333333,1
"background",-82.2708333333333,22.8541666666667,1
"background",18.8541666666667,0.104166666666668,2
"background",-72.2708333333333,7.60416666666667,2
"background",-99.0625,18.6875,2
"background",-90.5208333333333,17.5625,2
"background",-53.8125,4.39583333333334,1
"background",-100.1875,20.5625,2
"background",-100.395833333333,20.9375,1
"background",13.2291666666667,-6.35416666666666,2
"background",-90.0625,16.1041666666667,1
"background",-84.3958333333333,22.3541666666667,2
"background",13.4375,-5.5625,1
"background",-72.3541666666667,-13.8125,2
"background",-86.3541666666667,12.8541666666667,2
"background",-86.8958333333333,12.6875,2
"background",-73.6458333333333,5.47916666666667,2
"background",-76.5208333333333,2.9375,1
"background",-72.3125,-12.8541666666667,2
"background",145.604166666667,-6.22916666666666,1
"background",-74.6041666666667,4.14583333333334,2
"background",-74.0625,10.6875,2
"background",-89.8125,14.5625,1
"background",-75.1875,4.52083333333334,2
"background",-65.9791666666667,10.3541666666667,1
"background",110.6875,-7.3125,1
"background",-99.6875,18.9375,1
"background",-77.7291666666667,-1.89583333333333,1
"background",22.2708333333333,-5.97916666666666,2
"background",-61.1458333333333,9.60416666666667,2
"background",-65.2708333333333,7.60416666666667,2
"background",-73.4375,7.02083333333334,1
"background",-54.8958333333333,-9.97916666666666,2
"background",12.8541666666667,-6.0625,2
"background",-78.3958333333333,-1.02083333333333,1
"background",21.3125,0.4375,1
"background",-100.9375,20.9791666666667,2
"background",-68.7708333333333,10.4375,2
"background",-75.6875,4.1875,2
"background",-76.8958333333333,18.1458333333333,1
"background",-72.1041666666667,-12.7708333333333,1
"background",-77.1875,-10.9375,2
"background",-90.3541666666667,13.9375,1
"background",-61.1041666666667,-2.9375,1
"background",-79.6458333333333,-0.3125,1
"background",-74.3125,10.2291666666667,1
"background",-71.4791666666667,-13.9791666666667,1
"background",18.1041666666667,0.229166666666668,2
"background",-155.895833333333,19.3125,1
"background",-75.1458333333333,6.64583333333334,2
"background",-78.5208333333333,2.39583333333334,2
"background",15.6041666666667,-3.5625,1
"background",-74.6875,4.6875,2
"background",-99.2291666666667,18.8125,1
"background",-52.7708333333333,3.10416666666667,2
"background",-88.0208333333333,13.8125,1
"background",102.020833333333,3.77083333333334,2
"background",-98.3541666666667,19.9375,1
"background",-100.395833333333,20.4375,1
"background",22.6875,-5.6875,2
"background",-77.2291666666667,-8.9375,2
"background",119.9375,-4.35416666666666,1
"background",-75.6875,6.64583333333334,1
"background",-78.5208333333333,21.2708333333333,1
"background",-66.4375,7.97916666666667,2
"background",-52.8125,4.89583333333334,1
"background",-77.9375,-9.8125,1
"background",21.1875,0.229166666666668,1
"background",-77.8541666666667,-9.6875,1
"background",-64.4791666666667,-35.2708333333333,1
"background",-77.3958333333333,-10.1041666666667,2
"background",-73.6041666666667,10.6458333333333,2
"background",144.104166666667,-5.27083333333333,2
"background",-159.479166666667,21.9791666666667,2
"background",-74.1041666666667,5.77083333333334,2
"background",-91.6875,16.4375,1
"background",-73.6041666666667,7.27083333333334,2
"background",14.0208333333333,-5.10416666666666,1
"background",-85.2708333333333,11.6041666666667,2
"background",-99.3541666666667,20.6041666666667,1
"background",-80.2291666666667,-0.395833333333332,1
"background",-73.3541666666667,5.1875,2
"background",-78.2291666666667,2.0625,2
"background",-101.520833333333,20.4375,1
"background",-72.6041666666667,7.77083333333334,2
"background",-90.9791666666667,16.3541666666667,1
"background",122.0625,11.3958333333333,1
"background",-74.1875,20.3125,1
"background",-87.2291666666667,12.6458333333333,1
"background",15.7708333333333,-5.14583333333333,2
"background",-71.3958333333333,17.9791666666667,1
"background",123.020833333333,10.8541666666667,1
"background",-72.7708333333333,6.5625,1
"background",14.6458333333333,-3.9375,2
"background",-54.0208333333333,3.97916666666667,1
"background",-74.3958333333333,6.10416666666667,1
"background",-51.4791666666667,4.3125,2
"background",-75.5625,6.3125,1
"background",-84.8958333333333,13.6458333333333,1
"background",-51.7291666666667,4.4375,1
"background",-66.6875,10.4791666666667,1
"background",21.6875,-6.3125,1
"background",-89.2708333333333,13.5208333333333,1
"background",-70.5208333333333,10.8958333333333,2
"background",-55.9375,-10.3541666666667,2
"background",-88.5625,13.3125,1
"background",144.895833333333,-5.22916666666666,2
"background",-85.5625,13.9375,1
"background",23.1041666666667,-5.52083333333333,1
"background",144.6875,-6.14583333333333,1
"background",107.4375,-6.27083333333333,2
"background",119.5625,-4.97916666666666,1
"background",-71.4375,-14.0208333333333,2
"background",107.4375,-7.27083333333333,2
"background",-55.6458333333333,-10.1458333333333,1
"background",18.8958333333333,-0.0625,2
"background",123.979166666667,10.3125,1
"background",-87.4791666666667,15.3541666666667,1
"background",-101.104166666667,21.3958333333333,1
"background",-73.8958333333333,10.4375,1
"background",24.1875,-4.3125,1
"background",17.8958333333333,0.5625,1
"background",-74.5208333333333,6.3125,1
"background",23.9375,-4.02083333333333,1
"background",13.5208333333333,-4.8125,1
"background",-78.0625,-9.39583333333333,1
"background",23.1041666666667,-3.85416666666666,1
"background",-64.4375,-34.4791666666667,1
"background",-75.5625,5.02083333333334,2
"background",-82.1875,8.64583333333333,1
"background",21.3541666666667,0.645833333333336,2
"background",123.1875,10.8958333333333,1
"background",-75.6875,20.6041666666667,1
"background",-87.3958333333333,14.5625,2
"background",20.6458333333333,0.729166666666668,2
"background",-97.6458333333333,19.3125,2
"background",-54.8125,-10.1041666666667,1
"background",-97.9791666666667,19.0208333333333,1
"background",22.0208333333333,-5.0625,2
"background",-52.1458333333333,4.4375,2
"background",21.4375,0.3125,1
"background",-77.7291666666667,-9.14583333333333,2
"background",24.3125,-3.89583333333333,1
"background",119.979166666667,-4.35416666666666,1
"background",-77.2291666666667,2.97916666666667,1
"background",-77.8125,-9.72916666666666,2
"background",119.729166666667,-4.6875,2
"background",-77.9375,-9.27083333333333,1
"background",-77.8125,-1.64583333333333,1
"background",-65.1875,-35.5625,1
"background",-86.5208333333333,12.8958333333333,2
"background",145.270833333333,-6.14583333333333,2
"background",-54.5625,-10.4375,2
"background",-77.0208333333333,2.89583333333334,2
"background",-54.4791666666667,-10.3541666666667,2
"background",144.354166666667,-6.5625,2
"background",-79.7708333333333,-0.270833333333332,1
"background",-71.6458333333333,18.8125,2
"background",-72.1875,7.0625,2
"background",-71.2291666666667,-13.2708333333333,2
"background",-91.5625,17.3125,1
"background",-60.5208333333333,-2.1875,1
"background",12.5208333333333,-6.52083333333333,2
"background",-86.8125,13.7291666666667,1
"background",-67.1458333333333,7.89583333333334,1
"background",-72.3125,-12.6875,2
"background",-71.8958333333333,-13.5625,1
"background",20.5208333333333,-0.0625,2
"background",-74.5208333333333,4.1875,2
"background",-98.3958333333333,18.4375,1
"background",-86.6041666666667,13.0625,1
"background",-72.0625,-14.1458333333333,2
"background",-65.4791666666667,-35.3541666666667,2
"background",-155.645833333333,19.5625,1
"background",111.229166666667,-7.10416666666666,1
"background",-73.8958333333333,10.2708333333333,1
"background",-84.3125,9.9375,2
"background",-55.5625,-10.7291666666667,1
"background",144.354166666667,-5.47916666666666,1
"background",-73.8958333333333,5.27083333333334,1
"background",-61.5208333333333,-3.02083333333333,1
"background",109.5625,-6.85416666666666,2
"background",-90.9791666666667,17.6875,1
"background",-78.4791666666667,-8.85416666666666,2
"background",-90.7708333333333,16.5625,1
"background",-90.4791666666667,17.4791666666667,2
"background",-77.6875,-0.145833333333332,2
"background",-81.8125,22.1875,1
"background",-98.5208333333333,19.0208333333333,2
"background",-77.6875,21.0208333333333,2
"background",122.354166666667,11.4791666666667,2
"background",-66.4375,7.39583333333334,1
"background",145.0625,-17.3125,1
"background",-85.0625,10.1875,2
"background",-66.7708333333333,18.4791666666667,2
"background",143.395833333333,-5.72916666666666,2
"background",-99.0625,19.5625,2
"background",-65.6458333333333,-35.6458333333333,1
"background",109.145833333333,-7.35416666666666,1
"background",146.020833333333,-17.9375,1
"background",-76.0625,2.1875,2
"background",-65.9791666666667,10.1458333333333,2
"background",119.979166666667,-4.6875,1
"background",-75.5208333333333,7.0625,2
"background",-100.645833333333,19.0625,1
"background",-75.1041666666667,20.5625,1
"background",-155.604166666667,19.3958333333333,1
"background",22.1875,-6.47916666666666,1
"background",-81.9375,22.7291666666667,1
"background",144.770833333333,13.3125,1
"background",14.1875,-5.47916666666666,1
"background",107.3125,-6.47916666666666,2
"background",23.1041666666667,-3.52083333333333,1
"background",-78.3125,-1.72916666666666,2
"background",-87.8958333333333,15.8125,1
"background",166.4375,-21.6875,1
"background",12.8125,-6.5625,1
"background",-75.3125,3.85416666666667,1
"background",-97.2291666666667,19.4791666666667,1
"background",-60.8541666666667,-1.9375,2
"background",-77.5625,18.1041666666667,1
"background",-66.1458333333333,7.02083333333334,1
"background",-77.3541666666667,2.6875,2
"background",-54.8541666666667,-10.9791666666667,2
"background",-64.2291666666667,-34.8541666666667,1
"background",146.104166666667,-6.14583333333333,2
"background",24.2291666666667,-2.60416666666666,1
"background",144.6875,-6.0625,2
"background",-86.7291666666667,12.2708333333333,1
"background",23.2708333333333,-3.6875,1
"background",-73.6041666666667,6.02083333333334,1
"background",144.1875,-5.97916666666666,1
"background",-84.8541666666667,10.9375,1
"background",-53.3541666666667,3.77083333333334,1
"background",-69.3958333333333,10.4791666666667,1
"background",-76.7291666666667,4.6875,2
"background",-72.6875,7.0625,2
"background",-76.9375,-1.6875,2
"background",-98.3125,19.2291666666667,1
"background",110.3125,-7.1875,1
"background",-91.3958333333333,16.2291666666667,2
"background",-73.7291666666667,5.60416666666667,1
"background",-61.5625,10.7291666666667,2
"background",-60.6041666666667,-2.0625,2
"background",-66.4375,8.3125,2
"background",-99.0208333333333,20.8125,1
"background",111.020833333333,-7.35416666666666,2
"background",-71.7708333333333,-14.3541666666667,2
"background",-85.4791666666667,12.8125,2
"background",17.4375,-0.1875,1
"background",-72.3541666666667,6.47916666666667,1
"background",-77.4375,-9.60416666666666,1
"background",-75.2291666666667,6.0625,2
"background",164.520833333333,-20.6875,2
"background",-78.1041666666667,-8.97916666666666,1
"background",-77.7708333333333,20.6875,1
"background",-90.8541666666667,17.0208333333333,2
"background",-60.6458333333333,-2.85416666666666,2
"background",-86.9375,15.1041666666667,2
"background",-60.7291666666667,-2.02083333333333,1
"background",23.0625,-5.10416666666666,1
"background",12.7708333333333,-6.60416666666666,2
"background",-77.6041666666667,-8.85416666666666,2
"background",14.8125,-4.47916666666666,2
"background",101.229166666667,4.0625,1
"background",-85.4375,10.8541666666667,1
"background",-87.8958333333333,14.2708333333333,1
"background",-61.4791666666667,-1.9375,1
"background",-86.3958333333333,12.4791666666667,1
"background",-97.4375,18.3541666666667,1
"background",-73.6875,10.3125,1
"background",-78.1041666666667,2.02083333333334,1
"background",-75.6875,6.77083333333334,1
"background",-74.6041666666667,5.5625,1
"background",-72.6041666666667,6.1875,1
"background",20.8541666666667,0.6875,1
"background",144.270833333333,-4.9375,2
"background",-97.6041666666667,19.9791666666667,2
"background",122.895833333333,9.97916666666667,2
"background",-78.2708333333333,20.8125,2
"background",-89.1875,14.6458333333333,1
"background",-86.8541666666667,13.5625,2
"background",-77.5208333333333,20.9375,1
"background",-82.2291666666667,8.5625,2
"background",-89.2291666666667,14.2708333333333,1
"background",-65.9375,8.52083333333333,1
"background",102.5625,2.97916666666667,2
"background",-64.7708333333333,-34.3125,1
"background",-75.4791666666667,4.6875,1
"background",-76.6875,-11.1458333333333,2
"background",-87.9791666666667,15.8125,2
"background",-74.4375,4.9375,2
"background",-75.8958333333333,2.8125,1
"background",-81.3541666666667,22.2708333333333,1
"background",13.3125,-4.8125,2
"background",-76.8125,1.60416666666667,2
"background",123.9375,9.89583333333333,2
"background",-77.1041666666667,1.60416666666667,2
"background",22.9375,-2.89583333333333,1
"background",145.479166666667,-5.97916666666666,2
"background",-87.8541666666667,13.4791666666667,1
"background",-84.7708333333333,13.8125,2
"background",-90.8125,16.1875,1
"background",-86.4791666666667,13.3958333333333,1
"background",-69.6875,11.5625,2
"background",-84.7708333333333,10.0625,1
"background",-77.7291666666667,18.0208333333333,2
"background",-86.5208333333333,12.5208333333333,2
"background",-97.6458333333333,19.7708333333333,2
"background",109.1875,-6.97916666666666,1
"background",-71.3958333333333,-12.8125,2
"background",-72.4791666666667,7.39583333333334,1
"background",-61.1458333333333,10.4791666666667,2
"background",-61.4791666666667,10.4791666666667,2
"background",123.0625,11.5208333333333,1
"background",-97.5625,19.2708333333333,1
"background",-71.0625,-13.9375,2
"background",-99.8958333333333,21.2708333333333,1
"background",-76.3958333333333,2.8125,1
"background",-85.2291666666667,13.5625,2
"background",21.6458333333333,-0.479166666666664,2
"background",-98.4375,20.3125,2
"background",-72.6458333333333,6.8125,2
"background",-101.6875,21.0208333333333,2
"background",-55.1875,-9.89583333333333,1
"background",-71.5625,-13.6458333333333,2
"background",-75.8125,6.77083333333334,2
"background",-91.1875,-0.354166666666664,1
"background",-100.270833333333,18.9791666666667,2
"background",-79.5208333333333,-0.770833333333332,2
"background",-90.3541666666667,-1.3125,2
"background",-75.7708333333333,3.6875,1
"background",119.645833333333,-5.64583333333333,2
"background",18.3958333333333,1.0625,1
"background",-77.0625,2.14583333333334,1
"background",108.270833333333,-6.97916666666666,2
"background",-59.9791666666667,-2.64583333333333,1
"background",143.645833333333,-5.47916666666666,2
"background",-65.9375,7.89583333333334,1
"background",-75.7291666666667,3.97916666666667,1
"background",15.1875,-4.52083333333333,2
"background",146.0625,-6.27083333333333,1
"background",-72.7708333333333,7.9375,2
"background",106.770833333333,-7.1875,1
"background",14.3958333333333,-5.97916666666666,1
"background",145.5625,-6.14583333333333,1
"background",-98.9791666666667,19.0208333333333,1
"background",105.604166666667,-6.77083333333333,2
"background",-74.2708333333333,6.0625,1
"background",-54.2291666666667,-9.5625,1
"background",-100.604166666667,19.5625,1
"background",-77.7291666666667,2.27083333333334,1
"background",14.1875,-6.0625,2
"background",-77.3125,21.6875,1
"background",14.4375,-5.52083333333333,1
"background",24.5208333333333,-3.52083333333333,2
"background",164.729166666667,-21.1041666666667,1
"background",123.5625,10.2291666666667,1
"background",-91.1458333333333,-0.479166666666664,1
"background",143.354166666667,-5.8125,1
"background",144.479166666667,-6.5625,1
"background",-74.2708333333333,4.02083333333334,1
"background",-156.145833333333,20.8125,2
"background",-85.5625,13.6041666666667,1
"background",-72.1041666666667,-13.2291666666667,2
"background",-52.6875,4.39583333333334,2
"background",-78.3958333333333,20.9375,1
"background",107.729166666667,-6.47916666666666,1
"background",-83.6458333333333,9.77083333333333,2
"background",-53.4375,3.6875,1
"background",-72.5208333333333,4.3125,1
"background",-71.6875,-12.6875,1
"background",120.1875,-4.64583333333333,1
"background",-86.5625,15.2291666666667,2
"background",119.979166666667,-4.77083333333333,2
"background",-64.1041666666667,-35.5208333333333,2
"background",15.3541666666667,-4.89583333333333,2
"background",145.270833333333,-4.72916666666666,1
"background",102.104166666667,2.64583333333334,1
"background",-97.7291666666667,18.6458333333333,1
"background",101.9375,2.8125,1
"background",-66.6041666666667,10.1875,1
"background",-87.0625,13.7708333333333,1
"background",-76.3541666666667,5.0625,2
"background",-55.1458333333333,-10.3958333333333,2
"background",145.895833333333,-17.9791666666667,1
"background",-71.1041666666667,-14.0208333333333,2
"background",-97.7708333333333,19.8541666666667,1
"background",-88.2291666666667,15.2291666666667,2
"background",144.729166666667,-5.77083333333333,1
"background",-77.3541666666667,18.1875,2
"background",145.1875,-5.39583333333333,2
"background",-54.6875,-10.1041666666667,2
"background",-76.0625,1.85416666666667,2
"background",-90.2291666666667,13.8958333333333,2
"background",-99.9791666666667,20.0208333333333,1
"background",19.0625,-0.645833333333332,1
"background",-83.4791666666667,9.22916666666667,1
"background",-76.9375,5.97916666666667,2
"background",-54.8958333333333,-10.1041666666667,2
"background",-88.9375,14.6875,1
"background",-78.4375,-1.47916666666666,1
"background",-98.6875,20.6875,2
"background",-75.5208333333333,5.64583333333334,1
"background",-89.4791666666667,14.1875,1
"background",-77.8958333333333,2.14583333333334,1
"background",-78.1875,18.3125,1
"background",-156.9375,20.7708333333333,2
"background",107.6875,-6.77083333333333,1
"background",-71.6875,-12.5625,1
"background",-72.1458333333333,6.9375,2
"background",-97.8541666666667,18.2291666666667,2
"background",-79.1875,-0.395833333333332,1
"background",17.4375,-0.145833333333332,2
"background",22.8541666666667,-5.6875,2
"background",144.5625,-4.97916666666666,1
"background",24.6458333333333,-3.27083333333333,2
"background",-55.6875,-10.1875,1
"background",-99.8541666666667,19.7708333333333,1
"background",-98.6041666666667,19.6875,1
"background",-60.4791666666667,-2.0625,2
"background",-88.6458333333333,14.5208333333333,1
"background",-71.8541666666667,18.8125,1
"background",-72.1458333333333,-14.3958333333333,2
"background",-76.3125,5.47916666666667,2
"background",-76.0625,2.10416666666667,1
"background",-61.5208333333333,10.6458333333333,1
"background",15.8541666666667,-3.85416666666666,2
"background",22.1875,-6.27083333333333,1
"background",23.3125,-2.77083333333333,2
"background",23.2291666666667,-5.3125,1
"background",-85.8125,13.0625,1
"background",-76.5208333333333,5.9375,1
"background",102.104166666667,3.1875,2
"background",-79.3541666666667,-0.4375,2
"background",-155.395833333333,19.5208333333333,2
"background",-60.7291666666667,11.2708333333333,1
"background",-71.9791666666667,18.8958333333333,1
"background",-77.7291666666667,-8.89583333333333,1
"background",-86.8541666666667,12.4375,1
"background",21.5625,-5.52083333333333,2
"background",166.3125,-22.0208333333333,1
"background",-54.7291666666667,-9.10416666666666,2
"background",110.8125,-7.8125,2
"background",-83.4375,8.60416666666667,2
"background",13.6458333333333,-6.5625,1
"background",-75.0625,5.97916666666667,1
"background",-53.3958333333333,2.72916666666667,2
"background",-72.3125,18.5208333333333,1
"background",14.7708333333333,-4.9375,2
"background",119.4375,-5.27083333333333,2
"background",16.1458333333333,-4.8125,2
"background",18.2291666666667,-0.145833333333332,1
"background",-71.1875,18.6875,2
"background",-74.7708333333333,20.1041666666667,2
"background",-70.0208333333333,10.3958333333333,2
"background",-86.2708333333333,12.0625,1
"background",144.979166666667,-5.52083333333333,1
"background",-60.1041666666667,-2.6875,2
"background",145.104166666667,-5.1875,1
"background",102.104166666667,2.6875,2
"background",-77.6875,-10.6458333333333,2
"background",-61.4375,-3.35416666666666,2
"background",24.0625,-2.89583333333333,2
"background",-71.1041666666667,-13.6041666666667,1
"background",-72.6041666666667,-14.2291666666667,2
"background",-86.6875,12.8125,1
"background",-84.3125,9.89583333333333,1
"background",-74.6041666666667,5.27083333333334,2
"background",-81.9375,22.8958333333333,1
"background",-60.3125,-1.85416666666666,2
"background",23.6041666666667,-3.39583333333333,1
"background",22.8125,-3.60416666666666,2
"background",-78.1458333333333,-1.39583333333333,2
"background",-77.8125,21.2291666666667,1
"background",-65.6041666666667,8.8125,2
"background",-89.2708333333333,14.6875,1
"background",120.229166666667,-4.6875,2
"background",-86.0208333333333,12.8125,1
"background",-100.395833333333,21.3541666666667,2
"background",-74.6875,10.8541666666667,2
"background",21.6875,-0.8125,1
"background",-55.6041666666667,-10.0625,2
"background",-77.8541666666667,-0.604166666666664,2
"background",-77.3541666666667,-0.5625,1
"background",109.020833333333,-7.60416666666666,1
"background",-76.7291666666667,2.10416666666667,1
"background",146.3125,-6.0625,1
"background",-88.1041666666667,13.8541666666667,1
"background",22.9375,-5.89583333333333,1
"background",-76.4375,3.1875,1
"background",106.854166666667,-7.0625,2
"background",-68.6458333333333,10.6875,1
"background",-100.4375,20.1458333333333,2
"background",-65.1458333333333,-34.5625,2
"background",-54.5625,-9.89583333333333,1
"background",-99.7291666666667,20.3125,1
"background",-90.1875,17.2291666666667,2
"background",-72.5625,-14.1875,1
"background",-100.270833333333,21.3958333333333,1
"background",-54.1041666666667,3.85416666666667,1
"background",-64.7708333333333,-34.9791666666667,1
"background",-81.8541666666667,22.3541666666667,2
"background",-77.4375,3.02083333333334,1
"background",20.3125,0.0208333333333357,2
"background",-77.5208333333333,2.9375,1
"background",-65.5625,8.0625,2
"background",167.3125,-20.7291666666667,1
"background",-82.1458333333333,22.8958333333333,1
"background",-66.0625,10.1041666666667,1
"background",17.8958333333333,-0.395833333333332,2
"background",119.645833333333,-3.8125,2
"background",123.270833333333,10.6458333333333,1
"background",-84.7291666666667,11.4791666666667,1
"background",22.9791666666667,-3.47916666666666,2
"background",-85.8958333333333,11.8541666666667,2
"background",107.0625,-7.35416666666666,2
"background",-61.6458333333333,-3.22916666666666,2
"background",-73.7291666666667,10.2708333333333,1
"background",-78.1458333333333,-1.22916666666666,2
"background",-77.3541666666667,18.0625,2
"background",-65.6458333333333,-34.6458333333333,1
"background",-88.6041666666667,13.4791666666667,2
"background",-75.0208333333333,5.47916666666667,1
"background",-72.6458333333333,-12.8541666666667,2
"background",-84.2291666666667,10.6458333333333,1
"background",-66.0208333333333,8.72916666666667,2
"background",-77.1458333333333,1.72916666666667,1
"background",-91.1458333333333,16.1875,1
"background",22.3958333333333,-6.85416666666666,2
"background",-84.9375,10.8541666666667,1
"background",101.979166666667,3.9375,1
"background",-82.9791666666667,21.7708333333333,2
"background",-88.2708333333333,15.6041666666667,2
"background",146.395833333333,-5.89583333333333,2
"background",23.1875,-5.4375,1
"background",-88.1041666666667,13.9791666666667,2
"background",-84.1041666666667,11.1041666666667,2
"background",124.020833333333,10.6875,1
"background",-66.2708333333333,7.52083333333334,1
"background",101.5625,3.02083333333334,1
"background",-64.8541666666667,-34.3541666666667,1
"background",-73.7708333333333,6.52083333333334,1
"background",-61.9375,-2.77083333333333,1
"background",-84.8958333333333,10.0208333333333,2
"background",-63.9791666666667,-34.9375,1
"background",-53.1041666666667,4.4375,2
"background",106.895833333333,-7.35416666666666,2
"background",-77.0208333333333,-10.8541666666667,1
"background",145.4375,-17.1875,1
"background",145.6875,-17.8958333333333,2
"background",122.479166666667,11.4375,1
"background",-70.9791666666667,18.3125,2
"background",20.9791666666667,-0.354166666666664,1
"background",-71.5208333333333,18.4375,1
"background",-75.5208333333333,4.3125,1
"background",13.3125,-5.10416666666666,2
"background",-54.5625,-9.85416666666666,1
"background",120.145833333333,-5.22916666666666,1
"background",-74.8958333333333,5.6875,2
"background",-52.7291666666667,4.0625,2
"background",-74.4791666666667,3.47916666666667,2
"background",-155.0625,19.6875,2
"background",-72.0208333333333,18.2708333333333,1
"background",-85.8958333333333,12.2291666666667,2
"background",-77.5625,20.9791666666667,1
"background",-89.3125,13.8958333333333,1
"background",-83.7708333333333,10.1041666666667,2
"background",-76.2708333333333,3.10416666666667,2
"background",-86.7708333333333,15.7291666666667,1
"background",-75.0625,4.6875,2
"background",23.0208333333333,-2.89583333333333,2
"background",-69.7291666666667,11.4375,1
"background",-74.3125,4.6875,1
"background",-81.3125,22.6875,1
"background",-90.3958333333333,16.8958333333333,2
"background",-88.5625,14.3958333333333,2
"background",-79.1041666666667,-0.0208333333333321,2
"background",22.0625,-6.52083333333333,2
"background",-78.3541666666667,-0.895833333333332,1
"background",-67.4375,9.85416666666667,1
"background",-91.1458333333333,16.6458333333333,2
"background",145.020833333333,-5.3125,1
"background",-78.6458333333333,-0.979166666666664,1
"background",-74.5208333333333,7.22916666666667,2
"background",-85.7708333333333,11.4375,2
"background",-81.2708333333333,22.5625,1
"background",-72.1458333333333,-12.8125,1
"background",-99.9791666666667,20.2291666666667,1
"background",14.2291666666667,-5.64583333333333,1
"background",-159.645833333333,21.9375,2
"background",-76.4375,-11.4791666666667,1
"background",-74.6875,4.47916666666667,1
"background",-74.7708333333333,4.3125,2
"background",-82.5625,9.27083333333333,1
"background",111.4375,-7.47916666666666,2
"background",-89.5625,13.6041666666667,1
"background",102.020833333333,3.60416666666667,2
"background",-83.7291666666667,8.64583333333333,1
"background",110.3125,-7.9375,2
"background",-91.1875,16.1875,2
"background",-71.8541666666667,-13.3125,2
"background",-76.8958333333333,-10.8958333333333,1
"background",-99.9791666666667,18.5208333333333,1
"background",-101.479166666667,21.2291666666667,1
"background",-99.1875,19.0625,2
"background",-78.1458333333333,2.27083333333334,2
"background",108.354166666667,-6.60416666666666,1
"background",-74.3958333333333,20.1458333333333,1
"background",-78.1875,-0.979166666666664,2
"background",-85.5208333333333,14.3125,1
"background",-75.8541666666667,20.3958333333333,2
"background",14.3125,-5.60416666666666,2
"background",-91.0625,16.4791666666667,1
"background",-78.3125,-0.145833333333332,1
"background",-89.9375,14.2708333333333,2
"background",23.1875,-3.47916666666666,1
"background",-75.4791666666667,4.85416666666667,1
"background",-85.0208333333333,13.7708333333333,1
"background",-75.8125,5.72916666666667,1
"background",-76.5208333333333,2.52083333333334,2
"background",23.1041666666667,-5.1875,1
"background",-79.6458333333333,0.8125,2
"background",-73.8958333333333,10.8958333333333,2
"background",-87.8541666666667,15.2708333333333,1
"background",-85.6041666666667,11.1875,1
"background",-71.4791666666667,18.7708333333333,2
"background",-82.2291666666667,22.6875,2
"background",-91.0208333333333,-0.979166666666664,2
"background",-67.7291666666667,10.0625,2
"background",15.1875,-4.39583333333333,2
"background",24.6458333333333,-3.77083333333333,2
"background",-82.8958333333333,9.8125,1
"background",-77.9791666666667,18.2708333333333,2
"background",23.4375,-3.02083333333333,1
"background",-61.3125,-2.27083333333333,1
"background",101.895833333333,3.22916666666667,1
"background",-98.8958333333333,19.5625,2
"background",-65.8958333333333,-35.3125,2
"background",-75.4791666666667,3.60416666666667,2
"background",143.520833333333,-5.35416666666666,2
"background",-87.8958333333333,14.1041666666667,1
"background",-52.4791666666667,4.8125,2
"background",119.604166666667,-5.64583333333333,2
"background",-82.2708333333333,8.72916666666667,1
"background",-76.9375,4.97916666666667,2
"background",-66.0208333333333,8.8125,1
"background",15.3541666666667,-4.3125,1
"background",-66.3125,17.9375,2
"background",-88.9791666666667,15.1458333333333,2
"background",-75.2291666666667,5.6875,2
"background",105.8125,-6.72916666666666,1
"background",122.6875,10.4375,2
"background",-101.229166666667,20.2291666666667,2
"background",-76.0208333333333,-12.3958333333333,1
"background",-77.3958333333333,-10.9791666666667,2
"background",-61.7708333333333,-2.9375,1
"background",143.645833333333,-6.52083333333333,1
"background",20.0208333333333,-0.354166666666664,2
"background",-76.0208333333333,2.27083333333334,1
"background",22.7291666666667,-5.97916666666666,1
"background",-97.8541666666667,18.0208333333333,2
"background",-52.5625,4.9375,1
"background",16.0625,-4.35416666666666,2
"background",-75.2708333333333,5.4375,2
"background",-156.8125,21.0625,1
"background",-78.6458333333333,2.14583333333334,2
"background",-78.5625,-1.27083333333333,2
"background",-91.2708333333333,15.7708333333333,2
"background",-71.8958333333333,-12.8125,2
"background",-157.229166666667,21.1875,2
"background",-76.4375,5.85416666666667,1
"background",14.6041666666667,-3.72916666666666,1
"background",143.270833333333,-5.8125,2
"background",-66.1458333333333,8.52083333333333,1
"background",-77.8125,-10.6458333333333,1
"background",-87.3125,12.8125,2
"background",20.0208333333333,-0.479166666666664,1
"background",-60.0208333333333,-2.27083333333333,2
"background",-100.854166666667,20.5625,2
"background",-54.3125,-9.52083333333333,2
"background",-61.2291666666667,-3.22916666666666,1
"background",-83.4375,9.02083333333333,1
"background",-68.7708333333333,10.3541666666667,1
"background",105.229166666667,-6.8125,1
"background",-82.2708333333333,8.6875,1
"background",-84.9375,10.1875,1
"background",23.4375,-2.4375,2
"background",-54.6041666666667,-10.2291666666667,2
"background",109.4375,-7.47916666666666,2
"background",-78.3125,18.3125,2
"background",-65.8958333333333,8.0625,2
"background",144.229166666667,-6.60416666666666,1
"background",-71.0625,19.0208333333333,2
"background",-77.2708333333333,-0.645833333333332,1
"background",-155.645833333333,19.3125,2
"background",-90.3958333333333,16.1875,2
"background",-88.3125,15.2291666666667,1
"background",-78.3958333333333,-9.14583333333333,2
"background",-64.8125,-35.4375,1
"background",-77.1041666666667,-11.5208333333333,2
"background",14.8958333333333,-3.9375,1
"background",-83.7291666666667,9.1875,2
"background",-77.0208333333333,1.77083333333334,1
"background",22.5625,-6.60416666666666,1
"background",-78.1458333333333,21.6458333333333,2
"background",-71.9375,-13.4791666666667,1
"background",165.4375,-21.2291666666667,1
"background",-52.4375,4.4375,2
"background",-66.1458333333333,10.0625,1
"background",-91.1875,16.7708333333333,1
"background",-66.3541666666667,18.2291666666667,2
"background",-88.3541666666667,15.6458333333333,1
"background",-72.4375,-13.2291666666667,2
"background",145.604166666667,-16.7708333333333,2
"background",-77.5625,-8.52083333333333,1
"background",-155.5625,19.2291666666667,2
"background",-76.0208333333333,1.97916666666667,1
"background",144.020833333333,-5.22916666666666,2
"background",145.770833333333,-17.4791666666667,2
"background",-77.1041666666667,-11.1041666666667,1
"background",12.8958333333333,-6.39583333333333,2
"background",-99.5208333333333,18.9791666666667,1
"background",-54.3958333333333,-10.0625,1
"background",-90.4375,14.4375,2
"background",18.5625,-0.729166666666664,2
"background",-61.4375,10.4791666666667,2
"background",106.479166666667,-6.14583333333333,2
"background",145.645833333333,-5.8125,2
"background",-68.8125,10.6041666666667,2
"background",-99.4375,19.1041666666667,2
"background",-82.2708333333333,8.97916666666667,2
"background",108.9375,-7.60416666666666,2
"background",-85.5625,13.1875,2
"background",-77.5625,-0.0625,1
"background",-73.5625,10.9791666666667,1
"background",-97.8541666666667,18.5625,2
"background",-66.6458333333333,18.0625,1
"background",-67.4375,9.9375,2
"background",-86.9375,13.1041666666667,2
"background",122.270833333333,11.7291666666667,2
"background",-78.1458333333333,-10.1875,2
"background",145.8125,-5.14583333333333,2
"background",13.1041666666667,-5.47916666666666,2
"background",-83.3958333333333,9.60416666666667,1
"background",-99.1458333333333,18.6458333333333,2
"background",109.0625,-7.27083333333333,1
"background",120.1875,-4.0625,2
"background",-90.9791666666667,16.7291666666667,1
"background",-74.7291666666667,5.8125,1
"background",-61.0625,-2.5625,1
"background",22.0625,-5.77083333333333,1
"background",-85.1458333333333,11.5208333333333,1
"background",24.3958333333333,-4.10416666666666,1
"background",-90.4791666666667,14.1458333333333,2
"background",-68.6041666666667,11.0208333333333,1
"background",146.270833333333,-18.1458333333333,2
"background",-67.2291666666667,9.85416666666667,2
"background",-53.1041666666667,4.3125,2
"background",-71.3958333333333,-13.6041666666667,2
"background",102.4375,2.6875,2
"background",-78.5208333333333,-0.854166666666664,1
"background",111.4375,-8.10416666666666,2
"background",-77.1875,-1.5625,1
"background",-51.4791666666667,4.35416666666667,1
"background",-77.1041666666667,-0.979166666666664,1
"background",22.5625,-6.52083333333333,2
"background",-87.6458333333333,13.4791666666667,2
"background",-77.0208333333333,-0.479166666666664,2
"background",-65.2291666666667,7.77083333333334,1
"background",-84.7708333333333,12.8541666666667,1
"background",144.770833333333,13.4791666666667,1
"background",-72.8125,6.97916666666667,2
"background",-91.4791666666667,16.3958333333333,1
"background",-85.4791666666667,10.9375,2
"background",-89.1041666666667,13.5625,1
"background",-73.4791666666667,10.4375,2
"background",-75.7708333333333,20.1875,1
"background",-85.3958333333333,11.1875,2
"background",-65.9375,8.85416666666667,1
"background",-61.7291666666667,12.1458333333333,1
"background",-72.6041666666667,5.35416666666667,1
"background",110.604166666667,-7.22916666666666,1
"background",21.0208333333333,-0.4375,1
"background",-155.520833333333,19.1458333333333,1
"background",-72.0208333333333,18.9375,1
"background",-55.2708333333333,-10.7291666666667,2
"background",119.6875,-5.35416666666666,2
"background",-77.5208333333333,2.22916666666667,2
"background",-62.6458333333333,17.2291666666667,1
"background",-84.8125,14.0625,1
"background",145.395833333333,-6.27083333333333,1
"background",-66.8125,9.64583333333333,2
"background",-75.6875,5.22916666666667,2
"background",15.8541666666667,-3.5625,2
"background",-72.9791666666667,7.9375,2
"background",-86.9375,13.8541666666667,1
"background",-77.1041666666667,-10.3541666666667,2
"background",-83.7291666666667,10.1875,2
"background",-77.0625,-1.1875,1
"background",164.854166666667,-21.1875,2
"background",145.354166666667,-5.27083333333333,1
"background",-70.8958333333333,18.5208333333333,2
"background",123.8125,10.7291666666667,2
"background",-53.5625,4.22916666666667,2
"background",-61.5208333333333,16.3125,1
"background",-90.1458333333333,16.1041666666667,2
"background",-61.8958333333333,-2.85416666666666,1
"background",144.979166666667,-5.97916666666666,2
"background",-75.3541666666667,20.5208333333333,2
"background",-74.3958333333333,4.22916666666667,2
"background",-67.3541666666667,10.0625,2
"background",-74.1458333333333,4.77083333333334,2
"background",-86.8958333333333,14.4375,1
"background",-55.4791666666667,-9.8125,1
"background",-76.3958333333333,3.85416666666667,2
"background",-83.4375,22.6875,1
"background",-77.3958333333333,3.02083333333334,2
"background",-79.7291666666667,-0.395833333333332,1
"background",-72.8125,-13.8125,1
"background",119.979166666667,-5.02083333333333,1
"background",-82.6041666666667,22.9791666666667,2
"background",-66.1041666666667,18.1041666666667,2
"background",-74.4375,3.77083333333334,2
"background",165.0625,-21.0625,2
"background",-86.2291666666667,11.7291666666667,2
"background",-73.8125,5.3125,2
"background",-55.5625,-9.35416666666666,1
"background",109.520833333333,-6.9375,1
"background",-99.3958333333333,20.7708333333333,1
"background",-71.6458333333333,18.3958333333333,1
"background",-73.7291666666667,5.8125,1
"background",-91.5625,16.1458333333333,1
"background",-85.3125,9.85416666666667,1
"background",-74.6458333333333,5.47916666666667,2
"background",15.0208333333333,-4.4375,1
"background",-76.7708333333333,-0.895833333333332,2
"background",144.5625,-5.4375,1
"background",144.895833333333,-6.0625,2
"background",-72.1041666666667,6.89583333333334,1
"background",-71.9375,18.3125,2
"background",-67.3125,10.0625,1
"background",-98.5208333333333,20.4375,1
"background",-75.3958333333333,4.85416666666667,2
"background",-101.520833333333,20.3541666666667,2
"background",110.145833333333,-7.14583333333333,2
"background",-74.8958333333333,5.35416666666667,2
"background",23.0208333333333,-3.3125,1
"background",-82.6458333333333,9.64583333333333,2
"background",13.3541666666667,-5.4375,1
"background",-78.0625,-9.6875,1
"background",-77.3125,-0.4375,1
"background",101.770833333333,3.4375,1
"background",-97.5208333333333,19.4375,1
"background",-70.0208333333333,11.4375,1
"background",-85.4375,13.1875,1
"background",-60.9791666666667,10.3125,2
"background",102.604166666667,2.77083333333334,1
"background",24.4791666666667,-3.52083333333333,1
"background",-74.2291666666667,6.5625,2
"background",18.1041666666667,-0.4375,2
"background",-70.9791666666667,18.8125,2
"background",-78.1041666666667,21.8541666666667,1
"background",22.7708333333333,-6.5625,1
"background",143.354166666667,-5.1875,2
"background",122.645833333333,10.9375,1
"background",-77.6458333333333,21.1041666666667,2
"background",-87.3958333333333,14.3958333333333,2
"background",-65.8541666666667,-34.9791666666667,2
"background",15.0208333333333,-4.0625,2
"background",-69.3958333333333,11.1458333333333,1
"background",105.895833333333,-6.3125,1
"background",-97.5208333333333,19.2291666666667,2
"background",-74.3125,6.4375,2
"background",-76.6875,-12.5625,1
"background",-72.9791666666667,7.22916666666667,1
"background",15.2291666666667,-3.3125,1
"background",-61.2708333333333,-3.1875,2
"background",-73.8125,11.2708333333333,2
"background",-73.4791666666667,5.85416666666667,1
"background",-61.9375,-2.8125,1
"background",-99.9791666666667,18.5625,1
"background",105.4375,-6.14583333333333,2
"background",-79.3958333333333,-0.604166666666664,2
"background",-84.2291666666667,9.52083333333333,2
"background",-72.8541666666667,7.72916666666667,2
"background",-55.8541666666667,-10.2291666666667,1
"background",-84.3541666666667,21.9375,1
"background",-78.3541666666667,2.02083333333334,2
"background",144.020833333333,-4.97916666666666,1
"background",-53.0625,3.60416666666667,1
"background",14.1458333333333,-5.52083333333333,1
"background",-78.1458333333333,-0.6875,2
"background",-61.2708333333333,-2.35416666666666,2
"background",-76.3541666666667,3.27083333333334,1
"background",-99.8541666666667,19.8125,1
"background",-97.4375,19.4375,2
"background",109.8125,-7.02083333333333,1
"background",-60.4375,-2.4375,1
"background",-70.7708333333333,18.4791666666667,2
"background",-77.1458333333333,-0.1875,2
"background",-76.6458333333333,-12.2291666666667,2
"background",-66.6458333333333,7.8125,2
"background",15.8125,-4.8125,2
"background",-98.7291666666667,20.3541666666667,2
"background",-75.3958333333333,6.47916666666667,1
"background",-88.6041666666667,14.7291666666667,1
"background",-71.2291666666667,-13.9791666666667,2
"background",-83.6041666666667,10.5208333333333,1
"background",-77.0625,21.6041666666667,1
"background",-76.4791666666667,4.97916666666667,2
"background",-72.7291666666667,4.6875,2
"background",-66.7708333333333,8.72916666666667,1
"background",-61.4791666666667,-3.27083333333333,1
"background",-78.3958333333333,22.1875,2
"background",-78.4791666666667,-0.895833333333332,2
"background",-54.6875,-9.77083333333333,2
"background",-99.6458333333333,20.1875,1
"background",-74.1875,6.85416666666667,2
"background",12.2708333333333,-5.22916666666666,1
"background",-54.9791666666667,-10.2291666666667,2
"background",-98.7708333333333,19.6041666666667,2
"background",-54.2291666666667,-9.39583333333333,1
"background",19.2291666666667,0.4375,2
"background",119.645833333333,-4.52083333333333,1
"background",-78.0208333333333,2.39583333333334,2
"background",-99.6875,20.1458333333333,1
"background",-75.8958333333333,2.3125,1
"background",23.1458333333333,-3.1875,1
"background",-75.0208333333333,5.97916666666667,1
"background",-54.1041666666667,3.9375,2
"background",-90.8125,16.2291666666667,1
"background",-52.2291666666667,4.22916666666667,2
"background",-77.4791666666667,-11.3541666666667,2
"background",-86.3125,13.4375,2
"background",-89.9791666666667,16.9791666666667,2
"background",-61.8125,-2.5625,2
"background",-89.3958333333333,-0.895833333333332,1
"background",-77.8958333333333,-0.3125,2
"background",-52.3125,4.22916666666667,1
"background",14.5625,-4.0625,2
"background",24.1041666666667,-4.10416666666666,2
"background",23.0208333333333,-6.1875,2
"background",-65.0625,-35.5625,1
"background",-77.1458333333333,-10.8125,1
"background",-87.9375,14.1458333333333,2
"background",-60.6875,-2.0625,1
"background",-52.1875,4.02083333333334,2
"background",-61.4791666666667,12.4791666666667,2
"background",146.6875,-5.77083333333333,1
"background",18.6458333333333,0.270833333333336,1
"background",-76.9791666666667,21.2708333333333,2
"background",16.1041666666667,-4.89583333333333,1
"background",-72.5625,-14.2708333333333,2
"background",13.6458333333333,-5.6875,1
"background",-100.520833333333,20.4375,1
"background",-77.1458333333333,5.39583333333334,1
"background",-72.3125,18.8541666666667,1
"background",-77.1875,-9.77083333333333,2
"background",-73.7708333333333,5.9375,2
"background",105.854166666667,-6.77083333333333,1
"background",144.104166666667,-5.3125,2
"background",-90.1875,14.0208333333333,2
"background",-53.8541666666667,3.60416666666667,1
"background",-65.0208333333333,-34.3125,2
"background",-91.1458333333333,-0.979166666666664,1
"background",-78.6875,-0.6875,1
"background",23.1458333333333,-2.89583333333333,1
"background",144.520833333333,-6.5625,2
"background",-72.5625,-13.8541666666667,1
"background",-73.8125,6.22916666666667,1
"background",105.979166666667,-6.5625,1
"background",-74.3541666666667,7.0625,2
"background",122.145833333333,10.6041666666667,1
"background",-77.3541666666667,2.85416666666667,2
"background",-73.4375,4.64583333333334,2
"background",-87.1458333333333,13.3125,2
"background",-87.6041666666667,12.8958333333333,1
"background",-88.5208333333333,13.8541666666667,2
"background",-69.1041666666667,10.2708333333333,2
"background",-88.7708333333333,13.6458333333333,2
"background",23.9375,-3.89583333333333,1
"background",-100.520833333333,21.8125,1
"background",-91.1458333333333,-0.520833333333332,2
"background",-73.6875,5.6875,2
"background",143.9375,-5.27083333333333,2
"background",15.7291666666667,-5.02083333333333,2
"background",-76.6875,4.77083333333334,1
"background",-72.6875,4.97916666666667,1
"background",-75.2708333333333,20.6875,1
"background",-91.2291666666667,-0.854166666666664,1
"background",167.854166666667,-21.5625,2
"background",-91.3958333333333,15.9791666666667,1
"background",-87.6875,15.4791666666667,1
"background",21.3958333333333,-0.854166666666664,2
"background",13.8125,-5.3125,2
"background",-74.8541666666667,7.02083333333334,2
"background",106.604166666667,-7.27083333333333,2
"background",-90.9375,15.7291666666667,1
"background",-73.9375,4.47916666666667,2
"background",18.5208333333333,0.604166666666668,2
"background",-73.9375,5.52083333333334,1
"background",-70.4375,10.7291666666667,1
"background",-97.6875,18.3541666666667,2
"background",12.8125,-6.77083333333333,2
"background",-84.3541666666667,9.8125,1
"background",-77.8541666666667,-9.27083333333333,2
"background",-69.3125,10.2708333333333,2
"background",144.229166666667,-5.1875,2
"background",-65.9375,8.14583333333333,2
"background",-85.9791666666667,11.3958333333333,1
"background",-72.1875,18.3958333333333,2
"background",-60.7291666666667,-2.47916666666666,2
"background",-64.7708333333333,-34.0208333333333,2
"background",-101.729166666667,20.5625,2
"background",-90.1041666666667,14.6041666666667,2
"background",-65.5208333333333,8.35416666666667,2
"background",111.104166666667,-7.85416666666666,1
"background",145.354166666667,-18.0208333333333,2
"background",-78.5625,2.47916666666667,1
"background",-76.0208333333333,20.0625,2
"background",-77.5208333333333,-9.85416666666666,1
"background",166.604166666667,-21.9791666666667,2
"background",-87.9791666666667,13.5625,1
"background",-66.4375,8.27083333333333,2
"background",119.895833333333,-4.0625,2
"background",106.645833333333,-6.64583333333333,2
"background",-79.8541666666667,0.520833333333336,2
"background",109.354166666667,-7.64583333333333,1
"background",-72.0208333333333,-12.9791666666667,2
"background",-75.9375,3.60416666666667,2
"background",-76.6875,6.0625,2
"background",18.6041666666667,0.145833333333336,1
"background",109.729166666667,-7.4375,1
"background",-65.3125,7.4375,2
"background",-76.9791666666667,5.3125,2
"background",-77.3958333333333,-1.4375,2
"background",-74.3125,5.9375,2
"background",-155.5625,19.2708333333333,1
"background",145.3125,-16.8541666666667,1
"background",111.145833333333,-8.1875,1
"background",-66.8125,18.2291666666667,1
"background",-77.1458333333333,-1.72916666666666,2
"background",144.770833333333,-5.39583333333333,1
"background",-75.4791666666667,4.3125,2
"background",-85.6041666666667,11.2708333333333,2
"background",-99.0625,18.7708333333333,1
"background",-75.4791666666667,4.39583333333334,1
"background",-85.9375,13.3541666666667,1
"background",20.2291666666667,0.0208333333333357,1
"background",102.270833333333,2.52083333333334,2
"background",-74.7708333333333,10.9375,2
"background",-65.3125,-35.3541666666667,2
"background",-78.1041666666667,20.9791666666667,2
"background",-75.6041666666667,4.27083333333334,2
"background",-65.4375,-35.2291666666667,2
"background",-98.9375,19.3958333333333,1
"background",20.9791666666667,-1.14583333333333,2
"background",-52.4375,4.52083333333334,1
"background",-79.6875,0.895833333333336,2
"background",-64.3541666666667,-35.5208333333333,1
"background",24.7291666666667,-3.6875,2
"background",14.8958333333333,-4.47916666666666,1
"background",-69.9375,10.3125,2
"background",-65.3541666666667,7.8125,1
"background",-85.3125,13.5625,1
"background",122.3125,11.3541666666667,2
"background",-100.104166666667,21.1875,1
"background",23.1041666666667,-2.64583333333333,2
"background",-77.1875,-9.0625,1
"background",18.8125,0.0208333333333357,2
"background",-76.4375,1.89583333333334,1
"background",-52.8541666666667,2.72916666666667,2
"background",-60.4791666666667,-2.47916666666666,1
"background",-89.9791666666667,14.2291666666667,1
"background",-55.1041666666667,-10.7291666666667,2
"background",-65.2291666666667,18.3541666666667,2
"background",-83.6458333333333,21.9791666666667,2
"background",-79.6458333333333,-0.520833333333332,2
"background",-73.4375,3.89583333333334,1
"background",-86.2291666666667,14.3125,1
"background",-78.1875,21.2708333333333,1
"background",-83.4791666666667,10.4791666666667,2
"background",-88.3958333333333,14.3958333333333,2
"background",-156.854166666667,21.1458333333333,1
"background",-76.3958333333333,-12.0208333333333,1
"background",19.1458333333333,-0.0208333333333321,1
"background",-83.5625,9.35416666666667,2
"background",-77.4791666666667,21.8541666666667,1
"background",14.4375,-5.5625,1
"background",-99.4375,19.2708333333333,2
"background",-71.6041666666667,-13.3125,1
"background",15.0208333333333,-4.27083333333333,1
"background",-53.8125,3.8125,2
"background",23.7291666666667,-4.39583333333333,2
"background",-75.0208333333333,7.0625,2
"background",-77.2291666666667,-1.35416666666666,1
"background",-75.0625,3.97916666666667,1
"background",121.145833333333,11.1041666666667,1
"background",-100.645833333333,21.1041666666667,2
"background",20.8541666666667,-1.02083333333333,2
"background",-76.1458333333333,4.0625,1
"background",-83.8125,22.8125,2
"background",-55.1875,-10.1875,1
"background",-65.2708333333333,-34.2291666666667,2
"background",-83.3541666666667,22.3541666666667,2
"background",107.3125,-6.64583333333333,2
"background",-83.1458333333333,22.9375,2
"background",-85.9375,14.1458333333333,2
"background",12.9791666666667,-6.22916666666666,1
"background",-89.6875,15.1041666666667,1
"background",-74.3541666666667,6.52083333333334,2
"background",14.8125,-3.4375,2
"background",120.145833333333,-4.1875,1
"background",145.4375,-5.47916666666666,2
"background",23.2291666666667,-6.27083333333333,1
"background",-85.3125,14.3125,2
"background",109.229166666667,-7.27083333333333,1
"background",-76.8541666666667,-11.3958333333333,1
"background",19.9375,-0.0625,1
"background",18.6458333333333,-0.729166666666664,1
"background",-90.6875,17.4375,1
"background",144.645833333333,-6.0625,1
"background",-86.7291666666667,13.5625,2
"background",145.770833333333,-5.5625,1
"background",17.7291666666667,0.8125,2
"background",-89.2708333333333,13.8958333333333,1
"background",-84.7708333333333,13.1875,1
"background",-80.0208333333333,0.3125,1
"background",146.020833333333,-18.4375,1
"background",144.145833333333,-5.47916666666666,2
"background",-67.4791666666667,9.77083333333333,2
"background",-88.8958333333333,13.3541666666667,2
"background",-66.6041666666667,7.39583333333334,1
"background",-99.9375,19.3958333333333,1
"background",-77.0625,1.72916666666667,2
"background",-99.5208333333333,19.8541666666667,2
"background",22.9375,-5.27083333333333,2
"background",110.1875,-6.97916666666666,1
"background",-99.4791666666667,19.8125,2
"background",23.6458333333333,-4.0625,1
"background",-77.0208333333333,5.60416666666667,1
"background",-85.0625,12.9375,1
"background",-75.1041666666667,4.0625,1
"background",23.5208333333333,-4.0625,2
"background",-69.0625,10.9791666666667,1
"background",-64.9375,-34.7291666666667,2
"background",-76.1041666666667,3.77083333333334,2
"background",-73.8958333333333,7.0625,2
"background",101.229166666667,2.97916666666667,2
"background",-69.3958333333333,10.7708333333333,1
"background",146.229166666667,-5.6875,2
"background",-75.8125,2.39583333333334,1
"background",-67.0625,7.8125,1
"background",21.8541666666667,-6.22916666666666,2
"background",145.4375,-5.6875,1
"background",109.0625,-7.52083333333333,2
"background",-55.5208333333333,-9.52083333333333,1
"background",-85.3125,13.8125,2
"background",-54.8958333333333,-9.5625,1
"background",22.2708333333333,-5.52083333333333,1
"background",13.3541666666667,-4.85416666666666,2
"background",102.604166666667,3.02083333333334,2
"background",-77.1041666666667,-9.0625,2
"background",-55.1875,-9.4375,2
"background",22.7708333333333,-6.4375,2
"background",21.1458333333333,0.270833333333336,1
"background",-71.4791666666667,-14.3958333333333,2
"background",-75.9375,6.14583333333334,2
"background",143.8125,-5.89583333333333,1
"background",-98.8541666666667,19.3541666666667,2
"background",-91.1041666666667,17.1458333333333,2
"background",-77.4791666666667,-1.89583333333333,2
"background",-77.1875,-8.89583333333333,1
"background",-53.1041666666667,3.47916666666667,2
"background",-78.0625,-8.85416666666666,1
"background",-78.3958333333333,-0.979166666666664,2
"background",-73.7708333333333,5.39583333333334,1
"background",-90.0208333333333,16.3958333333333,2
"background",-97.1875,19.2291666666667,2
"background",-90.1875,14.6875,2
"background",-85.0625,13.0625,2
"background",-89.3958333333333,13.5208333333333,2
"background",143.4375,-5.35416666666666,1
"background",-60.2708333333333,-1.9375,1
"background",-77.3541666666667,2.97916666666667,1
"background",-69.6875,10.4375,1
"background",-52.9375,5.35416666666667,1
"background",21.0208333333333,-0.395833333333332,2
"background",13.3125,-5.1875,1
"background",-74.5625,10.8541666666667,2
"background",-68.9791666666667,12.1041666666667,2
"background",-65.6041666666667,-34.3958333333333,2
"background",-69.0625,10.9375,1
"background",-66.8125,7.5625,1
"background",123.979166666667,10.6041666666667,1
"background",-98.1458333333333,17.9791666666667,2
"background",22.9791666666667,-3.6875,1
"background",23.1875,-3.4375,1
"background",12.6458333333333,-5.52083333333333,1
"background",-87.4791666666667,14.5625,1
"background",-90.9375,16.6041666666667,2
"background",-77.6458333333333,2.9375,2
"background",-88.1875,15.3958333333333,2
"background",-54.1458333333333,-10.1041666666667,1
"background",-77.8541666666667,-1.5625,1
"background",165.4375,-21.2708333333333,2
"background",-86.4791666666667,14.3541666666667,1
"background",-79.8541666666667,0.270833333333336,1
"background",122.6875,10.8125,2
"background",-53.2291666666667,3.10416666666667,1
"background",-78.1041666666667,21.6875,1
"background",15.6041666666667,-3.60416666666666,2
"background",-76.1458333333333,-11.7291666666667,2
"background",102.604166666667,3.3125,1
"background",15.0625,-3.5625,2
"background",-85.8541666666667,14.1041666666667,1
"background",-86.0625,12.6041666666667,1
"background",119.979166666667,-5.5625,1
"background",110.479166666667,-8.02083333333333,1
"background",-73.0208333333333,4.64583333333334,1
"background",-76.0208333333333,6.39583333333334,2
"background",-88.0208333333333,15.7291666666667,2
"background",144.895833333333,-6.02083333333333,2
"background",-101.0625,20.5625,2
"background",110.854166666667,-8.14583333333333,1
"background",-66.9375,9.64583333333333,2
"background",13.2708333333333,-4.97916666666666,2
"background",21.0625,-0.5625,2
"background",-53.7708333333333,4.27083333333334,2
"background",-74.5208333333333,6.0625,2
"background",-89.7291666666667,13.7291666666667,2
"background",-85.4791666666667,13.2708333333333,2
"background",-83.9375,10.5625,1
"background",145.729166666667,-5.52083333333333,2
"background",-97.5208333333333,19.5208333333333,2
"background",146.0625,-17.7291666666667,2
"background",-66.2291666666667,8.02083333333333,2
"background",17.9791666666667,-0.145833333333332,2
"background",-76.2708333333333,2.85416666666667,1
"background",-68.7708333333333,11.0208333333333,1
"background",-88.1458333333333,15.1875,1
"background",-86.1875,11.7708333333333,1
"background",22.6458333333333,-6.52083333333333,1
"background",-53.5208333333333,4.5625,2
"background",-77.8125,21.6041666666667,2
"background",-88.6041666666667,14.2291666666667,1
"background",-72.2291666666667,18.5208333333333,2
"background",15.4375,-4.85416666666666,1
"background",12.8125,-5.52083333333333,1
"background",-73.9791666666667,4.52083333333334,1
"background",-100.895833333333,20.7708333333333,1
"background",106.6875,-6.0625,2
"background",123.145833333333,10.0208333333333,2
"background",111.395833333333,-7.89583333333333,2
"background",-71.6875,18.2291666666667,2
"background",-82.9375,9.3125,2
"background",-64.3541666666667,-34.8958333333333,1
"background",-76.0208333333333,2.4375,1
"background",14.6875,-4.39583333333333,2
"background",-86.5208333333333,15.6875,2
"background",119.895833333333,-4.72916666666666,2
"background",-61.6875,16.1041666666667,1
"background",15.1041666666667,-3.72916666666666,1
"background",12.6041666666667,-5.85416666666666,1
"background",17.8125,-0.3125,2
"background",-73.2708333333333,10.8125,2
"background",13.2291666666667,-5.02083333333333,2
"background",-76.5208333333333,2.02083333333334,2
"background",-61.1041666666667,14.7291666666667,1
"background",-86.9791666666667,15.6458333333333,2
"background",-83.0208333333333,22.8958333333333,2
"background",12.6458333333333,-5.3125,2
"background",19.8958333333333,-0.395833333333332,2
"background",-84.8541666666667,13.3125,1
"background",-78.2291666666667,21.4375,1
"background",-54.1458333333333,3.22916666666667,1
"background",-71.6041666666667,-13.1875,2
"background",144.479166666667,-6.35416666666666,1
"background",-78.2291666666667,-9.72916666666666,1
"background",143.979166666667,-5.85416666666666,1
"background",-54.0625,3.8125,1
"background",-77.2708333333333,21.1875,1
"background",-52.7708333333333,3.52083333333334,1
"background",-98.6458333333333,19.5208333333333,1
"background",145.3125,-17.4791666666667,2
"background",-74.8958333333333,4.6875,2
"background",21.6458333333333,0.0208333333333357,2
"background",12.6875,-5.39583333333333,2
"background",-69.8958333333333,12.0625,2
"background",-78.4791666666667,-1.27083333333333,1
"background",102.5625,3.02083333333334,1
"background",101.6875,2.89583333333334,1
"background",-76.8958333333333,5.72916666666667,2
"background",-75.6041666666667,7.14583333333334,2
"background",-72.9375,4.39583333333334,1
"background",111.270833333333,-7.10416666666666,2
"background",-72.1875,-14.4791666666667,2
"background",-72.3541666666667,-13.2291666666667,1
"background",-78.1875,18.2708333333333,1
"background",18.2708333333333,-0.479166666666664,2
"background",105.979166666667,-5.9375,2
"background",-74.7708333333333,5.60416666666667,2
"background",-79.6041666666667,0.8125,2
"background",-89.9375,16.6041666666667,2
"background",144.479166666667,-5.6875,1
"background",-88.9791666666667,15.2291666666667,1
"background",-98.5208333333333,20.0625,2
"background",-87.3541666666667,15.3125,1
"background",-73.8958333333333,7.52083333333334,2
"background",-71.6458333333333,-13.8125,1
"background",22.2708333333333,-6.39583333333333,1
"background",-88.6875,14.1875,2
"background",-80.1041666666667,-0.895833333333332,2
"background",-53.6875,3.85416666666667,2
"background",-90.1875,-0.5625,1
"background",17.4791666666667,0.0208333333333357,2
"background",165.6875,-21.2708333333333,1
"background",-73.9375,6.8125,2
"background",-76.9791666666667,-8.85416666666666,2
"background",-76.4791666666667,5.72916666666667,1
"background",21.9375,-5.14583333333333,2
"background",-155.8125,20.1458333333333,2
"background",18.1875,-0.3125,1
"background",-66.4791666666667,7.89583333333334,1
"background",110.104166666667,-7.27083333333333,2
"background",144.604166666667,-5.47916666666666,2
"background",-73.9791666666667,5.10416666666667,2
"background",-69.9375,10.8125,2
"background",108.604166666667,-7.47916666666666,2
"background",-74.6875,7.14583333333334,1
"background",15.0208333333333,-4.35416666666666,2
"background",146.270833333333,-18.3125,2
"background",-90.9791666666667,16.2708333333333,2
"background",-54.9375,-9.8125,1
"background",-66.1041666666667,9.85416666666667,1
"background",-52.9791666666667,4.64583333333334,2
"background",120.354166666667,-4.77083333333333,1
"background",23.2291666666667,-5.35416666666666,2
"background",-77.8541666666667,-1.14583333333333,2
"background",-72.6875,6.5625,2
"background",-76.7291666666667,1.5625,2
"background",-82.1458333333333,8.9375,2
"background",20.1041666666667,-0.0625,1
"background",-78.6041666666667,-0.979166666666664,1
"background",-78.7291666666667,-1.4375,2
"background",-99.2291666666667,20.6041666666667,1
"background",108.6875,-7.22916666666666,2
"background",-71.5625,18.9375,1
"background",-73.6875,4.5625,2
"background",-76.0208333333333,20.1041666666667,1
"background",-63.0625,18.2291666666667,2
"background",-71.5208333333333,19.3125,1
"background",-86.6458333333333,13.9375,2
"background",-87.3541666666667,13.8958333333333,2
"background",-54.7291666666667,-10.1875,1
"background",-59.9791666666667,-2.6875,2
"background",145.645833333333,-17.3958333333333,1
"background",-100.979166666667,20.8958333333333,1
"background",13.2708333333333,-4.89583333333333,1
"background",-73.8958333333333,5.72916666666667,2
"background",122.520833333333,11.1041666666667,2
"background",-72.6458333333333,4.02083333333334,1
"background",-84.9375,14.1458333333333,2
"background",105.4375,-6.10416666666666,2
"background",-77.1458333333333,3.0625,1
"background",-72.8958333333333,-13.2708333333333,2
"background",-83.6875,8.6875,2
"background",22.7708333333333,-5.9375,2
"background",-77.0208333333333,2.47916666666667,1
"background",145.854166666667,-5.77083333333333,1
"background",-91.6041666666667,16.8541666666667,1
"background",-53.2708333333333,3.8125,2
"background",-72.3958333333333,18.4375,1
"background",-101.229166666667,20.8125,1
"background",-55.8541666666667,-10.1875,1
"background",101.5625,3.8125,2
"background",-71.3958333333333,18.4791666666667,1
"background",-77.6458333333333,-0.0208333333333321,2
"background",-72.0625,19.0208333333333,2
"background",108.229166666667,-7.02083333333333,2
"background",-99.7708333333333,19.5625,1
"background",-90.9375,17.1875,1
"background",-76.7708333333333,6.0625,1
"background",-88.3541666666667,14.5208333333333,2
"background",-76.3958333333333,-12.5208333333333,1
"background",12.6041666666667,-5.97916666666666,2
"background",-77.4375,21.1458333333333,2
"background",-78.0625,2.0625,2
"background",-74.6875,10.4375,1
"background",109.0625,-7.39583333333333,2
"background",-78.3958333333333,-0.854166666666664,1
"background",-60.9375,-2.5625,2
"background",-81.6041666666667,22.8541666666667,1
"background",-88.4375,14.8958333333333,1
"background",-89.1875,15.1875,2
"background",-100.4375,21.1041666666667,2
"background",-74.5625,5.22916666666667,2
"background",-91.7708333333333,16.7708333333333,2
"background",-82.9375,22.1041666666667,2
"background",-76.0208333333333,2.6875,2
"background",-85.2291666666667,11.5625,2
"background",-88.3125,13.7291666666667,1
"background",-77.9791666666667,-0.479166666666664,1
"background",-86.5208333333333,14.7291666666667,2
"background",15.5625,-5.10416666666666,1
"background",-101.3125,20.8125,2
"background",21.3958333333333,0.604166666666668,2
"background",14.3541666666667,-4.3125,1
"background",-77.0625,17.9791666666667,1
"background",-77.1458333333333,-8.6875,2
"background",-77.8125,22.1041666666667,2
"background",110.3125,-7.47916666666666,2
"background",23.4791666666667,-3.52083333333333,1
"background",-72.3958333333333,6.52083333333334,2
"background",-73.3958333333333,5.35416666666667,2
"background",-65.3541666666667,7.60416666666667,1
"background",-76.1875,3.8125,1
"background",-87.8958333333333,15.7291666666667,2
"background",13.5208333333333,-6.35416666666666,2
"background",120.0625,-5.14583333333333,1
"background",-79.9375,0.604166666666668,2
"background",20.1875,0.270833333333336,2
"background",-90.4375,14.5208333333333,1
"background",-98.8958333333333,18.3125,1
"background",-75.3125,3.60416666666667,2
"background",-84.6875,11.5208333333333,2
"background",-52.4791666666667,3.60416666666667,2
"background",-90.4791666666667,16.3958333333333,1
"background",-55.6875,-10.2708333333333,2
"background",-86.9791666666667,12.8125,2
"background",107.145833333333,-7.27083333333333,2
"background",-66.1041666666667,7.14583333333334,2
"background",-97.6458333333333,18.8958333333333,1
"background",23.8958333333333,-3.8125,1
"background",-78.6458333333333,-1.47916666666666,1
"background",-99.0208333333333,20.4375,1
"background",-85.1458333333333,10.8958333333333,1
"background",23.7291666666667,-2.60416666666666,1
"background",-69.1875,11.2708333333333,1
"background",-68.7291666666667,11.2708333333333,1
"background",-66.6458333333333,7.1875,1
"background",110.020833333333,-7.85416666666666,2
"background",-71.2291666666667,17.9375,1
"background",-155.6875,19.2708333333333,1
"background",-91.3541666666667,16.1458333333333,1
"background",24.1041666666667,-3.85416666666666,1
"background",-86.1041666666667,12.9791666666667,2
"background",-100.645833333333,21.2708333333333,2
"background",-77.4375,-11.3541666666667,2
"background",22.5625,-6.4375,1
"background",20.9791666666667,-0.479166666666664,2
"background",-54.1041666666667,3.6875,1
"background",-77.1041666666667,18.1458333333333,2
"background",-75.9791666666667,5.1875,1
"background",-79.4375,-0.770833333333332,1
"background",-73.4791666666667,5.02083333333334,1
"background",23.1041666666667,-6.10416666666666,2
"background",102.145833333333,2.77083333333334,1
"background",-66.6875,8.22916666666667,2
"background",-86.0625,11.5208333333333,2
"background",105.854166666667,-6.64583333333333,1
"background",-87.2291666666667,13.1041666666667,1
"background",-74.2291666666667,20.1458333333333,1
"background",-99.5625,19.3125,1
"background",122.354166666667,11.2291666666667,1
"background",-67.1875,9.85416666666667,2
"background",-52.9375,4.6875,1
"background",144.0625,-5.14583333333333,1
"background",-76.3958333333333,1.64583333333334,1
"background",-74.2708333333333,6.60416666666667,2
"background",-77.3541666666667,-8.72916666666666,1
"background",-79.5625,0.229166666666668,2
"background",14.2291666666667,-5.89583333333333,2
"background",-101.354166666667,21.6875,2
"background",-98.4375,18.9375,2
"background",-90.8125,16.1458333333333,2
"background",-72.6875,4.60416666666667,1
"background",111.5625,-7.64583333333333,1
"background",-52.8541666666667,4.5625,2
"background",-76.0625,2.97916666666667,1
"background",20.5208333333333,0.5625,1
"background",-100.0625,19.4375,1
"background",-75.7708333333333,4.22916666666667,1
"background",123.020833333333,10.2291666666667,1
"background",-98.4791666666667,18.2291666666667,1
"background",-90.3958333333333,17.3541666666667,2
"background",-66.4375,7.1875,1
"background",-77.8958333333333,21.3125,1
"background",-100.0625,19.1041666666667,1
"background",110.895833333333,-7.52083333333333,2
"background",-97.3958333333333,18.9375,1
"background",16.1041666666667,-4.4375,2
"background",-60.5208333333333,-3.0625,1
"background",-71.5208333333333,-13.6458333333333,2
"background",-61.3958333333333,-2.4375,2
"background",13.8958333333333,-5.4375,1
"background",18.6458333333333,0.604166666666668,1
"background",123.729166666667,10.4791666666667,2
"background",-90.1875,16.1041666666667,1
"background",-76.9375,-1.47916666666666,1
"background",144.645833333333,-5.10416666666666,2
"background",-71.8958333333333,18.1875,2
"background",-101.104166666667,20.6041666666667,2
"background",144.395833333333,-6.27083333333333,1
"background",-72.1458333333333,7.27083333333334,2
"background",108.3125,-6.85416666666666,1
"background",-99.8541666666667,18.6041666666667,1
"background",-73.8125,6.14583333333334,2
"background",165.229166666667,-21.2708333333333,1
"background",109.020833333333,-7.77083333333333,1
"background",120.0625,-4.47916666666666,1
"background",15.1041666666667,-4.60416666666666,2
"background",-78.4375,-0.9375,1
"background",101.1875,3.39583333333334,1
"background",-100.895833333333,19.8958333333333,2
"background",-77.5625,20.9375,1
"background",-98.2708333333333,19.1458333333333,2
"background",-75.2708333333333,7.02083333333334,1
"background",-78.2291666666667,-1.85416666666666,1
"background",-88.8125,13.9375,2
"background",18.2291666666667,-0.0208333333333321,2
"background",-97.6875,19.9791666666667,1
"background",-83.6875,9.8125,1
"background",-83.6041666666667,9.5625,1
"background",-98.0208333333333,19.1041666666667,1
"background",-70.1875,11.9791666666667,1
"background",-89.1875,13.4375,1
"background",-72.9791666666667,6.0625,1
"background",-76.4375,4.64583333333334,2
"background",-98.4375,20.4791666666667,2
"background",12.5208333333333,-5.77083333333333,1
"background",23.3958333333333,-3.89583333333333,2
"background",-78.5208333333333,-0.4375,2
"background",-69.6458333333333,10.5625,1
"background",-75.8125,6.02083333333334,1
"background",-54.2708333333333,-9.8125,1
"background",-84.9375,9.77083333333333,2
"background",-54.0208333333333,4.10416666666667,1
"background",-53.1875,4.47916666666667,1
"background",109.0625,-7.35416666666666,2
"background",-89.4375,15.0208333333333,1
"background",110.604166666667,-7.77083333333333,2
"background",-89.3541666666667,14.2708333333333,1
"background",-64.3541666666667,-34.3125,2
"background",-66.8541666666667,7.5625,2
"background",-75.6458333333333,6.6875,1
"background",-76.1458333333333,2.02083333333334,1
"background",-85.0625,13.1875,2
"background",-75.7291666666667,5.52083333333334,2
"background",17.5208333333333,0.1875,1
"background",-77.0208333333333,2.9375,1
"background",-89.0208333333333,14.7708333333333,1
"background",-61.1458333333333,10.1458333333333,2
"background",-89.5208333333333,15.2708333333333,1
"background",-78.2291666666667,21.5625,2
"background",-52.6041666666667,3.77083333333334,2
"background",-65.9375,9.97916666666667,2
"background",-65.1458333333333,-34.6875,2
"background",-97.3958333333333,18.5625,2
"background",145.1875,-17.4375,1
"background",-78.1041666666667,-8.64583333333333,1
"background",-86.8125,13.4791666666667,2
"background",-66.1875,8.3125,1
"background",-76.0625,3.85416666666667,2
"background",-53.6458333333333,4.47916666666667,2
"background",-65.0625,-33.9791666666667,2
"background",-55.3541666666667,-9.72916666666666,1
"background",-77.5625,-0.1875,1
"background",-98.7708333333333,19.4791666666667,2
"background",-73.8541666666667,6.02083333333334,2
"background",-84.9791666666667,13.5625,1
"background",-61.6458333333333,9.6875,1
"background",-83.8958333333333,10.7291666666667,2
"background",144.3125,-6.35416666666666,1
"background",-65.6875,7.97916666666667,1
"background",-71.8958333333333,-12.9375,2
"background",-71.1458333333333,-13.2708333333333,1
"background",-97.1875,19.1041666666667,1
"background",-83.8541666666667,8.72916666666667,2
"background",-74.8958333333333,5.0625,2
"background",-65.6875,7.3125,1
"background",-75.6041666666667,6.35416666666667,1
"background",-74.3125,5.35416666666667,1
"background",-64.2708333333333,-35.0208333333333,2
"background",-77.2291666666667,21.4375,1
"background",123.0625,10.3541666666667,1
"background",-89.8125,14.6458333333333,2
"background",24.4375,-3.3125,2
"background",22.8125,-6.4375,2
"background",17.3958333333333,-0.354166666666664,2
"background",-64.8541666666667,18.3125,1
"background",-89.9375,14.1875,1
"background",-77.3541666666667,21.3125,1
"background",-76.5208333333333,2.14583333333334,1
"background",18.6458333333333,-0.6875,1
"background",-98.7708333333333,18.4791666666667,2
"background",-66.6041666666667,8.64583333333333,2
"background",-81.2708333333333,22.5208333333333,1
"background",143.9375,-5.85416666666666,1
"background",-78.1458333333333,-0.3125,1
"background",-78.1041666666667,-1.0625,2
"background",-85.4375,12.6458333333333,2
"background",-87.8541666666667,13.8541666666667,2
"background",-64.1875,-35.3958333333333,1
"background",-54.1458333333333,-10.5625,2
"background",-61.2291666666667,-2.6875,1
"background",-69.5208333333333,10.6875,2
"background",-88.3125,13.4375,2
"background",23.9375,-2.8125,2
"background",-53.8125,3.72916666666667,1
"background",-55.1458333333333,-9.1875,2
"background",-82.3958333333333,9.22916666666667,2
"background",-71.3541666666667,17.7708333333333,1
"background",-75.3541666666667,4.27083333333334,1
"background",-76.5625,4.52083333333334,2
"background",-87.0208333333333,15.3541666666667,2
"background",-100.0625,21.3958333333333,2
"background",-53.3541666666667,3.9375,1
"background",-73.8958333333333,3.5625,2
"background",-65.6875,-35.6458333333333,2
"background",-77.6041666666667,2.85416666666667,1
"background",-86.8125,15.7708333333333,2
"background",-67.1458333333333,9.9375,2
"background",-67.0208333333333,7.97916666666667,1
"background",-97.2708333333333,18.7708333333333,2
"background",20.8958333333333,-0.5625,2
"background",-90.5208333333333,17.6041666666667,1
"background",13.5208333333333,-5.6875,2
"background",-72.7291666666667,5.0625,2
"background",-98.8125,18.6875,1
"background",-78.5625,22.1875,2
"background",108.395833333333,-7.4375,1
"background",119.729166666667,-5.27083333333333,1
"background",-85.0208333333333,13.3541666666667,2
"background",120.395833333333,-4.6875,2
"background",-155.8125,19.3125,2
"background",143.895833333333,-5.52083333333333,2
"background",-97.8958333333333,18.8541666666667,2
"background",-89.8958333333333,16.7291666666667,2
"background",145.895833333333,-5.64583333333333,1
"background",-85.5208333333333,13.3958333333333,2
"background",-72.6458333333333,5.14583333333334,2
"background",120.229166666667,-4.52083333333333,2
"background",-74.2708333333333,4.47916666666667,2
"background",-85.4375,12.5208333333333,1
"background",-75.1041666666667,6.02083333333334,1
"background",21.4375,-6.10416666666666,2
"background",-72.1875,19.1041666666667,1
"background",-99.8541666666667,18.6458333333333,1
"background",-72.9375,6.6875,1
"background",109.020833333333,-6.85416666666666,2
"background",-77.1458333333333,-1.52083333333333,2
"background",-97.8958333333333,19.1041666666667,1
"background",-99.6458333333333,20.5625,1
"background",-76.3958333333333,2.5625,2
"background",22.8125,-5.3125,2
"background",-90.5208333333333,16.8125,1
"background",-69.0208333333333,10.1875,2
"background",-75.0208333333333,7.10416666666667,1
"background",-85.6041666666667,13.8958333333333,1
"background",-76.7291666666667,6.10416666666667,1
"background",-77.8541666666667,-9.5625,1
"background",22.3125,-5.89583333333333,1
"background",-76.2708333333333,6.35416666666667,1
"background",-97.8125,18.1875,1
"background",-72.5208333333333,4.97916666666667,1
"background",-78.6041666666667,21.9791666666667,2
"background",-77.6458333333333,-11.3125,1
"background",-66.6875,18.2708333333333,1
"background",-79.9791666666667,-0.4375,1
"background",-101.729166666667,20.6875,2
"background",-85.0208333333333,11.7708333333333,1
"background",-76.5625,-11.3958333333333,1
"background",-91.7291666666667,16.3125,1
"background",106.8125,-7.3125,2
"background",13.3958333333333,-4.8125,1
"background",108.479166666667,-6.85416666666666,1
"background",-88.8958333333333,15.2708333333333,1
"background",-87.1875,13.0625,2
"background",-75.3541666666667,6.1875,2
"background",121.229166666667,10.9791666666667,2
"background",-73.5208333333333,5.3125,1
"background",-75.0208333333333,3.64583333333334,1
"background",-98.6041666666667,19.3541666666667,1
"background",-81.6875,22.7708333333333,1
"background",106.270833333333,-6.39583333333333,1
"background",-157.020833333333,20.9375,1
"background",-86.5625,14.8958333333333,2
"background",-88.4375,14.6041666666667,2
"background",101.4375,4.10416666666667,1
"background",-66.0625,8.6875,2
"background",-53.9791666666667,4.1875,1
"background",146.270833333333,-6.0625,1
"background",19.9375,0.0625,2
"background",-78.2708333333333,-1.35416666666666,2
"background",-87.3541666666667,15.1875,2
"background",-75.7291666666667,5.47916666666667,1
"background",-84.6875,10.1875,2
"background",-75.6458333333333,5.77083333333334,2
"background",-77.0208333333333,18.1875,2
"background",15.6041666666667,-3.64583333333333,2
"background",-76.8541666666667,5.77083333333334,1
"background",-100.020833333333,19.5208333333333,2
"background",-71.5625,19.1875,2
"background",-60.8125,-2.77083333333333,1
"background",-66.4375,7.47916666666667,2
"background",-68.6875,10.3125,1
"background",-72.1458333333333,-13.9791666666667,1
"background",-81.6041666666667,22.9375,2
"background",-77.2708333333333,-0.5625,2
"background",-86.3541666666667,12.5625,2
"background",18.5625,-0.229166666666664,2
"background",-91.3541666666667,15.8125,1
"background",-52.5625,2.89583333333334,2
"background",-90.1041666666667,13.8125,2
"background",108.6875,-7.6875,2
"background",-98.6875,18.3125,1
"background",-60.7708333333333,-2.27083333333333,1
"background",-82.7291666666667,22.9375,1
"background",-72.1875,-14.3125,2
"background",144.520833333333,-5.27083333333333,1
"background",102.479166666667,3.64583333333334,1
"background",-76.3958333333333,4.60416666666667,1
"background",-71.6041666666667,-13.8125,1
"background",15.5208333333333,-4.64583333333333,1
"background",-73.8125,3.77083333333334,2
"background",-74.2291666666667,4.60416666666667,1
"background",-68.6458333333333,10.1458333333333,2
"background",145.6875,-5.89583333333333,2
"background",166.020833333333,-21.5625,2
"background",-98.1875,19.2291666666667,2
"background",-64.1458333333333,-34.3541666666667,2
"background",-72.2291666666667,-12.9375,2
"background",-84.9791666666667,13.7708333333333,2
"background",16.1458333333333,-4.77083333333333,2
"background",-52.5208333333333,3.02083333333334,2
"background",-52.8958333333333,4.97916666666667,1
"background",-75.5625,4.35416666666667,2
"background",-90.1458333333333,13.9375,2
"background",144.479166666667,-5.72916666666666,1
"background",-71.1875,-13.7291666666667,1
"background",21.6875,0.0208333333333357,1
"background",-76.1041666666667,-11.6458333333333,1
"background",-73.2708333333333,5.9375,2
"background",-73.8541666666667,6.6875,2
"background",-98.7291666666667,19.5625,2
"background",-91.3541666666667,16.5208333333333,2
"background",-85.6041666666667,10.9375,2
"background",-78.0625,2.35416666666667,2
"background",-73.0625,5.72916666666667,2
"background",122.854166666667,9.9375,2
"background",-78.3541666666667,21.0625,2
"background",14.0208333333333,-5.02083333333333,2
"background",-82.3125,22.7708333333333,2
"background",-85.0625,12.0208333333333,2
"background",13.7708333333333,-5.3125,2
"background",-72.5208333333333,7.22916666666667,2
"background",-76.9791666666667,-11.1875,2
"background",-99.1041666666667,19.8125,2
"background",167.9375,-21.5208333333333,1
"background",-66.2708333333333,18.2291666666667,1
"background",-72.9791666666667,6.4375,2
"background",-85.1041666666667,13.0625,1
"background",-65.5208333333333,8.14583333333333,1
"background",-84.8125,10.2708333333333,2
"background",-87.0625,13.0208333333333,2
"background",-86.7708333333333,14.2291666666667,1
"background",110.854166666667,-6.72916666666666,2
"background",21.5208333333333,0.0208333333333357,1
"background",-99.0625,20.0625,2
"background",-60.7708333333333,-2.0625,2
"background",-52.2291666666667,4.35416666666667,2
"background",145.645833333333,-17.7708333333333,2
"background",-72.5625,7.3125,1
"background",13.8958333333333,-6.27083333333333,1
"background",20.3541666666667,0.145833333333336,2
"background",-64.7291666666667,-34.6458333333333,2
"background",23.3958333333333,-4.14583333333333,1
"background",-69.6041666666667,10.7291666666667,1
"background",-87.3541666666667,12.8541666666667,2
"background",102.0625,3.02083333333334,1
"background",-69.6875,11.1875,2
"background",12.6041666666667,-6.5625,1
"background",19.1458333333333,-0.145833333333332,2
"background",-80.1875,-0.145833333333332,2
"background",13.8125,-5.0625,1
"background",-54.3541666666667,-9.5625,1
"background",-89.3541666666667,-0.854166666666664,1
"background",-70.4791666666667,11.0625,1
"background",102.479166666667,2.85416666666667,2
"background",-73.9791666666667,4.89583333333334,1
"background",14.6458333333333,-4.10416666666666,2
"background",-98.5625,19.1041666666667,1
"background",-75.3125,6.0625,1
"background",123.395833333333,9.85416666666667,1
"background",-79.3958333333333,-0.479166666666664,2
"background",-67.2291666666667,9.77083333333333,1
"background",-100.020833333333,20.2291666666667,2
"background",-65.6041666666667,-34.8541666666667,2
"background",-74.5208333333333,6.8125,1
"background",-85.9375,12.8958333333333,1
"background",-65.4791666666667,-35.6041666666667,1
"background",16.0208333333333,-3.64583333333333,1
"background",-69.4791666666667,10.3125,2
"background",17.7708333333333,0.645833333333336,1
"background",14.4375,-6.10416666666666,2
"background",-72.8125,6.3125,2
"background",-77.7291666666667,-0.645833333333332,2
"background",-52.7708333333333,2.97916666666667,2
"background",-83.5625,9.6875,2
"background",-83.8125,10.7708333333333,2
"background",-84.9791666666667,13.3125,2
"background",-75.7708333333333,1.9375,2
"background",-72.7708333333333,5.52083333333334,1
"background",-64.5208333333333,-35.3541666666667,1
"background",-73.1875,7.5625,2
"background",-100.770833333333,21.1875,1
"background",22.5625,-6.8125,1
"background",-60.5208333333333,11.2708333333333,1
"background",-66.3541666666667,8.64583333333333,1
"background",-98.1458333333333,18.2291666666667,1
"background",-77.6458333333333,-11.0208333333333,2
"background",-76.9375,-12.2708333333333,1
"background",17.7708333333333,-0.0208333333333321,1
"background",-53.3958333333333,3.77083333333334,1
"background",-84.1458333333333,10.6458333333333,2
"background",101.0625,3.6875,1
"background",-84.1875,22.0208333333333,2
"background",-99.9375,20.3541666666667,1
"background",-89.9791666666667,14.6458333333333,2
"background",-87.5625,14.4791666666667,1
"background",102.270833333333,3.77083333333334,1
"background",-60.1041666666667,-2.52083333333333,2
"background",-73.3125,4.6875,1
"background",-91.6875,16.8125,1
"background",24.4375,-3.9375,2
"background",-78.7708333333333,-0.6875,2
"background",165.020833333333,-21.1458333333333,1
"background",-88.8958333333333,14.4791666666667,1
"background",-100.145833333333,18.6041666666667,2
"background",-76.5208333333333,-11.5208333333333,1
"background",-77.6041666666667,-11.3125,1
"background",-74.8958333333333,6.64583333333334,1
"background",-101.270833333333,20.9791666666667,2
"background",-76.8958333333333,-9.02083333333333,1
"background",-76.4375,5.4375,2
"background",-79.7708333333333,0.6875,1
"background",-65.3541666666667,-35.8125,2
"background",111.395833333333,-7.3125,1
"background",-74.1875,5.97916666666667,1
"background",-85.2708333333333,12.1875,1
"background",-82.4375,23.0208333333333,1
"background",123.0625,11.3541666666667,1
"background",101.354166666667,3.89583333333334,1
"background",-71.6041666666667,-12.6875,2
"background",-83.6875,22.2708333333333,1
"background",-69.3125,10.8541666666667,1
"background",-78.3541666666667,21.5208333333333,2
"background",-79.6458333333333,-0.479166666666664,1
"background",-78.1041666666667,-9.14583333333333,1
"background",-77.8125,2.64583333333334,2
"background",-74.5625,4.39583333333334,2
"background",122.9375,10.6875,2
"background",15.4375,-3.77083333333333,2
"background",-100.229166666667,19.6875,2
"background",-85.1041666666667,9.5625,1
"background",-72.8958333333333,6.14583333333334,1
"background",-55.4375,-9.8125,1
"background",-72.0625,18.6458333333333,1
"background",-64.3125,-34.1875,2
"background",18.2291666666667,0.854166666666668,1
"background",145.9375,-17.9791666666667,2
"background",-71.5625,-12.6458333333333,2
"background",-67.0208333333333,8.3125,1
"background",-75.8541666666667,5.5625,2
"background",-100.645833333333,19.3958333333333,1
"background",18.0625,0.395833333333336,1
"background",-65.7291666666667,8.52083333333333,2
"background",22.8541666666667,-5.10416666666666,1
"background",101.604166666667,2.6875,2
"background",-72.2291666666667,-14.3125,2
"background",18.1875,-0.6875,2
"background",-77.5208333333333,21.7291666666667,2
"background",-81.2291666666667,22.9791666666667,1
"background",14.7291666666667,-5.02083333333333,2
"background",-77.9375,21.0208333333333,1
"background",-53.0208333333333,5.39583333333334,2
"background",18.1875,0.104166666666668,2
"background",-66.8958333333333,10.5625,2
"background",-101.1875,20.3541666666667,2
"background",21.4375,0.145833333333336,1
"background",15.2708333333333,-3.5625,1
"background",119.6875,-4.0625,2
"background",-72.5625,4.9375,1
"background",-85.3958333333333,12.0625,2
"background",-61.2708333333333,-2.89583333333333,2
"background",-51.6041666666667,4.14583333333334,2
"background",-52.8125,3.89583333333334,1
"background",-99.3125,18.9375,2
"background",-78.1041666666667,2.64583333333334,2
"background",-76.3958333333333,-11.8125,2
"background",146.270833333333,-6.10416666666666,2
"background",-76.4375,5.9375,2
"background",-52.8541666666667,2.8125,1
"background",-85.2708333333333,13.0625,1
"background",-82.7708333333333,8.64583333333333,2
"background",-89.9375,16.8125,2
"background",24.0625,-2.64583333333333,1
"background",-83.8541666666667,11.1458333333333,1
"background",15.1041666666667,-4.4375,2
"background",-100.5625,20.8958333333333,2
"background",-101.020833333333,20.6458333333333,1
"background",-75.0625,4.5625,2
"background",-64.4375,-35.5625,2
"background",-99.3125,20.3125,2
"background",-86.9791666666667,14.9791666666667,2
"background",-75.1875,3.97916666666667,1
"background",-65.3541666666667,8.3125,1
"background",-72.5208333333333,4.39583333333334,2
"background",145.020833333333,-5.85416666666666,2
"background",-81.1875,22.7291666666667,2
"background",-76.2291666666667,4.89583333333334,2
"background",144.729166666667,-6.3125,1
"background",-88.1458333333333,15.2708333333333,2
"background",-61.7291666666667,10.6875,2
"background",-70.1041666666667,10.6458333333333,2
"background",-77.3541666666667,2.1875,2
"background",-78.5208333333333,21.8541666666667,2
"background",-83.3125,10.1875,1
"background",14.0625,-6.27083333333333,1
"background",-76.2708333333333,-12.2708333333333,1
"background",-88.7708333333333,14.8958333333333,1
"background",-91.3958333333333,16.7291666666667,2
"background",-60.4791666666667,-3.52083333333333,2
"background",-62.0208333333333,10.6458333333333,1
"background",-99.2708333333333,19.0208333333333,1
"background",-89.1458333333333,13.5625,1
"background",-89.1875,15.3125,1
"background",-80.4375,-0.520833333333332,2
"background",-74.2291666666667,3.47916666666667,1
"background",122.895833333333,9.77083333333333,2
"background",-71.1041666666667,-13.7708333333333,1
"background",-86.1875,12.6458333333333,1
"background",-88.8125,13.8958333333333,1
"background",-84.1041666666667,11.3125,2
"background",-74.7708333333333,10.4791666666667,2
"background",-76.1875,4.4375,1
"background",15.3541666666667,-4.64583333333333,1
"background",145.145833333333,-5.0625,1
"background",-86.0625,11.9375,1
"background",12.3125,-6.22916666666666,1
"background",110.770833333333,-6.72916666666666,1
"background",-79.1041666666667,0.270833333333336,2
"background",-84.5625,13.2291666666667,2
"background",-98.7291666666667,19.4791666666667,1
"background",18.1041666666667,-0.604166666666664,2
"background",120.270833333333,-5.39583333333333,1
"background",-76.5625,1.85416666666667,2
"background",-61.1875,10.3125,1
"background",-66.4791666666667,8.27083333333333,2
"background",-53.2708333333333,2.60416666666667,2
"background",-68.4791666666667,10.6041666666667,2
"background",-74.6458333333333,5.35416666666667,1
"background",-54.7708333333333,-10.8541666666667,2
"background",-72.1875,-13.2291666666667,1
"background",145.229166666667,-17.8541666666667,2
"background",15.6041666666667,-4.14583333333333,2
"background",24.7291666666667,-3.22916666666666,2
"background",-76.6458333333333,3.1875,1
"background",-155.270833333333,19.8958333333333,1
"background",-65.2291666666667,7.72916666666667,2
"background",-76.9791666666667,-11.6041666666667,1
"background",-100.354166666667,18.7708333333333,1
"background",-75.1458333333333,7.10416666666667,2
"background",-98.2291666666667,19.6875,2
"background",-63.9791666666667,-35.0625,2
"background",-90.1041666666667,16.9791666666667,2
"background",13.1458333333333,-6.6875,1
"background",-53.0625,4.89583333333334,2
"background",-98.1458333333333,19.7291666666667,1
"background",145.770833333333,-16.9791666666667,2
"background",16.1875,-4.64583333333333,1
"background",-76.1875,3.02083333333334,2
"background",-64.8541666666667,-34.2708333333333,2
"background",-91.6041666666667,17.0625,1
"background",-61.3541666666667,10.1458333333333,1
"background",-90.5208333333333,17.3958333333333,2
"background",-77.1458333333333,5.4375,2
"background",-97.6458333333333,18.4375,2
"background",-87.8541666666667,15.1875,2
"background",-87.9791666666667,15.2291666666667,1
"background",-87.8125,14.1458333333333,2
"background",-155.229166666667,19.9791666666667,1
"background",-76.3125,-12.2291666666667,2
"background",-90.4375,14.0625,1
"background",-78.4375,21.4375,2
"background",-59.9791666666667,-3.02083333333333,2
"background",-65.4375,-34.3958333333333,2
"background",-86.3541666666667,14.7291666666667,2
"background",-73.0208333333333,6.9375,1
"background",23.3541666666667,-3.77083333333333,1
"background",107.104166666667,-6.52083333333333,1
"background",-64.3958333333333,-35.6458333333333,2
"background",-85.7291666666667,13.3125,1
"background",-72.7291666666667,7.1875,2
"background",18.3958333333333,-0.104166666666664,1
"background",-83.6041666666667,22.6041666666667,2
"background",22.9375,-5.0625,1
"background",-75.3541666666667,6.85416666666667,2
"background",-98.8958333333333,19.6875,2
"background",-74.5625,5.72916666666667,2
"background",-91.7291666666667,16.9791666666667,1
"background",-75.1458333333333,3.97916666666667,2
"background",102.5625,3.35416666666667,1
"background",22.9791666666667,-3.35416666666666,1
"background",-72.5625,7.89583333333334,2
"background",14.7708333333333,-4.47916666666666,2
"background",-85.1458333333333,13.3125,2
"background",-88.3125,13.3125,2
"background",-90.0208333333333,16.1458333333333,1
"background",-91.5625,17.2708333333333,1
"background",-101.354166666667,21.4791666666667,1
"background",-71.1875,-14.0208333333333,1
"background",143.354166666667,-5.89583333333333,2
"background",-88.1458333333333,13.3541666666667,1
"background",108.229166666667,-6.5625,2
"background",-73.4375,3.8125,2
"background",23.8125,-3.52083333333333,1
"background",23.7708333333333,-3.8125,2
"background",-70.0625,11.2291666666667,2
"background",-52.8958333333333,3.8125,1
"background",13.0625,-5.72916666666666,2
"background",-53.5625,2.8125,1
"background",-73.0625,7.77083333333334,1
"background",-54.5208333333333,-10.5625,1
"background",-53.2708333333333,4.89583333333334,1
"background",-52.1458333333333,4.6875,1
"background",-74.9791666666667,6.64583333333334,2
"background",145.979166666667,-17.2708333333333,2
"background",165.020833333333,-21.1041666666667,1
"background",-91.1041666666667,16.6041666666667,2
"background",-155.4375,19.4375,2
"background",-78.2291666666667,21.1875,2
"background",-69.3125,10.4375,2
"background",-88.3125,15.6041666666667,2
"background",-81.6041666666667,22.5625,1
"background",-70.0625,10.5625,2
"background",119.5625,-5.64583333333333,1
"background",-98.6875,20.6458333333333,1
"background",-97.2291666666667,19.0625,2
"background",-69.6458333333333,11.2291666666667,1
"background",-54.8541666666667,-10.2708333333333,2
"background",-86.1041666666667,13.3958333333333,1
"background",19.9791666666667,0.0208333333333357,2
"background",123.229166666667,10.8125,2
"background",-90.1875,17.1458333333333,1
"background",108.3125,-7.52083333333333,1
"background",-60.2291666666667,-2.77083333333333,2
"background",14.8541666666667,-4.35416666666666,2
"background",18.6875,-0.645833333333332,1
"background",-87.0208333333333,13.2291666666667,2
"background",-54.8958333333333,-10.3125,2
"background",-65.2291666666667,-34.8541666666667,1
"background",-76.9791666666667,-1.72916666666666,2
"background",-54.9375,-10.4375,1
"background",-61.0208333333333,13.8541666666667,2
"background",-60.0208333333333,-2.9375,2
"background",-73.5625,6.27083333333334,1
"background",110.854166666667,-7.10416666666666,1
"background",-88.6875,13.5625,2
"background",122.104166666667,11.5208333333333,2
"background",-74.0625,10.1875,2
"background",120.229166666667,-4.39583333333333,2
"background",-66.6458333333333,18.1041666666667,2
"background",-97.6458333333333,18.1458333333333,2
"background",-87.0208333333333,13.6458333333333,1
"background",-69.8958333333333,10.8541666666667,2
"background",-67.0625,17.9791666666667,1
"background",-75.1041666666667,6.5625,1
"background",-68.2708333333333,10.6458333333333,2
"background",-100.0625,20.6458333333333,1
"background",-54.0625,3.39583333333334,2
"background",-82.7291666666667,9.52083333333333,2
"background",-65.7291666666667,8.9375,1
"background",-52.3125,4.77083333333334,2
"background",106.520833333333,-7.1875,2
"background",-98.3958333333333,19.9791666666667,1
"background",-75.8958333333333,5.3125,1
"background",-66.4375,10.6041666666667,2
"background",110.3125,-7.64583333333333,2
"background",111.229166666667,-7.6875,2
"background",144.604166666667,-6.02083333333333,1
"background",15.1875,-5.1875,2
"background",144.604166666667,-5.02083333333333,1
"background",-73.2291666666667,10.8541666666667,2
"background",-98.8125,19.1458333333333,2
"background",-60.4791666666667,-3.47916666666666,1
"background",-66.3125,8.1875,1
"background",22.3541666666667,-6.60416666666666,1
"background",-66.0208333333333,8.89583333333333,2
"background",-55.9375,-10.1875,2
"background",-73.7291666666667,6.14583333333334,1
"background",-81.5208333333333,22.9791666666667,1
"background",-76.0208333333333,4.4375,1
"background",-76.8125,-12.1875,2
"background",12.9791666666667,-6.52083333333333,1
"background",-73.7708333333333,4.72916666666667,1
"background",-66.7291666666667,9.9375,1
"background",-89.6875,13.5208333333333,2
"background",-84.8541666666667,13.7291666666667,2
"background",-76.3125,4.60416666666667,2
"background",107.520833333333,-7.22916666666666,2
"background",-77.1875,-1.10416666666666,2
"background",18.9375,-0.729166666666664,1
"background",-85.6458333333333,13.8125,2
"background",123.479166666667,9.77083333333333,1
"background",-97.5208333333333,18.4375,1
"background",111.604166666667,-7.72916666666666,1
"background",-76.1875,2.8125,1
"background",-72.9791666666667,6.35416666666667,1
"background",23.7708333333333,-4.3125,2
"background",101.645833333333,3.10416666666667,1
"background",-99.3125,19.3541666666667,1
"background",-76.9791666666667,5.27083333333334,2
"background",-90.3958333333333,14.5625,2
"background",-76.4791666666667,3.35416666666667,1
"background",-83.8541666666667,10.3125,1
"background",-82.4375,22.7708333333333,2
"background",-77.9375,-8.5625,2
"background",22.5208333333333,-5.1875,2
"background",-75.0208333333333,7.35416666666667,2
"background",-77.6458333333333,-0.4375,1
"background",-83.9791666666667,11.1875,1
"background",-53.6041666666667,3.22916666666667,1
"background",24.6875,-3.8125,1
"background",-53.7291666666667,4.14583333333334,1
"background",-65.1041666666667,-35.1458333333333,1
"background",-78.6041666666667,-1.35416666666666,2
"background",-77.0208333333333,21.2708333333333,1
"background",-72.9791666666667,5.47916666666667,2
"background",-75.9791666666667,3.02083333333334,1
"background",-85.4791666666667,10.6041666666667,2
"background",-86.8125,14.9791666666667,2
"background",102.020833333333,3.3125,2
"background",-83.6458333333333,10.4791666666667,2
"background",120.145833333333,-5.14583333333333,2
"background",23.7291666666667,-2.39583333333333,2
"background",23.6458333333333,-3.27083333333333,2
"background",-64.0625,-35.1875,1
"background",-71.4375,19.1875,1
"background",110.395833333333,-6.97916666666666,1
"background",-73.6041666666667,6.39583333333334,1
"background",-99.2291666666667,19.0625,2
"background",-85.1041666666667,10.7708333333333,2
"background",145.145833333333,-4.85416666666666,1
"background",15.3125,-3.35416666666666,1
"background",-72.5208333333333,4.14583333333334,1
"background",13.0625,-5.8125,1
"background",23.3125,-3.10416666666666,2
"background",-77.8125,-9.3125,1
"background",-55.4375,-10.6875,2
"background",-70.9791666666667,18.8541666666667,1
"background",-70.9791666666667,-13.2291666666667,2
"background",15.0208333333333,-3.4375,1
"background",-75.8958333333333,2.85416666666667,2
"background",-100.729166666667,21.7291666666667,2
"background",145.1875,14.1458333333333,2
"background",102.104166666667,2.89583333333334,2
"background",-81.9791666666667,22.8958333333333,1
"background",-77.7291666666667,-0.770833333333332,2
"background",-52.5208333333333,2.9375,1
"background",-156.4375,20.6458333333333,2
"background",165.520833333333,-21.3125,1
"background",15.5208333333333,-3.97916666666666,1
"background",-100.520833333333,18.8125,1
"background",166.770833333333,-22.0625,1
"background",21.6458333333333,0.104166666666668,1
"background",-78.2708333333333,2.14583333333334,2
"background",-74.6458333333333,10.4791666666667,2
"background",106.5625,-6.97916666666666,1
"background",-71.9791666666667,-14.0208333333333,2
"background",-65.6041666666667,7.47916666666667,2
"background",-85.1041666666667,12.2291666666667,1
"background",-74.1041666666667,6.97916666666667,2
"background",15.4375,-3.60416666666666,2
"background",-85.1041666666667,10.3125,2
"background",-79.4791666666667,-0.479166666666664,1
"background",-84.0625,10.6041666666667,1
"background",165.9375,-21.6041666666667,2
"background",22.6041666666667,-5.52083333333333,1
"background",-74.5625,5.9375,1
"background",-73.0625,5.14583333333334,1
"background",119.9375,-4.9375,2
"background",18.0208333333333,-0.229166666666664,2
"background",-88.6041666666667,14.0625,1
"background",-77.8125,2.14583333333334,2
"background",107.145833333333,-6.89583333333333,1
"background",143.729166666667,-6.0625,2
"background",-75.3125,6.02083333333334,1
"background",-75.9791666666667,1.6875,1
"background",-67.6875,10.0208333333333,2
"background",146.020833333333,-17.8958333333333,2
"background",-74.3958333333333,5.89583333333334,2
"background",-77.0625,-12.0625,1
"background",144.979166666667,-5.0625,1
"background",-82.8541666666667,9.52083333333333,2
"background",-74.1041666666667,4.85416666666667,1
"background",-155.604166666667,19.2291666666667,1
"background",-76.7291666666667,5.97916666666667,1
"background",-76.9791666666667,2.6875,1
"background",19.0625,0.4375,2
"background",13.8958333333333,-5.02083333333333,2
"background",-51.8958333333333,4.3125,1
"background",-97.3541666666667,18.6875,2
"background",-77.4791666666667,-1.72916666666666,2
"background",-74.9375,4.77083333333334,2
"background",-67.1875,9.9375,1
"background",-73.9791666666667,4.97916666666667,2
"background",145.104166666667,-5.35416666666666,1
"background",-86.5208333333333,15.3125,1
"background",-86.6875,13.0625,2
"background",-72.0625,-13.4791666666667,2
"background",-77.3125,-0.895833333333332,2
"background",-89.3125,13.5208333333333,1
"background",145.0625,-4.9375,1
"background",21.7708333333333,-5.97916666666666,2
"background",-86.3125,13.3541666666667,1
"background",15.7708333333333,-4.6875,1
"background",18.1458333333333,0.729166666666668,2
"background",-73.6875,6.3125,1
"background",-66.9791666666667,7.97916666666667,2
"background",-73.8125,5.02083333333334,1
"background",-155.6875,19.0208333333333,2
"background",101.229166666667,3.9375,2
"background",-77.5625,-11.1041666666667,2
"background",-76.6458333333333,-1.39583333333333,2
"background",-75.8958333333333,6.1875,2
"background",-90.3958333333333,17.1875,2
"background",-74.8958333333333,5.1875,2
"background",-75.6458333333333,5.97916666666667,2
"background",23.6458333333333,-3.8125,2
"background",-90.6041666666667,15.8958333333333,1
"background",-100.1875,19.4375,1
"background",-68.8541666666667,10.3958333333333,2
"background",-71.3958333333333,-13.8958333333333,1
"background",-85.9791666666667,14.0625,1
"background",101.1875,3.6875,1
"background",-73.5625,4.22916666666667,2
"background",119.604166666667,-5.4375,2
"background",122.854166666667,10.5625,1
"background",106.020833333333,-6.77083333333333,1
"background",102.104166666667,3.52083333333334,2
"background",-71.8541666666667,18.6875,2
"background",110.6875,-7.39583333333333,2
"background",-73.6875,10.8541666666667,2
"background",164.4375,-20.5208333333333,1
"background",-84.7291666666667,13.3958333333333,2
"background",-77.0625,17.8958333333333,2
"background",20.6458333333333,-0.0208333333333321,1
"background",-66.5208333333333,18.3541666666667,2
"background",-69.6875,10.5625,2
"background",-77.2291666666667,2.60416666666667,1
"background",-86.8125,13.8125,2
"background",18.8125,-0.104166666666664,2
"background",-74.3958333333333,10.2708333333333,1
"background",-80.4375,-0.395833333333332,2
"background",-75.0625,20.4791666666667,1
"background",-75.8541666666667,5.9375,1
"background",-77.8125,-9.9375,1
"background",-66.0208333333333,7.35416666666667,2
"background",-88.7708333333333,14.1875,1
"background",-84.7291666666667,10.3958333333333,2
"background",15.4375,-3.89583333333333,1
"background",-76.0208333333333,4.1875,2
"background",-90.6875,-0.604166666666664,2
"background",-78.1458333333333,2.22916666666667,1
"background",-71.6041666666667,-13.5208333333333,2
"background",12.4791666666667,-6.1875,1
"background",-77.3125,-10.4375,1
"background",-87.0208333333333,13.8125,1
"background",144.520833333333,-5.85416666666666,2
"background",-69.4791666666667,11.0625,1
"background",-91.2708333333333,16.6041666666667,2
"background",-73.0208333333333,7.10416666666667,1
"background",23.2291666666667,-5.64583333333333,1
"background",15.1041666666667,-4.97916666666666,2
"background",106.8125,-6.9375,2
"background",-76.3125,1.8125,2
"background",-60.3541666666667,-2.10416666666666,2
"background",15.9791666666667,-5.0625,1
"background",20.6458333333333,-0.979166666666664,2
"background",-65.5625,7.97916666666667,1
"background",-54.3541666666667,-10.4791666666667,2
"background",-60.8541666666667,-3.0625,1
"background",-71.4791666666667,18.0625,1
"background",144.854166666667,-5.72916666666666,2
"background",-84.8541666666667,10.2708333333333,1
"background",-76.1041666666667,6.27083333333334,2
"background",-100.979166666667,21.3125,2
"background",-75.9791666666667,3.10416666666667,2
"background",-65.8125,-35.3125,1
"background",-81.0625,22.8541666666667,2
"background",-68.7708333333333,12.1041666666667,2
"background",-52.5625,3.77083333333334,1
"background",-54.2708333333333,-10.1875,2
"background",-72.3541666666667,7.10416666666667,1
"background",20.8958333333333,-0.729166666666664,2
"background",-77.0625,21.0625,2
"background",-53.4375,3.0625,1
"background",-65.8958333333333,8.85416666666667,2
"background",120.0625,-4.60416666666666,1
"background",-86.3541666666667,12.9791666666667,1
"background",-78.5208333333333,-1.64583333333333,2
"background",-77.5208333333333,2.27083333333334,1
"background",-54.8125,-10.2708333333333,1
"background",144.979166666667,-5.47916666666666,2
"background",-65.5208333333333,-35.1458333333333,2
"background",13.4375,-5.4375,2
"background",-159.395833333333,21.9791666666667,1
"background",-54.3541666666667,-10.7708333333333,2
"background",-100.395833333333,19.3958333333333,2
"background",144.145833333333,-4.97916666666666,2
"background",-52.3958333333333,4.77083333333334,1
"background",-76.4375,6.3125,2
"background",-97.2708333333333,18.6458333333333,2
"background",110.8125,-7.5625,1
"background",-101.645833333333,20.6041666666667,2
"background",20.2708333333333,-0.4375,2
"background",110.895833333333,-7.77083333333333,1
"background",-52.3125,4.64583333333334,2
"background",-55.5625,-9.1875,1
"background",145.145833333333,-5.64583333333333,2
"background",-86.0625,11.5625,2
"background",-64.8958333333333,-35.7708333333333,2
"background",-98.3958333333333,20.3541666666667,2
"background",-73.8958333333333,6.0625,2
"background",18.1041666666667,0.854166666666668,2
"background",-89.6041666666667,13.9375,2
"background",-99.1875,20.1458333333333,1
"background",-86.2708333333333,12.2708333333333,2
"background",-85.6875,14.0208333333333,2
"background",-76.2708333333333,4.6875,1
"background",144.895833333333,-5.0625,2
"background",-73.0208333333333,4.8125,1
"background",-78.1041666666667,-0.104166666666664,1
"background",-73.7291666666667,5.10416666666667,1
"background",-76.8541666666667,-10.8541666666667,1
"background",-78.6041666666667,-1.02083333333333,2
"background",144.229166666667,-6.39583333333333,2
"background",-64.1875,-34.6875,1
"background",119.5625,-5.02083333333333,2
"background",-77.1041666666667,-1.52083333333333,2
"background",14.6458333333333,-4.22916666666666,1
"background",-81.3958333333333,22.6458333333333,1
"background",144.6875,-5.1875,2
"background",-76.4791666666667,4.89583333333334,1
"background",-75.8958333333333,3.9375,1
"background",-60.1041666666667,-2.02083333333333,2
"background",-60.6458333333333,11.1875,1
"background",-75.9375,4.9375,2
"background",-91.5625,16.7708333333333,1
"background",20.8125,-0.8125,2
"background",164.895833333333,-21.1458333333333,1
"background",-66.0208333333333,18.2291666666667,2
"background",23.6458333333333,-4.1875,1
"background",-71.4791666666667,18.4375,2
"background",-77.7291666666667,-10.3958333333333,1
"background",24.0625,-4.02083333333333,2
"background",-87.2291666666667,15.4791666666667,1
"background",-77.8125,22.1458333333333,2
"background",-86.4375,12.4375,2
"background",15.6041666666667,-4.6875,1
"background",-89.2708333333333,14.4791666666667,2
"background",-77.6875,2.27083333333334,1
"background",-70.9375,18.4375,2
"background",-73.8958333333333,5.8125,1
"background",-100.5625,21.8541666666667,2
"background",-77.1458333333333,-11.3958333333333,2
"background",-80.0625,0.479166666666668,1
"background",-76.4791666666667,6.22916666666667,1
"background",22.3958333333333,-4.9375,1
"background",-78.2291666666667,-8.64583333333333,2
"background",-53.3958333333333,4.52083333333334,2
"background",-88.1458333333333,15.3541666666667,1
"background",-155.854166666667,19.0208333333333,2
"background",-76.9791666666667,5.6875,1
"background",-90.8958333333333,16.7708333333333,1
"background",109.8125,-7.1875,1
"background",-83.3541666666667,22.2291666666667,2
"background",-75.3958333333333,5.4375,1
"background",20.9375,-0.1875,1
"background",-74.5208333333333,5.22916666666667,2
"background",164.604166666667,-20.8125,2
"background",-78.6041666666667,2.10416666666667,2
"background",-75.7708333333333,1.89583333333334,1
"background",-78.0208333333333,-0.0625,1
"background",-77.6041666666667,17.8541666666667,1
"background",-98.3541666666667,19.2708333333333,1
"background",21.2708333333333,-1.0625,1
"background",-72.6458333333333,5.0625,1
"background",23.1458333333333,-3.89583333333333,1
"background",-76.2291666666667,1.77083333333334,1
"background",-84.9791666666667,11.4375,2
"background",17.8958333333333,-0.479166666666664,1
"background",-69.9791666666667,11.8541666666667,1
"background",-90.2708333333333,16.7291666666667,1
"background",-77.8958333333333,-8.9375,2
"background",-91.0208333333333,17.0625,2
"background",-86.6458333333333,14.1458333333333,2
"background",-78.4375,21.6458333333333,2
"background",-85.2291666666667,13.7708333333333,1
"background",-86.9375,15.2708333333333,2
"background",18.0208333333333,-0.104166666666664,1
"background",-60.8125,-3.27083333333333,1
"background",120.1875,-4.52083333333333,2
"background",-75.7291666666667,4.10416666666667,1
"background",-55.5208333333333,-10.2708333333333,2
"background",107.0625,-6.1875,2
"background",145.895833333333,-17.2708333333333,1
"background",-75.5625,3.9375,1
"background",-85.7708333333333,13.3541666666667,1
"background",-83.2291666666667,9.0625,2
"background",-98.6458333333333,19.6041666666667,2
"background",-87.3958333333333,14.8541666666667,2
"background",105.9375,-6.72916666666666,1
"background",-74.3125,5.10416666666667,2
"background",-158.270833333333,21.5625,1
"background",-77.3125,-9.14583333333333,1
"background",-99.6041666666667,20.3125,2
"background",-61.3541666666667,-2.85416666666666,1
"background",-78.3958333333333,-0.895833333333332,1
"background",-70.6041666666667,10.9791666666667,2
"background",-76.5625,5.60416666666667,1
"background",-72.8125,4.64583333333334,2
"background",21.1041666666667,-0.1875,1
"background",-86.8125,12.6875,1
"background",-156.895833333333,21.1458333333333,1
"background",-85.4791666666667,10.3541666666667,1
"background",-101.395833333333,20.7708333333333,1
"background",-53.1041666666667,4.60416666666667,2
"background",-64.8541666666667,-34.9791666666667,2
"background",20.2291666666667,-0.770833333333332,1
"background",-76.8958333333333,-10.6041666666667,2
"background",-99.8125,21.1041666666667,2
"background",-73.4375,6.97916666666667,2
"background",-74.5625,6.4375,1
"background",23.3958333333333,-5.8125,1
"background",-85.6875,12.5208333333333,2
"background",-77.8125,2.39583333333334,1
"background",-55.2708333333333,-9.02083333333333,2
"background",-70.5625,10.8125,1
"background",-64.1458333333333,-34.9375,1
"background",-85.4375,12.5625,1
"background",106.104166666667,-5.9375,2
"background",166.9375,-22.3958333333333,1
"background",-75.8541666666667,20.4375,1
"background",-76.3125,6.10416666666667,2
"background",-61.7708333333333,-2.8125,1
"background",-77.2291666666667,-0.3125,2
"background",-78.1875,-1.8125,2
"background",-72.7708333333333,7.35416666666667,1
"background",123.979166666667,10.4375,1
"background",-90.6458333333333,17.1875,1
"background",-60.8125,-3.60416666666666,1
"background",-65.8541666666667,8.9375,1
"background",-73.5208333333333,11.0208333333333,2
"background",22.1458333333333,-5.39583333333333,1
"background",14.8125,-4.5625,1
"background",-85.8125,13.5208333333333,1
"background",-75.9791666666667,3.1875,1
"background",-85.3541666666667,11.0625,2
"background",165.895833333333,-21.6458333333333,1
"background",-53.6875,3.39583333333334,2
"background",23.0208333333333,-2.85416666666666,2
"background",102.020833333333,3.22916666666667,1
"background",-77.0208333333333,-10.8125,2
"background",-77.3958333333333,-9.39583333333333,1
"background",-60.3958333333333,-2.14583333333333,2
"background",-60.2708333333333,-2.85416666666666,2
"background",-97.4791666666667,18.3958333333333,1
"background",-78.2291666666667,-1.27083333333333,2
"background",-99.9375,19.1458333333333,2
"background",-86.4375,15.7291666666667,1
"background",-80.0625,0.6875,2
"background",-55.3541666666667,-9.22916666666666,1
"background",-90.9791666666667,16.6458333333333,2
"background",-90.1458333333333,17.3541666666667,1
"background",-86.4791666666667,14.1458333333333,2
"background",-83.3125,8.6875,1
"background",22.4791666666667,-6.64583333333333,2
"background",123.645833333333,10.1458333333333,1
"background",-82.2291666666667,8.97916666666667,1
"background",-66.1875,10.1041666666667,1
"background",-77.8541666666667,-10.4791666666667,2
"background",-86.1875,12.1041666666667,1
"background",-86.6458333333333,13.1875,1
"background",-86.9375,14.3958333333333,1
"background",23.9791666666667,-3.77083333333333,2
"background",-76.8541666666667,-1.02083333333333,1
"background",144.145833333333,-5.35416666666666,1
"background",-83.5208333333333,21.9375,1
"background",165.6875,-21.6041666666667,1
"background",-67.1041666666667,7.64583333333334,2
"background",143.729166666667,-4.97916666666666,1
"background",-99.9375,20.1041666666667,2
"background",18.1458333333333,-0.520833333333332,1
"background",23.8125,-3.39583333333333,1
"background",-77.0625,-9.4375,2
"background",-73.4375,5.60416666666667,2
"background",23.1458333333333,-3.60416666666666,2
"background",-89.8125,16.6041666666667,2
"background",-75.2291666666667,6.22916666666667,2
"background",-100.145833333333,19.5625,1
"background",-53.5625,3.77083333333334,1
"background",-76.6041666666667,1.6875,1
"background",-72.1458333333333,-13.1041666666667,1
"background",-88.6458333333333,14.2291666666667,1
"background",-98.4375,18.8125,2
"background",-73.7708333333333,7.14583333333334,2
"background",-89.3541666666667,14.5625,2
"background",-53.9375,3.35416666666667,1
"background",108.854166666667,-7.0625,2
"background",-52.1458333333333,4.47916666666667,2
"background",-61.7708333333333,10.1458333333333,2
"background",-74.4791666666667,10.3958333333333,1
"background",107.520833333333,-6.1875,2
"background",21.9791666666667,-5.64583333333333,2
"background",-77.1875,2.0625,2
"background",-73.8958333333333,6.10416666666667,1
"background",23.1041666666667,-5.35416666666666,1
"background",-55.0625,-10.5208333333333,1
"background",-75.3125,6.64583333333334,2
"background",21.9375,-5.4375,2
"background",20.3125,-0.229166666666664,1
"background",-77.2291666666667,-0.979166666666664,2
"background",-76.3541666666667,4.1875,2
"background",-90.3958333333333,16.9375,1
"background",-73.8125,5.1875,1
"background",21.6458333333333,-0.520833333333332,1
"background",-77.2708333333333,21.3541666666667,1
"background",-86.6041666666667,14.5625,1
"background",-73.6041666666667,5.77083333333334,2
"background",-73.9375,10.6875,1
"background",-88.4375,13.6458333333333,2
"background",-101.145833333333,20.1041666666667,2
"background",-74.0208333333333,4.22916666666667,2
"background",-71.1458333333333,-13.7291666666667,2
"background",-72.1458333333333,18.4375,2
"background",-88.7708333333333,14.5208333333333,1
"background",-74.0625,5.0625,2
"background",-73.6875,10.6041666666667,1
"background",-79.4375,-0.270833333333332,1
"background",-73.2291666666667,7.14583333333334,1
"background",-71.7708333333333,19.0208333333333,1
"background",-98.9375,19.7291666666667,1
"background",-73.3125,10.7291666666667,1
"background",-78.3958333333333,-0.520833333333332,1
"background",-83.4375,9.89583333333333,1
"background",-66.3541666666667,18.3958333333333,2
"background",-89.8541666666667,16.3958333333333,2
"background",123.1875,10.8541666666667,1
"background",-86.6875,13.3125,1
"background",-76.9375,-11.5625,2
"background",-69.7291666666667,10.3125,1
"background",-71.6458333333333,-13.0208333333333,2
"background",-98.3125,19.9791666666667,2
"background",-76.7708333333333,-0.520833333333332,2
"background",-88.3125,14.8125,2
"background",146.020833333333,-4.60416666666666,1
"background",-66.1458333333333,8.85416666666667,1
"background",-73.5208333333333,7.72916666666667,2
"background",-77.1041666666667,-11.3958333333333,2
"background",24.2708333333333,-3.10416666666666,2
"background",107.1875,-6.72916666666666,2
"background",-61.7291666666667,-3.22916666666666,1
"background",-73.3541666666667,4.89583333333334,2
"background",-76.8125,-11.1041666666667,1
"background",-98.6875,20.5625,2
"background",-53.6875,4.0625,2
"background",-69.6041666666667,10.3958333333333,1
"background",22.6041666666667,-6.8125,2
"background",-81.6875,22.2291666666667,2
"background",-84.3958333333333,10.6041666666667,1
"background",-77.4791666666667,-9.60416666666666,1
"background",-90.0208333333333,14.5625,2
"background",14.2708333333333,-5.97916666666666,2
"background",105.895833333333,-6.6875,2
"background",-54.2708333333333,-10.3125,1
"background",-82.3125,8.22916666666667,1
"background",-61.3958333333333,10.7291666666667,2
"background",143.354166666667,-5.27083333333333,1
"background",-85.0625,11.1875,2
"background",-64.4375,-34.2291666666667,2
"background",-76.3541666666667,-12.6875,1
"background",-98.8125,18.6458333333333,2
"background",17.3958333333333,0.229166666666668,1
"background",-90.7291666666667,15.8125,1
"background",119.645833333333,-5.5625,1
"background",-54.4375,-10.8541666666667,2
"background",-74.1875,5.4375,1
"background",-89.6875,14.1875,2
"background",-55.6041666666667,-9.72916666666666,2
"background",-79.1875,-0.4375,2
"background",-77.8541666666667,2.5625,2
"background",-86.9791666666667,15.0208333333333,1
"background",-84.0208333333333,10.3958333333333,2
"background",-90.1041666666667,15.9791666666667,2
"background",166.1875,-21.8958333333333,2
"background",-100.020833333333,18.6458333333333,1
"background",106.3125,-6.35416666666666,1
"background",22.7291666666667,-5.5625,2
"background",110.9375,-7.97916666666666,2
"background",-74.4791666666667,6.77083333333334,2
"background",-79.9375,0.645833333333336,2
"background",110.8125,-7.3125,2
"background",-60.6458333333333,-2.97916666666666,1
"background",-66.6458333333333,10.4791666666667,2
"background",-69.3958333333333,10.6041666666667,1
"background",-72.2708333333333,6.97916666666667,2
"background",13.0625,-5.39583333333333,2
"background",-99.8958333333333,21.1458333333333,1
"background",-86.3541666666667,13.6875,2
"background",-89.3958333333333,14.4375,1
"background",-84.7291666666667,11.0625,2
"background",-54.2291666666667,-9.85416666666666,1
"background",-77.4375,-0.479166666666664,1
"background",120.020833333333,-4.35416666666666,2
"background",-72.6458333333333,7.9375,2
"background",145.729166666667,-6.22916666666666,2
"background",-71.6875,-12.7708333333333,2
"background",145.6875,-6.14583333333333,1
"background",-100.8125,20.6041666666667,2
"background",-71.1041666666667,18.4375,2
"background",-65.8125,8.10416666666667,2
"background",-83.1458333333333,8.60416666666667,2
"background",-84.3541666666667,10.9375,1
"background",-64.3541666666667,-34.5625,1
"background",-76.1041666666667,2.3125,2
"background",18.0625,0.729166666666668,1
"background",-65.6041666666667,8.22916666666667,1
"background",-68.3958333333333,10.4791666666667,1
"background",-65.6458333333333,8.77083333333333,2
"background",-78.3125,21.8541666666667,1
"background",18.8125,-0.395833333333332,1
"background",-90.8541666666667,16.0625,2
"background",-83.6875,9.10416666666667,1
"background",-60.1458333333333,-2.85416666666666,2
"background",-76.4375,-12.2708333333333,1
"background",-71.8958333333333,-12.5208333333333,1
"background",-69.7708333333333,11.0625,1
"background",-89.0208333333333,14.0625,2
"background",15.4375,-4.10416666666666,2
"background",-89.0208333333333,14.3125,1
"background",122.854166666667,11.1875,1
"background",21.4375,-6.02083333333333,1
"background",-79.8541666666667,0.229166666666668,2
"background",-77.8958333333333,22.0208333333333,2
"background",-82.1458333333333,8.47916666666667,2
"background",-61.6041666666667,-2.39583333333333,2
"background",-78.4791666666667,-0.729166666666664,2
"background",-87.8958333333333,13.8541666666667,2
"background",-76.1041666666667,-12.0208333333333,2
"background",-90.3125,15.9375,2
"background",-71.5625,18.0625,2
"background",-65.6875,7.77083333333334,1
"background",-65.6875,8.60416666666667,1
"background",21.8125,-0.479166666666664,2
"background",-65.6458333333333,7.4375,2
"background",22.8125,-6.39583333333333,1
"background",119.5625,-5.60416666666666,1
"background",-88.8125,15.1041666666667,2
"background",-60.2291666666667,-1.89583333333333,1
"background",-89.8541666666667,16.5208333333333,2
"background",22.3958333333333,-6.39583333333333,2
"background",102.104166666667,3.22916666666667,2
"background",-88.2708333333333,15.1458333333333,2
"background",-75.9375,20.3541666666667,1
"background",-52.4791666666667,3.22916666666667,1
"background",-84.3125,9.77083333333333,2
"background",-82.4375,8.52083333333333,1
"background",-79.3541666666667,0.604166666666668,1
"background",102.229166666667,2.5625,1
"background",-60.7708333333333,11.2291666666667,1
"background",-89.3958333333333,-0.770833333333332,2
"background",-73.8541666666667,4.52083333333334,2
"background",-67.1875,9.6875,2
"background",101.854166666667,3.5625,1
"background",145.354166666667,-6.39583333333333,2
"background",-65.1875,-34.0625,1
"background",-86.6875,12.1875,2
"background",-77.8958333333333,-1.39583333333333,1
"background",-71.4791666666667,-13.3958333333333,2
"background",-99.6875,19.6041666666667,1
"background",21.7708333333333,-6.39583333333333,1
"background",-99.7708333333333,21.0625,1
"background",12.4791666666667,-5.89583333333333,1
"background",-53.6875,4.22916666666667,2
"background",-74.3541666666667,6.27083333333334,1
"background",-81.6875,23.1041666666667,1
"background",-72.3958333333333,-14.2291666666667,1
"background",-76.2708333333333,5.52083333333334,1
"background",-87.6875,13.8541666666667,2
"background",-70.0208333333333,11.8958333333333,2
"background",164.729166666667,-20.6041666666667,1
"background",-86.6875,15.5208333333333,2
"background",12.3125,-5.64583333333333,2
"background",-73.6041666666667,4.77083333333334,2
"background",-75.9375,20.4375,2
"background",145.854166666667,-17.2291666666667,2
"background",109.020833333333,-7.64583333333333,1
"background",-77.0625,-12.1041666666667,2
"background",-55.2708333333333,-10.4375,1
"background",111.1875,-7.52083333333333,2
"background",-76.9791666666667,-11.5625,2
"background",-61.7708333333333,-3.1875,2
"background",111.479166666667,-7.6875,1
"background",-101.3125,21.7291666666667,1
"background",13.9791666666667,-5.8125,2
"background",20.8958333333333,-0.145833333333332,1
"background",-54.0208333333333,4.02083333333334,2
"background",-87.3541666666667,15.0208333333333,2
"background",-52.6041666666667,5.14583333333334,2
"background",-64.4791666666667,-35.3958333333333,2
"background",106.145833333333,-6.52083333333333,1
"background",-99.2708333333333,20.2291666666667,1
"background",-76.6875,-10.9375,2
"background",-89.8541666666667,14.8958333333333,2
"background",-74.0625,5.14583333333334,1
"background",-72.4791666666667,7.47916666666667,2
"background",-89.1041666666667,14.3125,2
"background",123.354166666667,9.64583333333333,2
"background",146.020833333333,-5.47916666666666,1
"background",-52.4791666666667,4.52083333333334,1
"background",-89.5208333333333,15.1041666666667,1
"background",-65.5625,-34.5208333333333,1
"background",-52.4375,4.47916666666667,2
"background",-74.9375,4.10416666666667,2
"background",-73.8541666666667,5.72916666666667,2
"background",-74.5208333333333,4.0625,2
"background",164.8125,-20.5625,1
"background",-83.8958333333333,22.7291666666667,2
"background",23.3125,-2.97916666666666,2
"background",-73.8125,6.10416666666667,2
"background",-85.9375,12.5625,1
"background",-100.354166666667,20.9791666666667,1
"background",-74.8541666666667,4.52083333333334,2
"background",-84.3125,9.8125,2
"background",24.4791666666667,-2.64583333333333,2
"background",-66.5625,7.1875,2
"background",-88.5625,14.2291666666667,2
"background",-98.5625,20.2291666666667,2
"background",-82.4791666666667,8.52083333333333,1
"background",21.9375,-6.27083333333333,2
"background",-61.8541666666667,-2.35416666666666,1
"background",145.270833333333,-5.97916666666666,2
"background",-77.8125,-0.895833333333332,2
"background",110.4375,-7.85416666666666,1
"background",-85.7708333333333,11.2291666666667,1
"background",110.104166666667,-7.47916666666666,2
"background",-76.6458333333333,-1.10416666666666,1
"background",-75.7708333333333,2.47916666666667,2
"background",12.8125,-4.97916666666666,2
"background",-89.2708333333333,14.1458333333333,2
"background",-77.1875,2.47916666666667,1
"background",-54.3958333333333,-9.64583333333333,2
"background",-76.4791666666667,4.3125,2
"background",-66.4791666666667,7.77083333333334,2
"background",-72.1458333333333,18.9791666666667,2
"background",-54.0208333333333,-9.72916666666666,1
"background",-66.3958333333333,7.89583333333334,2
"background",-76.4375,-11.3958333333333,2
"background",-86.9791666666667,15.1041666666667,2
"background",-72.8541666666667,5.4375,1
"background",-83.6041666666667,10.0208333333333,1
"background",-91.0625,17.1875,2
"background",-66.2291666666667,10.6458333333333,1
"background",145.395833333333,-5.39583333333333,2
"background",-75.3958333333333,6.6875,2
"background",-86.9375,13.3958333333333,1
"background",-71.6875,19.0208333333333,2
"background",-100.6875,19.1458333333333,1
"background",15.5208333333333,-4.10416666666666,1
"background",-52.3541666666667,4.10416666666667,1
"background",-76.3541666666667,4.27083333333334,1
"background",-98.6458333333333,19.3958333333333,1
"background",-61.3958333333333,10.2708333333333,1
"background",-99.6041666666667,19.5625,1
"background",-77.5208333333333,17.8958333333333,2
"background",22.9375,-2.8125,2
"background",-84.2291666666667,22.1041666666667,1
"background",23.7291666666667,-4.27083333333333,1
"background",23.0625,-3.47916666666666,1
"background",14.9375,-4.5625,1
"background",-72.2291666666667,6.77083333333334,1
"background",165.020833333333,-20.8541666666667,2
"background",-54.8541666666667,-9.6875,1
"background",-72.6875,4.77083333333334,1
"background",-74.0208333333333,6.5625,2
"background",-76.8958333333333,-12.0625,1
"background",-74.3958333333333,10.1875,2
"background",22.6041666666667,-5.22916666666666,1
"background",-53.7708333333333,3.02083333333334,1
"background",108.895833333333,-7.10416666666666,1
"background",-75.6041666666667,3.6875,1
"background",-78.4791666666667,2.5625,1
"background",-82.9791666666667,8.4375,2
"background",-61.3125,-2.85416666666666,2
"background",-76.0208333333333,1.89583333333334,2
"background",13.6875,-6.72916666666666,2
"background",-73.6875,4.4375,1
"background",-81.6041666666667,22.6041666666667,2
"background",-76.9375,-1.8125,1
"background",-98.4791666666667,18.3125,2
"background",-99.1875,20.6041666666667,1
"background",15.8125,-4.02083333333333,1
"background",-86.8125,12.2291666666667,1
"background",-98.0625,18.7291666666667,2
"background",24.5625,-3.89583333333333,2
"background",20.7291666666667,-0.520833333333332,2
"background",-60.2291666666667,-3.10416666666666,2
"background",-71.2708333333333,18.4791666666667,2
"background",101.9375,2.5625,2
"background",18.1458333333333,0.3125,1
"background",108.729166666667,-7.02083333333333,2
"background",-64.6875,-34.2708333333333,2
"background",-99.8541666666667,19.7291666666667,2
"background",-86.9375,14.6458333333333,2
"background",-83.0625,9.1875,2
"background",-156.604166666667,20.8958333333333,1
"background",-99.8125,20.6041666666667,2
"background",-74.3541666666667,6.8125,1
"background",-80.0625,0.0625,2
"background",-85.9791666666667,12.3958333333333,1
"background",109.3125,-7.10416666666666,2
"background",-76.5625,5.52083333333334,2
"background",-100.354166666667,20.6875,2
"background",20.4375,-0.895833333333332,1
"background",-72.0625,-13.8958333333333,1
"background",-98.4791666666667,20.3958333333333,1
"background",-87.1875,13.9375,1
"background",13.4375,-6.0625,1
"background",18.4375,0.895833333333336,2
"background",-61.0625,10.5208333333333,2
"background",-69.5208333333333,10.2708333333333,1
"background",22.4791666666667,-5.35416666666666,1
"background",24.2708333333333,-3.22916666666666,1
"background",-69.7708333333333,11.4375,2
"background",-76.0625,4.97916666666667,1
"background",-76.8125,1.72916666666667,1
"background",-69.4791666666667,10.7291666666667,1
"background",-100.854166666667,20.1875,2
"background",-80.1458333333333,-0.479166666666664,1
"background",-67.0208333333333,10.3541666666667,2
"background",-91.2291666666667,-0.729166666666664,1
"background",-89.0208333333333,14.8541666666667,2
"background",-100.1875,19.9791666666667,1
"background",145.645833333333,-5.5625,1
"background",-73.3125,8.02083333333333,1
"background",-98.8125,18.9375,2
"background",-75.2708333333333,4.89583333333334,1
"background",18.8958333333333,0.895833333333336,1
"background",-98.4791666666667,20.4375,2
"background",22.9375,-6.6875,1
"background",-78.3541666666667,22.1458333333333,1
"background",-84.6041666666667,11.1041666666667,2
"background",-73.7708333333333,6.6875,1
"background",-77.8125,-0.5625,2
"background",106.8125,-7.4375,2
"background",-157.895833333333,21.5625,2
"background",-65.9791666666667,8.72916666666667,1
"background",-98.0625,18.3125,1
"background",110.895833333333,-7.14583333333333,1
"background",-64.5625,-35.1041666666667,2
"background",102.0625,2.6875,1
"background",-83.1041666666667,8.85416666666667,1
"background",-78.7291666666667,21.7291666666667,2
"background",18.6875,-0.395833333333332,2
"background",22.9375,-5.1875,1
"background",-91.0208333333333,15.8958333333333,2
"background",145.104166666667,-17.1458333333333,2
"background",-91.0625,16.2291666666667,2
"background",12.7291666666667,-6.72916666666666,2
"background",23.4375,-3.8125,2
"background",-77.6041666666667,-9.4375,1
"background",-100.395833333333,19.4375,1
"background",-78.2291666666667,-0.6875,1
"background",-100.604166666667,21.5208333333333,1
"background",144.6875,-6.47916666666666,1
"background",-76.8541666666667,2.0625,2
"background",-86.8541666666667,13.7708333333333,1
"background",-86.8541666666667,14.1875,2
"background",-71.8541666666667,-13.5208333333333,1
"background",-67.1875,10.2291666666667,2
"background",102.270833333333,3.60416666666667,1
"background",-83.1458333333333,8.39583333333333,1
"background",-99.2708333333333,20.5625,1
"background",-71.8958333333333,18.8125,1
"background",13.0208333333333,-6.27083333333333,1
"background",-73.6875,5.27083333333334,1
"background",143.604166666667,-5.9375,2
"background",22.7708333333333,-6.0625,1
"background",-155.770833333333,19.8541666666667,1
"background",13.6041666666667,-5.85416666666666,1
"background",165.979166666667,-21.8125,2
"background",-100.520833333333,18.8958333333333,2
"background",-76.2708333333333,4.85416666666667,1
"background",120.020833333333,-5.47916666666666,1
"background",-85.8541666666667,13.3541666666667,2
"background",-77.7291666666667,18.2708333333333,1
"background",-89.7708333333333,13.7291666666667,1
"background",-90.9375,-0.854166666666664,2
"background",-85.1458333333333,10.5208333333333,1
"background",-77.6041666666667,-1.60416666666666,1
"background",-74.6041666666667,4.39583333333334,1
"background",17.7291666666667,0.3125,2
"background",-55.1458333333333,-9.3125,1
"background",20.0625,0.0625,1
"background",108.645833333333,-7.1875,1
"background",13.6875,-5.72916666666666,2
"background",-99.0625,20.2708333333333,1
"background",23.1875,-6.3125,1
"background",-76.8541666666667,3.27083333333334,1
"background",-78.1041666666667,-1.85416666666666,2
"background",145.479166666667,-17.5208333333333,1
"background",102.4375,3.64583333333334,1
"background",145.3125,-17.4375,2
"background",-86.1875,13.6041666666667,1
"background",14.1875,-5.97916666666666,1
"background",-88.3541666666667,14.4791666666667,1
"background",23.8958333333333,-3.72916666666666,2
"background",23.3958333333333,-3.10416666666666,1
"background",-74.5208333333333,4.3125,1
"background",166.6875,-22.1875,2
"background",120.3125,-4.27083333333333,2
