key,scientificName,species,taxonKey,acceptedTaxonKey,datasetKey,occurrenceID,basisOfRecord,countryCode,stateProvince,locality,decimalLongitude,decimalLatitude,coordinateUncertaintyInMeters,hasGeospatialIssues,issues,eventDate
5938112069,"Scytodes fusca Walckenaer, 1837",Scytodes fusca,5169044,5169044,50c9509d-22c7-4a22-a47d-8c48425ef4a7,https://www.inaturalist.org/observations/333350950,HUMAN_OBSERVATION,BR,Distrito Federal,,-47.864714,-15.737629,967.0,,"[""COORDINATE_ROUNDED"", ""CONTINENT_DERIVED_FROM_COORDINATES"", ""TAXON_ID_NOT_FOUND""]",2026-01-03T16:38
5938187692,"Scytodes fusca Walckenaer, 1837",Scytodes fusca,5169044,5169044,50c9509d-22c7-4a22-a47d-8c48425ef4a7,https://www.inaturalist.org/observations/333509806,HUMAN_OBSERVATION,BR,São Paulo,,-46.631163,-23.585255,22.0,,"[""COORDINATE_ROUNDED"", ""CONTINENT_DERIVED_FROM_COORDINATES"", ""TAXON_ID_NOT_FOUND""]",2026-01-04T20:48:23
5938690242,"Scytodes fusca Walckenaer, 1837",Scytodes fusca,5169044,5169044,50c9509d-22c7-4a22-a47d-8c48425ef4a7,https://www.inaturalist.org/observations/333261732,HUMAN_OBSERVATION,BR,São Paulo,,-46.749725,-23.440722,12.0,,"[""COORDINATE_ROUNDED"", ""CONTINENT_DERIVED_FROM_COORDINATES"", ""TAXON_ID_NOT_FOUND""]",2026-01-03T03:50:34
6129872815,"Scytodes fusca Walckenaer, 1837",Scytodes fusca,5169044,5169044,50c9509d-22c7-4a22-a47d-8c48425ef4a7,https://www.inaturalist.org/observations/333666435,HUMAN_OBSERVATION,BR,Minas Gerais,,-46.339572,-22.243565,30298.0,,"[""COORDINATE_ROUNDED"", ""CONTINENT_DERIVED_FROM_COORDINATES"", ""TAXON_ID_NOT_FOUND""]",2026-01-05T21:02:12
6130046257,"Scytodes fusca Walckenaer, 1837",Scytodes fusca,5169044,5169044,50c9509d-22c7-4a22-a47d-8c48425ef4a7,https://www.inaturalist.org/observations/334091129,HUMAN_OBSERVATION,BR,Espírito Santo,,-40.59978,-19.93495,17.0,,"[""CONTINENT_DERIVED_FROM_COORDINATES"", ""TAXON_ID_NOT_FOUND""]",2026-01-08T20:58:36
6130155367,"Scytodes fusca Walckenaer, 1837",Scytodes fusca,5169044,5169044,50c9509d-22c7-4a22-a47d-8c48425ef4a7,https://www.inaturalist.org/observations/336032351,HUMAN_OBSERVATION,US,Florida,,-80.13723,26.759512,492.0,,"[""COORDINATE_ROUNDED"", ""CONTINENT_DERIVED_FROM_COORDINATES"", ""TAXON_ID_NOT_FOUND""]",2026-01-24T16:48:51
6130162821,"Scytodes fusca Walckenaer, 1837",Scytodes fusca,5169044,5169044,50c9509d-22c7-4a22-a47d-8c48425ef4a7,https://www.inaturalist.org/observations/333771133,HUMAN_OBSERVATION,BR,Distrito Federal,,-47.809397,-15.799297,1.0,,"[""COORDINATE_ROUNDED"", ""CONTINENT_DERIVED_FROM_COORDINATES"", ""TAXON_ID_NOT_FOUND""]",2026-01-03T10:52
6130681495,"Scytodes fusca Walckenaer, 1837",Scytodes fusca,5169044,5169044,50c9509d-22c7-4a22-a47d-8c48425ef4a7,https://www.inaturalist.org/observations/335596293,HUMAN_OBSERVATION,SG,East,,103.952783,1.378472,44.0,,"[""COORDINATE_ROUNDED"", ""CONTINENT_DERIVED_FROM_COORDINATES"", ""TAXON_ID_NOT_FOUND""]",2026-01-17T21:12:39
6130995327,"Scytodes fusca Walckenaer, 1837",Scytodes fusca,5169044,5169044,50c9509d-22c7-4a22-a47d-8c48425ef4a7,https://www.inaturalist.org/observations/333730837,HUMAN_OBSERVATION,CR,Puntarenas,,-82.956337,8.803595,18.0,,"[""COORDINATE_ROUNDED"", ""CONTINENT_DERIVED_FROM_COORDINATES"", ""TAXON_ID_NOT_FOUND""]",2026-01-05T19:43:06
6131083782,"Scytodes fusca Walckenaer, 1837",Scytodes fusca,5169044,5169044,50c9509d-22c7-4a22-a47d-8c48425ef4a7,https://www.inaturalist.org/observations/335073822,HUMAN_OBSERVATION,BR,Espírito Santo,,-40.302481,-20.318864,544.0,,"[""COORDINATE_ROUNDED"", ""CONTINENT_DERIVED_FROM_COORDINATES"", ""TAXON_ID_NOT_FOUND""]",2026-01-17T11:50
6131150280,"Scytodes fusca Walckenaer, 1837",Scytodes fusca,5169044,5169044,50c9509d-22c7-4a22-a47d-8c48425ef4a7,https://www.inaturalist.org/observations/335653635,HUMAN_OBSERVATION,US,Florida,,-80.148675,26.761133,9.0,,"[""COORDINATE_ROUNDED"", ""CONTINENT_DERIVED_FROM_COORDINATES"", ""TAXON_ID_NOT_FOUND""]",2026-01-21T16:34:47
6131175527,"Scytodes fusca Walckenaer, 1837",Scytodes fusca,5169044,5169044,50c9509d-22c7-4a22-a47d-8c48425ef4a7,https://www.inaturalist.org/observations/334754177,HUMAN_OBSERVATION,BR,São Paulo,,-46.739006,-23.605698,,,"[""COORDINATE_ROUNDED"", ""CONTINENT_DERIVED_FROM_COORDINATES"", ""TAXON_ID_NOT_FOUND""]",2026-01-07T19:56:57
6131386649,"Scytodes fusca Walckenaer, 1837",Scytodes fusca,5169044,5169044,50c9509d-22c7-4a22-a47d-8c48425ef4a7,https://www.inaturalist.org/observations/335729518,HUMAN_OBSERVATION,US,Florida,,-80.317378,26.030243,29891.0,,"[""COORDINATE_ROUNDED"", ""CONTINENT_DERIVED_FROM_COORDINATES"", ""TAXON_ID_NOT_FOUND""]",2026-01-20T18:26:13
6131410993,"Scytodes fusca Walckenaer, 1837",Scytodes fusca,5169044,5169044,50c9509d-22c7-4a22-a47d-8c48425ef4a7,https://www.inaturalist.org/observations/334427423,HUMAN_OBSERVATION,BR,Ceará,,-38.477777,-3.812592,,,"[""COORDINATE_ROUNDED"", ""CONTINENT_DERIVED_FROM_COORDINATES"", ""TAXON_ID_NOT_FOUND""]",2026-01-10T12:17
6131416680,"Scytodes fusca Walckenaer, 1837",Scytodes fusca,5169044,5169044,50c9509d-22c7-4a22-a47d-8c48425ef4a7,https://www.inaturalist.org/observations/336264667,HUMAN_OBSERVATION,US,Florida,,-80.392603,26.28812,29868.0,,"[""COORDINATE_ROUNDED"", ""CONTINENT_DERIVED_FROM_COORDINATES"", ""TAXON_ID_NOT_FOUND""]",2026-01-26T12:35
6131536635,"Scytodes fusca Walckenaer, 1837",Scytodes fusca,5169044,5169044,50c9509d-22c7-4a22-a47d-8c48425ef4a7,https://www.inaturalist.org/observations/334102172,HUMAN_OBSERVATION,BR,Ceará,,-38.499222,-3.753123,,,"[""COORDINATE_ROUNDED"", ""CONTINENT_DERIVED_FROM_COORDINATES"", ""TAXON_ID_NOT_FOUND""]",2026-01-08T14:58
6133034947,"Scytodes fusca Walckenaer, 1837",Scytodes fusca,5169044,5169044,50c9509d-22c7-4a22-a47d-8c48425ef4a7,https://www.inaturalist.org/observations/336750577,HUMAN_OBSERVATION,US,Florida,,-80.140608,26.786487,8.0,,"[""COORDINATE_ROUNDED"", ""CONTINENT_DERIVED_FROM_COORDINATES"", ""TAXON_ID_NOT_FOUND""]",2026-01-30T17:45:47
6133332708,"Scytodes fusca Walckenaer, 1837",Scytodes fusca,5169044,5169044,50c9509d-22c7-4a22-a47d-8c48425ef4a7,https://www.inaturalist.org/observations/336364494,HUMAN_OBSERVATION,BR,Santa Catarina,,-48.597718,-27.567585,3302.0,,"[""COORDINATE_ROUNDED"", ""CONTINENT_DERIVED_FROM_COORDINATES"", ""TAXON_ID_NOT_FOUND""]",2026-01-27T11:10:24
6170832387,"Scytodes fusca Walckenaer, 1837",Scytodes fusca,5169044,5169044,50c9509d-22c7-4a22-a47d-8c48425ef4a7,https://www.inaturalist.org/observations/336123963,HUMAN_OBSERVATION,BR,Ceará,,-38.486247,-3.748278,,,"[""COORDINATE_ROUNDED"", ""CONTINENT_DERIVED_FROM_COORDINATES"", ""TAXON_ID_NOT_FOUND""]",2026-01-22T10:44
6171020852,"Scytodes fusca Walckenaer, 1837",Scytodes fusca,5169044,5169044,50c9509d-22c7-4a22-a47d-8c48425ef4a7,https://www.inaturalist.org/observations/336314915,HUMAN_OBSERVATION,BR,São Paulo,,-46.655041,-23.675651,100.0,,"[""CONTINENT_DERIVED_FROM_COORDINATES"", ""TAXON_ID_NOT_FOUND""]",2026-01-27T01:04:26
6178529661,"Scytodes fusca Walckenaer, 1837",Scytodes fusca,5169044,5169044,50c9509d-22c7-4a22-a47d-8c48425ef4a7,https://www.inaturalist.org/observations/336077427,HUMAN_OBSERVATION,BR,Santa Catarina,,-49.278921,-26.794102,2087.0,,"[""COORDINATE_ROUNDED"", ""CONTINENT_DERIVED_FROM_COORDINATES"", ""TAXON_ID_NOT_FOUND""]",2026-01-16T21:40:13
6178945242,"Scytodes fusca Walckenaer, 1837",Scytodes fusca,5169044,5169044,50c9509d-22c7-4a22-a47d-8c48425ef4a7,https://www.inaturalist.org/observations/334844792,HUMAN_OBSERVATION,BR,Ceará,,-38.469693,-3.828465,,,"[""COORDINATE_ROUNDED"", ""CONTINENT_DERIVED_FROM_COORDINATES"", ""TAXON_ID_NOT_FOUND""]",2026-01-13T09:05
6178959574,"Scytodes fusca Walckenaer, 1837",Scytodes fusca,5169044,5169044,50c9509d-22c7-4a22-a47d-8c48425ef4a7,https://www.inaturalist.org/observations/334975277,HUMAN_OBSERVATION,BR,São Paulo,,-46.728477,-23.569896,342.0,,"[""COORDINATE_ROUNDED"", ""CONTINENT_DERIVED_FROM_COORDINATES"", ""TAXON_ID_NOT_FOUND""]",2026-01-16T16:06:28
6179115540,"Scytodes fusca Walckenaer, 1837",Scytodes fusca,5169044,5169044,50c9509d-22c7-4a22-a47d-8c48425ef4a7,https://www.inaturalist.org/observations/341621954,HUMAN_OBSERVATION,BR,São Paulo,,-52.17186,-22.621273,73.0,,"[""COORDINATE_ROUNDED"", ""CONTINENT_DERIVED_FROM_COORDINATES"", ""TAXON_ID_NOT_FOUND""]",2026-01-13T00:17
6185365529,"Scytodes fusca Walckenaer, 1837",Scytodes fusca,5169044,5169044,50c9509d-22c7-4a22-a47d-8c48425ef4a7,https://www.inaturalist.org/observations/336911588,HUMAN_OBSERVATION,US,Florida,,-80.075028,26.916022,2.0,,"[""COORDINATE_ROUNDED"", ""CONTINENT_DERIVED_FROM_COORDINATES"", ""TAXON_ID_NOT_FOUND""]",2026-01-31T14:55:52
6195307421,"Scytodes fusca Walckenaer, 1837",Scytodes fusca,5169044,5169044,50c9509d-22c7-4a22-a47d-8c48425ef4a7,https://www.inaturalist.org/observations/349368598,HUMAN_OBSERVATION,US,Florida,,-81.761763,26.30023,13.0,,"[""COORDINATE_ROUNDED"", ""CONTINENT_DERIVED_FROM_COORDINATES"", ""TAXON_ID_NOT_FOUND""]",2026-01-18T09:12:46
6133592363,"Scytodes fusca Walckenaer, 1837",Scytodes fusca,5169044,5169044,50c9509d-22c7-4a22-a47d-8c48425ef4a7,https://www.inaturalist.org/observations/337140405,HUMAN_OBSERVATION,BR,São Paulo,,-47.788544,-22.666639,,,"[""COORDINATE_ROUNDED"", ""CONTINENT_DERIVED_FROM_COORDINATES"", ""TAXON_ID_NOT_FOUND""]",2026-02-02T19:33:55
6147340214,"Scytodes fusca Walckenaer, 1837",Scytodes fusca,5169044,5169044,50c9509d-22c7-4a22-a47d-8c48425ef4a7,https://www.inaturalist.org/observations/337541594,HUMAN_OBSERVATION,BR,Santa Catarina,,-48.655208,-28.152398,,,"[""COORDINATE_ROUNDED"", ""CONTINENT_DERIVED_FROM_COORDINATES"", ""TAXON_ID_NOT_FOUND""]",2026-02-06T10:29:08
6147426522,"Scytodes fusca Walckenaer, 1837",Scytodes fusca,5169044,5169044,50c9509d-22c7-4a22-a47d-8c48425ef4a7,https://www.inaturalist.org/observations/337549499,HUMAN_OBSERVATION,AU,Queensland,,152.931258,-26.854483,19.0,,"[""COORDINATE_ROUNDED"", ""CONTINENT_DERIVED_FROM_COORDINATES"", ""TAXON_ID_NOT_FOUND""]",2026-02-06T12:22:47
6147447794,"Scytodes fusca Walckenaer, 1837",Scytodes fusca,5169044,5169044,50c9509d-22c7-4a22-a47d-8c48425ef4a7,https://www.inaturalist.org/observations/337724076,HUMAN_OBSERVATION,US,Florida,,-80.646505,26.665504,15.0,,"[""COORDINATE_ROUNDED"", ""CONTINENT_DERIVED_FROM_COORDINATES"", ""TAXON_ID_NOT_FOUND""]",2026-02-04T21:53
6147587149,"Scytodes fusca Walckenaer, 1837",Scytodes fusca,5169044,5169044,50c9509d-22c7-4a22-a47d-8c48425ef4a7,https://www.inaturalist.org/observations/337151672,HUMAN_OBSERVATION,BR,São Paulo,,-47.788553,-22.666639,,,"[""COORDINATE_ROUNDED"", ""CONTINENT_DERIVED_FROM_COORDINATES"", ""TAXON_ID_NOT_FOUND""]",2026-02-02T21:10:53
6147603813,"Scytodes fusca Walckenaer, 1837",Scytodes fusca,5169044,5169044,50c9509d-22c7-4a22-a47d-8c48425ef4a7,https://www.inaturalist.org/observations/337943176,HUMAN_OBSERVATION,ZA,Western Cape,,18.97733,-33.815647,16.0,,"[""COORDINATE_ROUNDED"", ""CONTINENT_DERIVED_FROM_COORDINATES"", ""TAXON_ID_NOT_FOUND""]",2026-02-09T15:31
6147640525,"Scytodes fusca Walckenaer, 1837",Scytodes fusca,5169044,5169044,50c9509d-22c7-4a22-a47d-8c48425ef4a7,https://www.inaturalist.org/observations/337931305,HUMAN_OBSERVATION,BR,São Paulo,,-48.80356,-22.595912,14.0,,"[""COORDINATE_ROUNDED"", ""CONTINENT_DERIVED_FROM_COORDINATES"", ""TAXON_ID_NOT_FOUND""]",2026-02-09T07:17:18
6159545240,"Scytodes fusca Walckenaer, 1837",Scytodes fusca,5169044,5169044,50c9509d-22c7-4a22-a47d-8c48425ef4a7,https://www.inaturalist.org/observations/338017024,HUMAN_OBSERVATION,US,Florida,,-82.144712,26.97723,1700.0,,"[""COORDINATE_ROUNDED"", ""CONTINENT_DERIVED_FROM_COORDINATES"", ""TAXON_ID_NOT_FOUND""]",2026-02-09T19:16
6159645066,"Scytodes fusca Walckenaer, 1837",Scytodes fusca,5169044,5169044,50c9509d-22c7-4a22-a47d-8c48425ef4a7,https://www.inaturalist.org/observations/338860933,HUMAN_OBSERVATION,AU,Queensland,,146.825125,-19.2651,,,"[""CONTINENT_DERIVED_FROM_COORDINATES"", ""TAXON_ID_NOT_FOUND""]",2026-02-16T20:24:53
6162771898,"Scytodes fusca Walckenaer, 1837",Scytodes fusca,5169044,5169044,50c9509d-22c7-4a22-a47d-8c48425ef4a7,https://www.inaturalist.org/observations/339740690,HUMAN_OBSERVATION,IN,Karnataka,,77.026378,11.935205,22.0,,"[""COORDINATE_ROUNDED"", ""CONTINENT_DERIVED_FROM_COORDINATES"", ""TAXON_ID_NOT_FOUND""]",2026-02-18T16:26:18
6162881225,"Scytodes fusca Walckenaer, 1837",Scytodes fusca,5169044,5169044,50c9509d-22c7-4a22-a47d-8c48425ef4a7,https://www.inaturalist.org/observations/339755836,HUMAN_OBSERVATION,BR,São Paulo,,-46.970036,-22.831133,30237.0,,"[""COORDINATE_ROUNDED"", ""CONTINENT_DERIVED_FROM_COORDINATES"", ""TAXON_ID_NOT_FOUND""]",2026-02-21T19:54:19
6163053675,"Scytodes fusca Walckenaer, 1837",Scytodes fusca,5169044,5169044,50c9509d-22c7-4a22-a47d-8c48425ef4a7,https://www.inaturalist.org/observations/339583274,HUMAN_OBSERVATION,BR,Minas Gerais,,-42.87629,-20.754665,100.0,,"[""COORDINATE_ROUNDED"", ""CONTINENT_DERIVED_FROM_COORDINATES"", ""TAXON_ID_NOT_FOUND""]",2026-02-21T13:24:18
6163249822,"Scytodes fusca Walckenaer, 1837",Scytodes fusca,5169044,5169044,50c9509d-22c7-4a22-a47d-8c48425ef4a7,https://www.inaturalist.org/observations/339030588,HUMAN_OBSERVATION,US,Florida,,-82.520204,27.282963,16.0,,"[""COORDINATE_ROUNDED"", ""CONTINENT_DERIVED_FROM_COORDINATES"", ""TAXON_ID_NOT_FOUND""]",2026-02-17T07:23:01
6170863113,"Scytodes fusca Walckenaer, 1837",Scytodes fusca,5169044,5169044,50c9509d-22c7-4a22-a47d-8c48425ef4a7,https://www.inaturalist.org/observations/340492917,HUMAN_OBSERVATION,MX,Quintana Roo,,-88.263555,18.543458,,,"[""COORDINATE_ROUNDED"", ""CONTINENT_DERIVED_FROM_COORDINATES"", ""TAXON_ID_NOT_FOUND""]",2026-02-27T15:53:07
6170938089,"Scytodes fusca Walckenaer, 1837",Scytodes fusca,5169044,5169044,50c9509d-22c7-4a22-a47d-8c48425ef4a7,https://www.inaturalist.org/observations/340612865,HUMAN_OBSERVATION,BR,Minas Gerais,,-48.225807,-18.960285,2048.0,,"[""COORDINATE_ROUNDED"", ""CONTINENT_DERIVED_FROM_COORDINATES"", ""TAXON_ID_NOT_FOUND""]",2026-02-28T13:33
6170987398,"Scytodes fusca Walckenaer, 1837",Scytodes fusca,5169044,5169044,50c9509d-22c7-4a22-a47d-8c48425ef4a7,https://www.inaturalist.org/observations/340545480,HUMAN_OBSERVATION,BR,Paraná,,-51.943844,-23.411993,13855.0,,"[""COORDINATE_ROUNDED"", ""CONTINENT_DERIVED_FROM_COORDINATES"", ""TAXON_ID_NOT_FOUND""]",2026-02-28T00:00
6171135987,"Scytodes fusca Walckenaer, 1837",Scytodes fusca,5169044,5169044,50c9509d-22c7-4a22-a47d-8c48425ef4a7,https://www.inaturalist.org/observations/340375522,HUMAN_OBSERVATION,BR,São Paulo,,-47.928387,-25.003692,,,"[""COORDINATE_ROUNDED"", ""CONTINENT_DERIVED_FROM_COORDINATES"", ""TAXON_ID_NOT_FOUND""]",2026-02-26T21:21:31
6179513358,"Scytodes fusca Walckenaer, 1837",Scytodes fusca,5169044,5169044,50c9509d-22c7-4a22-a47d-8c48425ef4a7,https://www.inaturalist.org/observations/342153336,HUMAN_OBSERVATION,BR,Ceará,,-38.613452,-3.95241,,,"[""COORDINATE_ROUNDED"", ""CONTINENT_DERIVED_FROM_COORDINATES"", ""TAXON_ID_NOT_FOUND""]",2026-02-22T20:45
6234280221,"Scytodes fusca Walckenaer, 1837",Scytodes fusca,5169044,5169044,50c9509d-22c7-4a22-a47d-8c48425ef4a7,https://www.inaturalist.org/observations/349527232,HUMAN_OBSERVATION,BR,Ceará,,-38.4846,-3.7522,,,"[""CONTINENT_DERIVED_FROM_COORDINATES"", ""TAXON_ID_NOT_FOUND""]",2026-02-21T12:32:05
6235837400,"Scytodes fusca Walckenaer, 1837",Scytodes fusca,5169044,5169044,50c9509d-22c7-4a22-a47d-8c48425ef4a7,https://www.inaturalist.org/observations/339413316,HUMAN_OBSERVATION,AU,Queensland,,153.166694,-27.434235,14.0,,"[""COORDINATE_ROUNDED"", ""CONTINENT_DERIVED_FROM_COORDINATES"", ""TAXON_ID_NOT_FOUND""]",2026-02-20T20:54:34
6178533108,"Scytodes fusca Walckenaer, 1837",Scytodes fusca,5169044,5169044,50c9509d-22c7-4a22-a47d-8c48425ef4a7,https://www.inaturalist.org/observations/341022157,HUMAN_OBSERVATION,US,Florida,,-80.248838,26.732808,2.0,,"[""COORDINATE_ROUNDED"", ""CONTINENT_DERIVED_FROM_COORDINATES"", ""TAXON_ID_NOT_FOUND""]",2026-03-01T10:41:56
6178623828,"Scytodes fusca Walckenaer, 1837",Scytodes fusca,5169044,5169044,50c9509d-22c7-4a22-a47d-8c48425ef4a7,https://www.inaturalist.org/observations/342620884,HUMAN_OBSERVATION,DO,Valverde,,-71.076705,19.556847,10.0,,"[""COORDINATE_ROUNDED"", ""CONTINENT_DERIVED_FROM_COORDINATES"", ""TAXON_ID_NOT_FOUND""]",2026-03-10T16:05:01
6178659782,"Scytodes fusca Walckenaer, 1837",Scytodes fusca,5169044,5169044,50c9509d-22c7-4a22-a47d-8c48425ef4a7,https://www.inaturalist.org/observations/341479475,HUMAN_OBSERVATION,SG,Central,,103.830125,1.325797,5.0,,"[""COORDINATE_ROUNDED"", ""CONTINENT_DERIVED_FROM_COORDINATES"", ""TAXON_ID_NOT_FOUND""]",2026-03-06T13:26:56
6178687106,"Scytodes fusca Walckenaer, 1837",Scytodes fusca,5169044,5169044,50c9509d-22c7-4a22-a47d-8c48425ef4a7,https://www.inaturalist.org/observations/342319075,HUMAN_OBSERVATION,US,Florida,,-80.120372,26.036892,169.0,,"[""COORDINATE_ROUNDED"", ""CONTINENT_DERIVED_FROM_COORDINATES"", ""TAXON_ID_NOT_FOUND""]",2026-03-10
6178821545,"Scytodes fusca Walckenaer, 1837",Scytodes fusca,5169044,5169044,50c9509d-22c7-4a22-a47d-8c48425ef4a7,https://www.inaturalist.org/observations/341103458,HUMAN_OBSERVATION,US,Florida,,-80.1967,26.635405,17.0,,"[""COORDINATE_ROUNDED"", ""CONTINENT_DERIVED_FROM_COORDINATES"", ""TAXON_ID_NOT_FOUND""]",2026-03-03T09:30:58
6179247717,"Scytodes fusca Walckenaer, 1837",Scytodes fusca,5169044,5169044,50c9509d-22c7-4a22-a47d-8c48425ef4a7,https://www.inaturalist.org/observations/341022093,HUMAN_OBSERVATION,US,Florida,,-80.247872,26.733728,20.0,,"[""COORDINATE_ROUNDED"", ""CONTINENT_DERIVED_FROM_COORDINATES"", ""TAXON_ID_NOT_FOUND""]",2026-03-01T10:53:43
6179328866,"Scytodes fusca Walckenaer, 1837",Scytodes fusca,5169044,5169044,50c9509d-22c7-4a22-a47d-8c48425ef4a7,https://www.inaturalist.org/observations/342802323,HUMAN_OBSERVATION,BR,Santa Catarina,,-48.616428,-27.792632,51.0,,"[""COORDINATE_ROUNDED"", ""CONTINENT_DERIVED_FROM_COORDINATES"", ""TAXON_ID_NOT_FOUND""]",2026-03-13T18:43:14
6184823742,"Scytodes fusca Walckenaer, 1837",Scytodes fusca,5169044,5169044,50c9509d-22c7-4a22-a47d-8c48425ef4a7,https://www.inaturalist.org/observations/345964023,HUMAN_OBSERVATION,US,Florida,,-82.534424,27.30574,100.0,,"[""COORDINATE_ROUNDED"", ""CONTINENT_DERIVED_FROM_COORDINATES"", ""TAXON_ID_NOT_FOUND""]",2026-03-29T14:25:32
6184890965,"Scytodes fusca Walckenaer, 1837",Scytodes fusca,5169044,5169044,50c9509d-22c7-4a22-a47d-8c48425ef4a7,https://www.inaturalist.org/observations/344991617,HUMAN_OBSERVATION,BR,São Paulo,,-47.788528,-22.666622,,,"[""COORDINATE_ROUNDED"", ""CONTINENT_DERIVED_FROM_COORDINATES"", ""TAXON_ID_NOT_FOUND""]",2026-03-24T20:01:36
6185003490,"Scytodes fusca Walckenaer, 1837",Scytodes fusca,5169044,5169044,50c9509d-22c7-4a22-a47d-8c48425ef4a7,https://www.inaturalist.org/observations/344589819,HUMAN_OBSERVATION,BR,São Paulo,,-46.626084,-23.67589,753.0,,"[""COORDINATE_ROUNDED"", ""CONTINENT_DERIVED_FROM_COORDINATES"", ""TAXON_ID_NOT_FOUND""]",2026-03-22T22:41:30
6185631001,"Scytodes fusca Walckenaer, 1837",Scytodes fusca,5169044,5169044,50c9509d-22c7-4a22-a47d-8c48425ef4a7,https://www.inaturalist.org/observations/341806303,HUMAN_OBSERVATION,US,Florida,,-80.173212,26.931395,8.0,,"[""COORDINATE_ROUNDED"", ""CONTINENT_DERIVED_FROM_COORDINATES"", ""TAXON_ID_NOT_FOUND""]",2026-03-07T17:00:29
6185826981,"Scytodes fusca Walckenaer, 1837",Scytodes fusca,5169044,5169044,50c9509d-22c7-4a22-a47d-8c48425ef4a7,https://www.inaturalist.org/observations/345868314,HUMAN_OBSERVATION,BR,Santa Catarina,,-48.524023,-27.769159,,,"[""COORDINATE_ROUNDED"", ""CONTINENT_DERIVED_FROM_COORDINATES"", ""TAXON_ID_NOT_FOUND""]",2026-03-28T19:27:52
6185929100,"Scytodes fusca Walckenaer, 1837",Scytodes fusca,5169044,5169044,50c9509d-22c7-4a22-a47d-8c48425ef4a7,https://www.inaturalist.org/observations/344457931,HUMAN_OBSERVATION,DO,Santo Domingo,,-70.025586,18.516637,20.0,,"[""COORDINATE_ROUNDED"", ""CONTINENT_DERIVED_FROM_COORDINATES"", ""TAXON_ID_NOT_FOUND""]",2026-03-18T19:28:22
6186071469,"Scytodes fusca Walckenaer, 1837",Scytodes fusca,5169044,5169044,50c9509d-22c7-4a22-a47d-8c48425ef4a7,https://www.inaturalist.org/observations/343184788,HUMAN_OBSERVATION,CO,Antioquia,,-76.409375,7.199447,,,"[""COORDINATE_ROUNDED"", ""CONTINENT_DERIVED_FROM_COORDINATES"", ""TAXON_ID_NOT_FOUND""]",2026-03-15T15:25:54
6188045675,"Scytodes fusca Walckenaer, 1837",Scytodes fusca,5169044,5169044,50c9509d-22c7-4a22-a47d-8c48425ef4a7,https://www.inaturalist.org/observations/346253002,HUMAN_OBSERVATION,CO,Santander,,-73.758338,6.942096,17.0,,"[""COORDINATE_ROUNDED"", ""CONTINENT_DERIVED_FROM_COORDINATES"", ""TAXON_ID_NOT_FOUND""]",2026-03-30T16:49:06
6188581379,"Scytodes fusca Walckenaer, 1837",Scytodes fusca,5169044,5169044,50c9509d-22c7-4a22-a47d-8c48425ef4a7,https://www.inaturalist.org/observations/346348660,HUMAN_OBSERVATION,SG,North,,103.80752,1.399452,,,"[""COORDINATE_ROUNDED"", ""CONTINENT_DERIVED_FROM_COORDINATES"", ""TAXON_ID_NOT_FOUND""]",2026-03-28T20:52
6188659513,"Scytodes fusca Walckenaer, 1837",Scytodes fusca,5169044,5169044,50c9509d-22c7-4a22-a47d-8c48425ef4a7,https://www.inaturalist.org/observations/346353964,HUMAN_OBSERVATION,SG,North,,103.807492,1.399348,,,"[""COORDINATE_ROUNDED"", ""CONTINENT_DERIVED_FROM_COORDINATES"", ""TAXON_ID_NOT_FOUND""]",2026-03-28T21:11
6320844839,"Scytodes fusca Walckenaer, 1837",Scytodes fusca,5169044,5169044,50c9509d-22c7-4a22-a47d-8c48425ef4a7,https://www.inaturalist.org/observations/360746991,HUMAN_OBSERVATION,US,Florida,,-82.561622,27.992183,20.0,,"[""COORDINATE_ROUNDED"", ""CONTINENT_DERIVED_FROM_COORDINATES"", ""TAXON_ID_NOT_FOUND""]",2026-03-08T00:27:16
6188068754,"Scytodes fusca Walckenaer, 1837",Scytodes fusca,5169044,5169044,50c9509d-22c7-4a22-a47d-8c48425ef4a7,https://www.inaturalist.org/observations/347568316,HUMAN_OBSERVATION,US,Florida,,-80.169495,26.933788,451.0,,"[""COORDINATE_ROUNDED"", ""CONTINENT_DERIVED_FROM_COORDINATES"", ""TAXON_ID_NOT_FOUND""]",2026-04-05T10:36:15
6188140864,"Scytodes fusca Walckenaer, 1837",Scytodes fusca,5169044,5169044,50c9509d-22c7-4a22-a47d-8c48425ef4a7,https://www.inaturalist.org/observations/346979680,HUMAN_OBSERVATION,US,Florida,,-80.170395,27.134109,354.0,,"[""COORDINATE_ROUNDED"", ""CONTINENT_DERIVED_FROM_COORDINATES"", ""TAXON_ID_NOT_FOUND""]",2026-04-02
6188179253,"Scytodes fusca Walckenaer, 1837",Scytodes fusca,5169044,5169044,50c9509d-22c7-4a22-a47d-8c48425ef4a7,https://www.inaturalist.org/observations/347710575,HUMAN_OBSERVATION,BR,Ceará,,-38.4895,-3.827632,993.0,,"[""COORDINATE_ROUNDED"", ""CONTINENT_DERIVED_FROM_COORDINATES"", ""TAXON_ID_NOT_FOUND""]",2026-04-05T23:15
6188194706,"Scytodes fusca Walckenaer, 1837",Scytodes fusca,5169044,5169044,50c9509d-22c7-4a22-a47d-8c48425ef4a7,https://www.inaturalist.org/observations/346918748,HUMAN_OBSERVATION,BR,Rio de Janeiro,,-43.205971,-22.826411,30237.0,,"[""COORDINATE_ROUNDED"", ""CONTINENT_DERIVED_FROM_COORDINATES"", ""TAXON_ID_NOT_FOUND""]",2026-04-02T23:38:51
6188199479,"Scytodes fusca Walckenaer, 1837",Scytodes fusca,5169044,5169044,50c9509d-22c7-4a22-a47d-8c48425ef4a7,https://www.inaturalist.org/observations/347420786,HUMAN_OBSERVATION,BR,Rio de Janeiro,,-44.158337,-22.554611,,,"[""CONTINENT_DERIVED_FROM_COORDINATES"", ""TAXON_ID_NOT_FOUND""]",2026-04-04T19:57:58
6188572415,"Scytodes fusca Walckenaer, 1837",Scytodes fusca,5169044,5169044,50c9509d-22c7-4a22-a47d-8c48425ef4a7,https://www.inaturalist.org/observations/346754355,HUMAN_OBSERVATION,PH,Camarines Norte,,122.634331,14.094248,,,"[""COORDINATE_ROUNDED"", ""CONTINENT_DERIVED_FROM_COORDINATES"", ""TAXON_ID_NOT_FOUND""]",2026-04-02T07:23:03
6195236124,"Scytodes fusca Walckenaer, 1837",Scytodes fusca,5169044,5169044,50c9509d-22c7-4a22-a47d-8c48425ef4a7,https://www.inaturalist.org/observations/348667661,HUMAN_OBSERVATION,BR,Rio de Janeiro,,-41.338488,-21.635468,30357.0,,"[""COORDINATE_ROUNDED"", ""CONTINENT_DERIVED_FROM_COORDINATES"", ""TAXON_ID_NOT_FOUND""]",2026-04-10T04:17:43
6195254771,"Scytodes fusca Walckenaer, 1837",Scytodes fusca,5169044,5169044,50c9509d-22c7-4a22-a47d-8c48425ef4a7,https://www.inaturalist.org/observations/348124007,HUMAN_OBSERVATION,US,Florida,,-82.144712,26.97723,1700.0,,"[""COORDINATE_ROUNDED"", ""CONTINENT_DERIVED_FROM_COORDINATES"", ""TAXON_ID_NOT_FOUND""]",2026-04-07T07:20
6195303857,"Scytodes fusca Walckenaer, 1837",Scytodes fusca,5169044,5169044,50c9509d-22c7-4a22-a47d-8c48425ef4a7,https://www.inaturalist.org/observations/349573218,HUMAN_OBSERVATION,US,Florida,,-80.13125,25.779618,5.0,,"[""COORDINATE_ROUNDED"", ""CONTINENT_DERIVED_FROM_COORDINATES"", ""TAXON_ID_NOT_FOUND""]",2026-04-11T14:47:03
6195412297,"Scytodes fusca Walckenaer, 1837",Scytodes fusca,5169044,5169044,50c9509d-22c7-4a22-a47d-8c48425ef4a7,https://www.inaturalist.org/observations/348436037,HUMAN_OBSERVATION,BR,São Paulo,,-47.570736,-24.757021,23.0,,"[""COORDINATE_ROUNDED"", ""CONTINENT_DERIVED_FROM_COORDINATES"", ""TAXON_ID_NOT_FOUND""]",2026-04-09T00:49:14
6195655692,"Scytodes fusca Walckenaer, 1837",Scytodes fusca,5169044,5169044,50c9509d-22c7-4a22-a47d-8c48425ef4a7,https://www.inaturalist.org/observations/348279815,HUMAN_OBSERVATION,BR,Distrito Federal,,-48.042157,-15.833715,38.0,,"[""COORDINATE_ROUNDED"", ""CONTINENT_DERIVED_FROM_COORDINATES"", ""TAXON_ID_NOT_FOUND""]",2026-04-08T10:50:06
6195716746,"Scytodes fusca Walckenaer, 1837",Scytodes fusca,5169044,5169044,50c9509d-22c7-4a22-a47d-8c48425ef4a7,https://www.inaturalist.org/observations/348888856,HUMAN_OBSERVATION,US,Florida,,-82.525898,27.328676,175.0,,"[""COORDINATE_ROUNDED"", ""CONTINENT_DERIVED_FROM_COORDINATES"", ""TAXON_ID_NOT_FOUND""]",2026-04-11T00:27
6234202630,"Scytodes fusca Walckenaer, 1837",Scytodes fusca,5169044,5169044,50c9509d-22c7-4a22-a47d-8c48425ef4a7,https://www.inaturalist.org/observations/351725122,HUMAN_OBSERVATION,IN,Uttarakhand,,79.008397,29.4079,,,"[""CONTINENT_DERIVED_FROM_COORDINATES"", ""TAXON_ID_NOT_FOUND""]",2026-04-21T19:19:09
6234405800,"Scytodes fusca Walckenaer, 1837",Scytodes fusca,5169044,5169044,50c9509d-22c7-4a22-a47d-8c48425ef4a7,https://www.inaturalist.org/observations/352317309,HUMAN_OBSERVATION,BR,Rio de Janeiro,,-43.225675,-22.967942,2.0,,"[""COORDINATE_ROUNDED"", ""CONTINENT_DERIVED_FROM_COORDINATES"", ""TAXON_ID_NOT_FOUND""]",2026-04-21T12:36
6234821950,"Scytodes fusca Walckenaer, 1837",Scytodes fusca,5169044,5169044,50c9509d-22c7-4a22-a47d-8c48425ef4a7,https://www.inaturalist.org/observations/353861652,HUMAN_OBSERVATION,PY,Central,,-57.5032,-25.3373,,,"[""CONTINENT_DERIVED_FROM_COORDINATES"", ""TAXON_ID_NOT_FOUND""]",2026-04-22T06:22:09
6235544612,"Scytodes fusca Walckenaer, 1837",Scytodes fusca,5169044,5169044,50c9509d-22c7-4a22-a47d-8c48425ef4a7,https://www.inaturalist.org/observations/350633509,HUMAN_OBSERVATION,BR,Ceará,,-38.479888,-3.746472,1637.0,,"[""COORDINATE_ROUNDED"", ""CONTINENT_DERIVED_FROM_COORDINATES"", ""TAXON_ID_NOT_FOUND""]",2026-04-17T13:51:55
6235680482,"Scytodes fusca Walckenaer, 1837",Scytodes fusca,5169044,5169044,50c9509d-22c7-4a22-a47d-8c48425ef4a7,https://www.inaturalist.org/observations/350815305,HUMAN_OBSERVATION,US,Florida,,-80.114767,26.378435,300.0,,"[""COORDINATE_ROUNDED"", ""CONTINENT_DERIVED_FROM_COORDINATES"", ""TAXON_ID_NOT_FOUND""]",2026-04-18T10:53:49
6235931315,"Scytodes fusca Walckenaer, 1837",Scytodes fusca,5169044,5169044,50c9509d-22c7-4a22-a47d-8c48425ef4a7,https://www.inaturalist.org/observations/351591999,HUMAN_OBSERVATION,BR,Ceará,,-38.47012,-3.832093,,,"[""COORDINATE_ROUNDED"", ""CONTINENT_DERIVED_FROM_COORDINATES"", ""TAXON_ID_NOT_FOUND""]",2026-04-18T11:32
6236319028,"Scytodes fusca Walckenaer, 1837",Scytodes fusca,5169044,5169044,50c9509d-22c7-4a22-a47d-8c48425ef4a7,https://www.inaturalist.org/observations/354726904,HUMAN_OBSERVATION,BR,Espírito Santo,,-40.603423,-19.939292,,,"[""COORDINATE_ROUNDED"", ""CONTINENT_DERIVED_FROM_COORDINATES"", ""TAXON_ID_NOT_FOUND""]",2026-04-26T14:11
6251961323,"Scytodes fusca Walckenaer, 1837",Scytodes fusca,5169044,5169044,50c9509d-22c7-4a22-a47d-8c48425ef4a7,https://www.inaturalist.org/observations/356361474,HUMAN_OBSERVATION,BR,Ceará,,-38.499772,-3.754767,,,"[""COORDINATE_ROUNDED"", ""CONTINENT_DERIVED_FROM_COORDINATES"", ""TAXON_ID_NOT_FOUND""]",2026-04-24T19:49
6252096097,"Scytodes fusca Walckenaer, 1837",Scytodes fusca,5169044,5169044,50c9509d-22c7-4a22-a47d-8c48425ef4a7,https://www.inaturalist.org/observations/358115866,HUMAN_OBSERVATION,MX,Sinaloa,,-107.421337,24.850599,2.0,,"[""COORDINATE_ROUNDED"", ""CONTINENT_DERIVED_FROM_COORDINATES"", ""TAXON_ID_NOT_FOUND""]",2026-04-27T18:53
6252316344,"Scytodes fusca Walckenaer, 1837",Scytodes fusca,5169044,5169044,50c9509d-22c7-4a22-a47d-8c48425ef4a7,https://www.inaturalist.org/observations/356707435,HUMAN_OBSERVATION,GF,Cayenne,,-53.006158,5.371209,2.0,,"[""COORDINATE_ROUNDED"", ""CONTINENT_DERIVED_FROM_COORDINATES"", ""TAXON_ID_NOT_FOUND""]",2026-04-25T21:38
6252407780,"Scytodes fusca Walckenaer, 1837",Scytodes fusca,5169044,5169044,50c9509d-22c7-4a22-a47d-8c48425ef4a7,https://www.inaturalist.org/observations/356707440,HUMAN_OBSERVATION,GF,Cayenne,,-53.006158,5.37119,4.0,,"[""COORDINATE_ROUNDED"", ""CONTINENT_DERIVED_FROM_COORDINATES"", ""TAXON_ID_NOT_FOUND""]",2026-04-25T21:40
6252714994,"Scytodes fusca Walckenaer, 1837",Scytodes fusca,5169044,5169044,50c9509d-22c7-4a22-a47d-8c48425ef4a7,https://www.inaturalist.org/observations/357223028,HUMAN_OBSERVATION,US,Florida,,-80.405615,25.604236,,,"[""COORDINATE_ROUNDED"", ""CONTINENT_DERIVED_FROM_COORDINATES"", ""TAXON_ID_NOT_FOUND""]",2026-04-26T16:43
6253140616,"Scytodes fusca Walckenaer, 1837",Scytodes fusca,5169044,5169044,50c9509d-22c7-4a22-a47d-8c48425ef4a7,https://www.inaturalist.org/observations/357691491,HUMAN_OBSERVATION,BR,Rio de Janeiro,,-43.563821,-22.959058,87.0,,"[""COORDINATE_ROUNDED"", ""CONTINENT_DERIVED_FROM_COORDINATES"", ""TAXON_ID_NOT_FOUND""]",2026-04-29T23:19:52
6253153755,"Scytodes fusca Walckenaer, 1837",Scytodes fusca,5169044,5169044,50c9509d-22c7-4a22-a47d-8c48425ef4a7,https://www.inaturalist.org/observations/356064284,HUMAN_OBSERVATION,US,Florida,,-80.250363,25.755139,21236.0,,"[""COORDINATE_ROUNDED"", ""CONTINENT_DERIVED_FROM_COORDINATES"", ""TAXON_ID_NOT_FOUND""]",2026-04-28T08:56:44
6253344928,"Scytodes fusca Walckenaer, 1837",Scytodes fusca,5169044,5169044,50c9509d-22c7-4a22-a47d-8c48425ef4a7,https://www.inaturalist.org/observations/356972949,HUMAN_OBSERVATION,US,Florida,,-82.52585,27.3273,135.0,,"[""COORDINATE_ROUNDED"", ""CONTINENT_DERIVED_FROM_COORDINATES"", ""TAXON_ID_NOT_FOUND""]",2026-04-11T00:15
6273806952,"Scytodes fusca Walckenaer, 1837",Scytodes fusca,5169044,5169044,50c9509d-22c7-4a22-a47d-8c48425ef4a7,https://www.inaturalist.org/observations/360012533,HUMAN_OBSERVATION,US,Florida,,-80.609627,25.382432,20.0,,"[""COORDINATE_ROUNDED"", ""CONTINENT_DERIVED_FROM_COORDINATES"", ""TAXON_ID_NOT_FOUND""]",2026-04-24T21:06
6273826633,"Scytodes fusca Walckenaer, 1837",Scytodes fusca,5169044,5169044,50c9509d-22c7-4a22-a47d-8c48425ef4a7,https://www.inaturalist.org/observations/359412388,HUMAN_OBSERVATION,US,Florida,,-82.525905,27.32766,93.0,,"[""COORDINATE_ROUNDED"", ""CONTINENT_DERIVED_FROM_COORDINATES"", ""TAXON_ID_NOT_FOUND""]",2026-04-13T21:21
6273828782,"Scytodes fusca Walckenaer, 1837",Scytodes fusca,5169044,5169044,50c9509d-22c7-4a22-a47d-8c48425ef4a7,https://www.inaturalist.org/observations/356428856,HUMAN_OBSERVATION,MX,Sinaloa,,-107.358079,24.813798,4.0,,"[""COORDINATE_ROUNDED"", ""CONTINENT_DERIVED_FROM_COORDINATES"", ""TAXON_ID_NOT_FOUND""]",2026-04-25T16:13
6320880710,"Scytodes fusca Walckenaer, 1837",Scytodes fusca,5169044,5169044,50c9509d-22c7-4a22-a47d-8c48425ef4a7,https://www.inaturalist.org/observations/362113157,HUMAN_OBSERVATION,US,Florida,,-82.525807,27.327852,90.0,,"[""COORDINATE_ROUNDED"", ""CONTINENT_DERIVED_FROM_COORDINATES"", ""TAXON_ID_NOT_FOUND""]",2026-04-15T22:22
6551509515,"Scytodes fusca Walckenaer, 1837",Scytodes fusca,5169044,5169044,50c9509d-22c7-4a22-a47d-8c48425ef4a7,https://www.inaturalist.org/observations/353027418,HUMAN_OBSERVATION,BR,Minas Gerais,,-44.045584,-19.967896,164.0,,"[""COORDINATE_ROUNDED"", ""CONTINENT_DERIVED_FROM_COORDINATES"", ""TAXON_ID_NOT_FOUND""]",2026-04-24T14:42
6552229692,"Scytodes fusca Walckenaer, 1837",Scytodes fusca,5169044,5169044,50c9509d-22c7-4a22-a47d-8c48425ef4a7,https://www.inaturalist.org/observations/354822490,HUMAN_OBSERVATION,BR,Espírito Santo,,-40.594866,-19.938114,23.0,,"[""COORDINATE_ROUNDED"", ""CONTINENT_DERIVED_FROM_COORDINATES"", ""TAXON_ID_NOT_FOUND""]",2026-04-26T19:49:54
6552396071,"Scytodes fusca Walckenaer, 1837",Scytodes fusca,5169044,5169044,50c9509d-22c7-4a22-a47d-8c48425ef4a7,https://www.inaturalist.org/observations/353991111,HUMAN_OBSERVATION,BR,São Paulo,,-47.799904,-21.094795,,,"[""COORDINATE_ROUNDED"", ""CONTINENT_DERIVED_FROM_COORDINATES"", ""TAXON_ID_NOT_FOUND""]",2026-04-25T19:17:05
6253312393,"Scytodes fusca Walckenaer, 1837",Scytodes fusca,5169044,5169044,50c9509d-22c7-4a22-a47d-8c48425ef4a7,https://www.inaturalist.org/observations/357206705,HUMAN_OBSERVATION,BR,São Paulo,,-46.8725,-23.564467,22.0,,"[""COORDINATE_ROUNDED"", ""CONTINENT_DERIVED_FROM_COORDINATES"", ""TAXON_ID_NOT_FOUND""]",2026-05-01T12:50:48
6273464094,"Scytodes fusca Walckenaer, 1837",Scytodes fusca,5169044,5169044,50c9509d-22c7-4a22-a47d-8c48425ef4a7,https://www.inaturalist.org/observations/360683083,HUMAN_OBSERVATION,US,Florida,,-80.439804,25.089968,14.0,,"[""COORDINATE_ROUNDED"", ""CONTINENT_DERIVED_FROM_COORDINATES"", ""TAXON_ID_NOT_FOUND""]",2026-05-11T15:33:31
6273719595,"Scytodes fusca Walckenaer, 1837",Scytodes fusca,5169044,5169044,50c9509d-22c7-4a22-a47d-8c48425ef4a7,https://www.inaturalist.org/observations/358985718,HUMAN_OBSERVATION,US,Florida,,-80.373572,27.587705,2.0,,"[""COORDINATE_ROUNDED"", ""CONTINENT_DERIVED_FROM_COORDINATES"", ""TAXON_ID_NOT_FOUND""]",2026-05-06T10:18
6273995693,"Scytodes fusca Walckenaer, 1837",Scytodes fusca,5169044,5169044,50c9509d-22c7-4a22-a47d-8c48425ef4a7,https://www.inaturalist.org/observations/360510841,HUMAN_OBSERVATION,BR,Distrito Federal,,-47.923248,-15.889696,82.0,,"[""COORDINATE_ROUNDED"", ""CONTINENT_DERIVED_FROM_COORDINATES"", ""TAXON_ID_NOT_FOUND""]",2026-05-11T02:34:01
6274022080,"Scytodes fusca Walckenaer, 1837",Scytodes fusca,5169044,5169044,50c9509d-22c7-4a22-a47d-8c48425ef4a7,https://www.inaturalist.org/observations/358957918,HUMAN_OBSERVATION,BR,Distrito Federal,,-47.801083,-15.650128,538.0,,"[""COORDINATE_ROUNDED"", ""CONTINENT_DERIVED_FROM_COORDINATES"", ""TAXON_ID_NOT_FOUND""]",2026-05-05T17:00
6274166751,"Scytodes fusca Walckenaer, 1837",Scytodes fusca,5169044,5169044,50c9509d-22c7-4a22-a47d-8c48425ef4a7,https://www.inaturalist.org/observations/358951633,HUMAN_OBSERVATION,US,Florida,,-82.740058,27.63897,2.0,,"[""COORDINATE_ROUNDED"", ""CONTINENT_DERIVED_FROM_COORDINATES"", ""TAXON_ID_NOT_FOUND""]",2026-05-01T15:26
6320345050,"Scytodes fusca Walckenaer, 1837",Scytodes fusca,5169044,5169044,50c9509d-22c7-4a22-a47d-8c48425ef4a7,https://www.inaturalist.org/observations/362860851,HUMAN_OBSERVATION,BR,São Paulo,,-48.296721,-21.252797,,,"[""COORDINATE_ROUNDED"", ""CONTINENT_DERIVED_FROM_COORDINATES"", ""TAXON_ID_NOT_FOUND""]",2026-05-08T23:26:38
6321017670,"Scytodes fusca Walckenaer, 1837",Scytodes fusca,5169044,5169044,50c9509d-22c7-4a22-a47d-8c48425ef4a7,https://www.inaturalist.org/observations/361676435,HUMAN_OBSERVATION,US,Florida,,-80.16946,26.808473,59.0,,"[""COORDINATE_ROUNDED"", ""CONTINENT_DERIVED_FROM_COORDINATES"", ""TAXON_ID_NOT_FOUND""]",2026-05-13
6333844843,"Scytodes fusca Walckenaer, 1837",Scytodes fusca,5169044,5169044,50c9509d-22c7-4a22-a47d-8c48425ef4a7,https://www.inaturalist.org/observations/364853969,HUMAN_OBSERVATION,US,Florida,,-80.399897,25.610944,,,"[""COORDINATE_ROUNDED"", ""CONTINENT_DERIVED_FROM_COORDINATES"", ""TAXON_ID_NOT_FOUND""]",2026-05-24T15:55:08
6333868919,"Scytodes fusca Walckenaer, 1837",Scytodes fusca,5169044,5169044,50c9509d-22c7-4a22-a47d-8c48425ef4a7,https://www.inaturalist.org/observations/363440466,HUMAN_OBSERVATION,US,,,-157.941594,23.89339,1979031.0,,"[""COORDINATE_ROUNDED"", ""COUNTRY_DERIVED_FROM_COORDINATES"", ""TAXON_ID_NOT_FOUND""]",2026-05-20T08:32:12
6333986344,"Scytodes fusca Walckenaer, 1837",Scytodes fusca,5169044,5169044,50c9509d-22c7-4a22-a47d-8c48425ef4a7,https://www.inaturalist.org/observations/364997135,HUMAN_OBSERVATION,US,Florida,,-80.399737,25.611003,35.0,,"[""COORDINATE_ROUNDED"", ""CONTINENT_DERIVED_FROM_COORDINATES"", ""TAXON_ID_NOT_FOUND""]",2026-05-24T15:54:48
6334411603,"Scytodes fusca Walckenaer, 1837",Scytodes fusca,5169044,5169044,50c9509d-22c7-4a22-a47d-8c48425ef4a7,https://www.inaturalist.org/observations/363227605,HUMAN_OBSERVATION,BR,São Paulo,,-46.628358,-22.472879,,,"[""COORDINATE_ROUNDED"", ""CONTINENT_DERIVED_FROM_COORDINATES"", ""TAXON_ID_NOT_FOUND""]",2026-05-19T21:05:23
6334472399,"Scytodes fusca Walckenaer, 1837",Scytodes fusca,5169044,5169044,50c9509d-22c7-4a22-a47d-8c48425ef4a7,https://www.inaturalist.org/observations/363828225,HUMAN_OBSERVATION,US,Hawaii,,-158.193498,21.508667,30377.0,,"[""COORDINATE_ROUNDED"", ""CONTINENT_DERIVED_FROM_COORDINATES"", ""TAXON_ID_NOT_FOUND""]",2026-05-21T07:55:33
6334562873,"Scytodes fusca Walckenaer, 1837",Scytodes fusca,5169044,5169044,50c9509d-22c7-4a22-a47d-8c48425ef4a7,https://www.inaturalist.org/observations/363616612,HUMAN_OBSERVATION,US,Florida,,-82.688354,28.278364,,,"[""COORDINATE_ROUNDED"", ""CONTINENT_DERIVED_FROM_COORDINATES"", ""TAXON_ID_NOT_FOUND""]",2026-05-21T07:05:38
6334770387,"Scytodes fusca Walckenaer, 1837",Scytodes fusca,5169044,5169044,50c9509d-22c7-4a22-a47d-8c48425ef4a7,https://www.inaturalist.org/observations/365037364,HUMAN_OBSERVATION,US,Florida,,-82.518562,27.276978,,,"[""COORDINATE_ROUNDED"", ""CONTINENT_DERIVED_FROM_COORDINATES"", ""TAXON_ID_NOT_FOUND""]",2026-05-25T09:26
6335002686,"Scytodes fusca Walckenaer, 1837",Scytodes fusca,5169044,5169044,50c9509d-22c7-4a22-a47d-8c48425ef4a7,https://www.inaturalist.org/observations/361270658,HUMAN_OBSERVATION,MX,Quintana Roo,,-88.263604,18.543446,,,"[""COORDINATE_ROUNDED"", ""CONTINENT_DERIVED_FROM_COORDINATES"", ""TAXON_ID_NOT_FOUND""]",2026-05-13T16:11:15
6398788704,"Scytodes fusca Walckenaer, 1837",Scytodes fusca,5169044,5169044,50c9509d-22c7-4a22-a47d-8c48425ef4a7,https://www.inaturalist.org/observations/367727783,HUMAN_OBSERVATION,ID,Bali,,115.111195,-8.807153,,,"[""COORDINATE_ROUNDED"", ""CONTINENT_DERIVED_FROM_COORDINATES"", ""TAXON_ID_NOT_FOUND""]",2026-05-23T19:41
6400195257,"Scytodes fusca Walckenaer, 1837",Scytodes fusca,5169044,5169044,50c9509d-22c7-4a22-a47d-8c48425ef4a7,https://www.inaturalist.org/observations/366796854,HUMAN_OBSERVATION,BR,Paraíba,,-35.633234,-6.754478,211.0,,"[""COORDINATE_ROUNDED"", ""CONTINENT_DERIVED_FROM_COORDINATES"", ""TAXON_ID_NOT_FOUND""]",2026-05-30T17:42:29
6413288566,"Scytodes fusca Walckenaer, 1837",Scytodes fusca,5169044,5169044,50c9509d-22c7-4a22-a47d-8c48425ef4a7,https://www.inaturalist.org/observations/372178750,HUMAN_OBSERVATION,BR,Goiás,,-48.978191,-16.296302,,,"[""COORDINATE_ROUNDED"", ""CONTINENT_DERIVED_FROM_COORDINATES"", ""TAXON_ID_NOT_FOUND""]",2026-05-09T02:09:03
6422684576,"Scytodes fusca Walckenaer, 1837",Scytodes fusca,5169044,5169044,50c9509d-22c7-4a22-a47d-8c48425ef4a7,https://www.inaturalist.org/observations/375700779,HUMAN_OBSERVATION,BR,Santa Catarina,,-48.690586,-27.676284,,,"[""COORDINATE_ROUNDED"", ""CONTINENT_DERIVED_FROM_COORDINATES"", ""TAXON_ID_NOT_FOUND""]",2026-05-15T23:30:21
6518384179,"Scytodes fusca Walckenaer, 1837",Scytodes fusca,5169044,5169044,50c9509d-22c7-4a22-a47d-8c48425ef4a7,https://www.inaturalist.org/observations/361746003,HUMAN_OBSERVATION,BR,São Paulo,,-47.203487,-23.094625,,,"[""COORDINATE_ROUNDED"", ""CONTINENT_DERIVED_FROM_COORDINATES"", ""TAXON_ID_NOT_FOUND""]",2026-05-11T23:56
6518507887,"Scytodes fusca Walckenaer, 1837",Scytodes fusca,5169044,5169044,50c9509d-22c7-4a22-a47d-8c48425ef4a7,https://www.inaturalist.org/observations/364182087,HUMAN_OBSERVATION,BR,São Paulo,,-46.755872,-23.350799,23.0,,"[""COORDINATE_ROUNDED"", ""CONTINENT_DERIVED_FROM_COORDINATES"", ""TAXON_ID_NOT_FOUND""]",2026-05-23T01:23:28
6518829098,"Scytodes fusca Walckenaer, 1837",Scytodes fusca,5169044,5169044,50c9509d-22c7-4a22-a47d-8c48425ef4a7,https://www.inaturalist.org/observations/359371917,HUMAN_OBSERVATION,BR,São Paulo,,-46.826848,-23.603901,902.0,,"[""COORDINATE_ROUNDED"", ""CONTINENT_DERIVED_FROM_COORDINATES"", ""TAXON_ID_NOT_FOUND""]",2026-05-05T19:56:53
6519051009,"Scytodes fusca Walckenaer, 1837",Scytodes fusca,5169044,5169044,50c9509d-22c7-4a22-a47d-8c48425ef4a7,https://www.inaturalist.org/observations/362244622,HUMAN_OBSERVATION,VE,Carabobo,,-67.637192,10.30836,7.0,,"[""COORDINATE_ROUNDED"", ""CONTINENT_DERIVED_FROM_COORDINATES"", ""TAXON_ID_NOT_FOUND""]",2026-05-03T21:04:35
6520058090,"Scytodes fusca Walckenaer, 1837",Scytodes fusca,5169044,5169044,50c9509d-22c7-4a22-a47d-8c48425ef4a7,https://www.inaturalist.org/observations/362705513,HUMAN_OBSERVATION,BR,São Paulo,,-46.874587,-23.203631,204.0,,"[""COORDINATE_ROUNDED"", ""CONTINENT_DERIVED_FROM_COORDINATES"", ""TAXON_ID_NOT_FOUND""]",2026-05-18T08:04:49
6520142723,"Scytodes fusca Walckenaer, 1837",Scytodes fusca,5169044,5169044,50c9509d-22c7-4a22-a47d-8c48425ef4a7,https://www.inaturalist.org/observations/359624271,HUMAN_OBSERVATION,BR,Distrito Federal,,-48.124083,-15.794823,181.0,,"[""COORDINATE_ROUNDED"", ""CONTINENT_DERIVED_FROM_COORDINATES"", ""TAXON_ID_NOT_FOUND""]",2026-05-07T10:05
6551521788,"Scytodes fusca Walckenaer, 1837",Scytodes fusca,5169044,5169044,50c9509d-22c7-4a22-a47d-8c48425ef4a7,https://www.inaturalist.org/observations/399961641,HUMAN_OBSERVATION,US,Florida,,-80.078933,26.649557,1199.0,,"[""COORDINATE_ROUNDED"", ""CONTINENT_DERIVED_FROM_COORDINATES"", ""TAXON_ID_NOT_FOUND""]",2026-05-01T20:53:48
6398602005,"Scytodes fusca Walckenaer, 1837",Scytodes fusca,5169044,5169044,50c9509d-22c7-4a22-a47d-8c48425ef4a7,https://www.inaturalist.org/observations/369933940,HUMAN_OBSERVATION,US,Florida,,-82.550179,27.248534,29751.0,,"[""COORDINATE_ROUNDED"", ""CONTINENT_DERIVED_FROM_COORDINATES"", ""TAXON_ID_NOT_FOUND""]",2026-06-08T09:38:30
6399576021,"Scytodes fusca Walckenaer, 1837",Scytodes fusca,5169044,5169044,50c9509d-22c7-4a22-a47d-8c48425ef4a7,https://www.inaturalist.org/observations/368032162,HUMAN_OBSERVATION,BR,Distrito Federal,,-47.840912,-15.875104,,,"[""CONTINENT_DERIVED_FROM_COORDINATES"", ""TAXON_ID_NOT_FOUND""]",2026-06-03T10:30:11
6399582742,"Scytodes fusca Walckenaer, 1837",Scytodes fusca,5169044,5169044,50c9509d-22c7-4a22-a47d-8c48425ef4a7,https://www.inaturalist.org/observations/368465330,HUMAN_OBSERVATION,BR,Santa Catarina,,-48.769312,-28.480455,14.0,,"[""COORDINATE_ROUNDED"", ""CONTINENT_DERIVED_FROM_COORDINATES"", ""TAXON_ID_NOT_FOUND""]",2026-06-04T17:44:27
6400058601,"Scytodes fusca Walckenaer, 1837",Scytodes fusca,5169044,5169044,50c9509d-22c7-4a22-a47d-8c48425ef4a7,https://www.inaturalist.org/observations/370200264,HUMAN_OBSERVATION,US,Florida,,-80.382698,26.773563,29822.0,,"[""COORDINATE_ROUNDED"", ""CONTINENT_DERIVED_FROM_COORDINATES"", ""TAXON_ID_NOT_FOUND""]",2026-06-09T21:14:57
6400243854,"Scytodes fusca Walckenaer, 1837",Scytodes fusca,5169044,5169044,50c9509d-22c7-4a22-a47d-8c48425ef4a7,https://www.inaturalist.org/observations/370331950,HUMAN_OBSERVATION,US,Florida,,-82.56173,27.992242,12.0,,"[""COORDINATE_ROUNDED"", ""CONTINENT_DERIVED_FROM_COORDINATES"", ""TAXON_ID_NOT_FOUND""]",2026-06-10T10:15:15
6400249672,"Scytodes fusca Walckenaer, 1837",Scytodes fusca,5169044,5169044,50c9509d-22c7-4a22-a47d-8c48425ef4a7,https://www.inaturalist.org/observations/368674822,HUMAN_OBSERVATION,BR,São Paulo,,-46.910159,-22.742469,5.0,,"[""COORDINATE_ROUNDED"", ""CONTINENT_DERIVED_FROM_COORDINATES"", ""TAXON_ID_NOT_FOUND""]",2026-06-04T20:53:39
6400420616,"Scytodes fusca Walckenaer, 1837",Scytodes fusca,5169044,5169044,50c9509d-22c7-4a22-a47d-8c48425ef4a7,https://www.inaturalist.org/observations/368925774,HUMAN_OBSERVATION,BR,Santa Catarina,,-48.60495,-26.124001,1.0,,"[""COORDINATE_ROUNDED"", ""CONTINENT_DERIVED_FROM_COORDINATES"", ""TAXON_ID_NOT_FOUND""]",2026-06-06T07:12
6400641838,"Scytodes fusca Walckenaer, 1837",Scytodes fusca,5169044,5169044,50c9509d-22c7-4a22-a47d-8c48425ef4a7,https://www.inaturalist.org/observations/370892099,HUMAN_OBSERVATION,BR,Minas Gerais,,-48.27638,-18.919867,30615.0,,"[""COORDINATE_ROUNDED"", ""CONTINENT_DERIVED_FROM_COORDINATES"", ""TAXON_ID_NOT_FOUND""]",2026-06-12T09:52:17
6413002086,"Scytodes fusca Walckenaer, 1837",Scytodes fusca,5169044,5169044,50c9509d-22c7-4a22-a47d-8c48425ef4a7,https://www.inaturalist.org/observations/373623303,HUMAN_OBSERVATION,US,Florida,,-82.526845,27.343785,39.0,,"[""COORDINATE_ROUNDED"", ""CONTINENT_DERIVED_FROM_COORDINATES"", ""TAXON_ID_NOT_FOUND""]",2026-06-19T06:34:19
6413086813,"Scytodes fusca Walckenaer, 1837",Scytodes fusca,5169044,5169044,50c9509d-22c7-4a22-a47d-8c48425ef4a7,https://www.inaturalist.org/observations/372492548,HUMAN_OBSERVATION,US,Florida,,-81.968863,26.582608,3.0,,"[""COORDINATE_ROUNDED"", ""CONTINENT_DERIVED_FROM_COORDINATES"", ""TAXON_ID_NOT_FOUND""]",2026-06-16T21:33:51
6413214055,"Scytodes fusca Walckenaer, 1837",Scytodes fusca,5169044,5169044,50c9509d-22c7-4a22-a47d-8c48425ef4a7,https://www.inaturalist.org/observations/373569869,HUMAN_OBSERVATION,BR,Santa Catarina,,-48.617124,-26.793561,,,"[""COORDINATE_ROUNDED"", ""CONTINENT_DERIVED_FROM_COORDINATES"", ""TAXON_ID_NOT_FOUND""]",2026-06-13T10:18:49
6413619975,"Scytodes fusca Walckenaer, 1837",Scytodes fusca,5169044,5169044,50c9509d-22c7-4a22-a47d-8c48425ef4a7,https://www.inaturalist.org/observations/372121312,HUMAN_OBSERVATION,BR,Santa Catarina,,-49.095222,-26.97611,,,"[""COORDINATE_ROUNDED"", ""CONTINENT_DERIVED_FROM_COORDINATES"", ""TAXON_ID_NOT_FOUND""]",2026-06-15T20:11:32
6414052083,"Scytodes fusca Walckenaer, 1837",Scytodes fusca,5169044,5169044,50c9509d-22c7-4a22-a47d-8c48425ef4a7,https://www.inaturalist.org/observations/373033833,HUMAN_OBSERVATION,US,Florida,,-80.125717,26.777288,241.0,,"[""COORDINATE_ROUNDED"", ""CONTINENT_DERIVED_FROM_COORDINATES"", ""TAXON_ID_NOT_FOUND""]",2026-06-17T17:41:01
6499685223,"Scytodes fusca Walckenaer, 1837",Scytodes fusca,5169044,5169044,50c9509d-22c7-4a22-a47d-8c48425ef4a7,https://www.inaturalist.org/observations/393248621,HUMAN_OBSERVATION,BR,São Paulo,,-49.948749,-22.217558,11717.0,,"[""COORDINATE_ROUNDED"", ""CONTINENT_DERIVED_FROM_COORDINATES"", ""TAXON_ID_NOT_FOUND""]",2026-06-12T14:12
6441989045,"Scytodes fusca Walckenaer, 1837",Scytodes fusca,5169044,5169044,50c9509d-22c7-4a22-a47d-8c48425ef4a7,https://www.inaturalist.org/observations/379804294,HUMAN_OBSERVATION,BR,Distrito Federal,,-47.90409,-15.812228,,,"[""COORDINATE_ROUNDED"", ""CONTINENT_DERIVED_FROM_COORDINATES"", ""TAXON_ID_NOT_FOUND""]",2026-07-09T17:49:57
6469671992,"Scytodes fusca Walckenaer, 1837",Scytodes fusca,5169044,5169044,50c9509d-22c7-4a22-a47d-8c48425ef4a7,https://www.inaturalist.org/observations/383163459,HUMAN_OBSERVATION,AU,Queensland,,143.398352,-12.638126,31069.0,,"[""COORDINATE_ROUNDED"", ""CONTINENT_DERIVED_FROM_COORDINATES"", ""TAXON_ID_NOT_FOUND""]",2026-07-12T10:32
6469998093,"Scytodes fusca Walckenaer, 1837",Scytodes fusca,5169044,5169044,50c9509d-22c7-4a22-a47d-8c48425ef4a7,https://www.inaturalist.org/observations/385275447,HUMAN_OBSERVATION,BR,Bahia,,-41.693506,-11.068367,,,"[""COORDINATE_ROUNDED"", ""CONTINENT_DERIVED_FROM_COORDINATES"", ""TAXON_ID_NOT_FOUND""]",2026-07-25T22:58:58
6470119872,"Scytodes fusca Walckenaer, 1837",Scytodes fusca,5169044,5169044,50c9509d-22c7-4a22-a47d-8c48425ef4a7,https://www.inaturalist.org/observations/384455229,HUMAN_OBSERVATION,CR,Alajuela,,-84.189595,10.025887,13.0,,"[""COORDINATE_ROUNDED"", ""CONTINENT_DERIVED_FROM_COORDINATES"", ""TAXON_ID_NOT_FOUND""]",2026-07-23T21:43:24
6470246907,"Scytodes fusca Walckenaer, 1837",Scytodes fusca,5169044,5169044,50c9509d-22c7-4a22-a47d-8c48425ef4a7,https://www.inaturalist.org/observations/385779596,HUMAN_OBSERVATION,GY,Upper Takutu-Upper Essequibo,,-59.297052,3.756823,211.0,,"[""COORDINATE_ROUNDED"", ""CONTINENT_DERIVED_FROM_COORDINATES"", ""TAXON_ID_NOT_FOUND""]",2026-07-18T16:31
6470632635,"Scytodes fusca Walckenaer, 1837",Scytodes fusca,5169044,5169044,50c9509d-22c7-4a22-a47d-8c48425ef4a7,https://www.inaturalist.org/observations/384269907,HUMAN_OBSERVATION,BR,Espírito Santo,,-40.494205,-20.657742,4.0,,"[""COORDINATE_ROUNDED"", ""CONTINENT_DERIVED_FROM_COORDINATES"", ""TAXON_ID_NOT_FOUND""]",2026-07-23T12:32:14
6470638738,"Scytodes fusca Walckenaer, 1837",Scytodes fusca,5169044,5169044,50c9509d-22c7-4a22-a47d-8c48425ef4a7,https://www.inaturalist.org/observations/385599815,HUMAN_OBSERVATION,BR,Minas Gerais,,-46.029203,-22.862114,,,"[""COORDINATE_ROUNDED"", ""CONTINENT_DERIVED_FROM_COORDINATES"", ""TAXON_ID_NOT_FOUND""]",2026-07-27T00:18:57
6470685818,"Scytodes fusca Walckenaer, 1837",Scytodes fusca,5169044,5169044,50c9509d-22c7-4a22-a47d-8c48425ef4a7,https://www.inaturalist.org/observations/384631436,HUMAN_OBSERVATION,GY,Upper Takutu-Upper Essequibo,,-59.310558,3.752353,11.0,,"[""COORDINATE_ROUNDED"", ""CONTINENT_DERIVED_FROM_COORDINATES"", ""TAXON_ID_NOT_FOUND""]",2026-07-20T12:05:23
6479310894,"Scytodes fusca Walckenaer, 1837",Scytodes fusca,5169044,5169044,50c9509d-22c7-4a22-a47d-8c48425ef4a7,https://www.inaturalist.org/observations/386711791,HUMAN_OBSERVATION,BR,Minas Gerais,,-48.250918,-18.837155,30615.0,,"[""COORDINATE_ROUNDED"", ""CONTINENT_DERIVED_FROM_COORDINATES"", ""TAXON_ID_NOT_FOUND""]",2026-07-30T19:12:13
6479343827,"Scytodes fusca Walckenaer, 1837",Scytodes fusca,5169044,5169044,50c9509d-22c7-4a22-a47d-8c48425ef4a7,https://www.inaturalist.org/observations/384236775,HUMAN_OBSERVATION,SG,Central,,103.830095,1.325822,4.0,,"[""COORDINATE_ROUNDED"", ""CONTINENT_DERIVED_FROM_COORDINATES"", ""TAXON_ID_NOT_FOUND""]",2026-07-23T21:26:19
6479393678,"Scytodes fusca Walckenaer, 1837",Scytodes fusca,5169044,5169044,50c9509d-22c7-4a22-a47d-8c48425ef4a7,https://www.inaturalist.org/observations/386764319,HUMAN_OBSERVATION,CR,Cartago,,-83.924309,9.842187,,,"[""COORDINATE_ROUNDED"", ""CONTINENT_DERIVED_FROM_COORDINATES"", ""TAXON_ID_NOT_FOUND""]",2026-07-30T19:14:18
6479745657,"Scytodes fusca Walckenaer, 1837",Scytodes fusca,5169044,5169044,50c9509d-22c7-4a22-a47d-8c48425ef4a7,https://www.inaturalist.org/observations/386132947,HUMAN_OBSERVATION,SG,North,,103.812683,1.357067,15.0,,"[""COORDINATE_ROUNDED"", ""CONTINENT_DERIVED_FROM_COORDINATES"", ""TAXON_ID_NOT_FOUND""]",2026-07-26T14:20
6479852550,"Scytodes fusca Walckenaer, 1837",Scytodes fusca,5169044,5169044,50c9509d-22c7-4a22-a47d-8c48425ef4a7,https://www.inaturalist.org/observations/386490386,HUMAN_OBSERVATION,CR,Alajuela,,-84.618697,10.383303,43.0,,"[""COORDINATE_ROUNDED"", ""CONTINENT_DERIVED_FROM_COORDINATES"", ""TAXON_ID_NOT_FOUND""]",2026-07-19T19:07:25
6480178666,"Scytodes fusca Walckenaer, 1837",Scytodes fusca,5169044,5169044,50c9509d-22c7-4a22-a47d-8c48425ef4a7,https://www.inaturalist.org/observations/385838477,HUMAN_OBSERVATION,GY,Upper Takutu-Upper Essequibo,,-59.297052,3.756823,211.0,,"[""COORDINATE_ROUNDED"", ""CONTINENT_DERIVED_FROM_COORDINATES"", ""TAXON_ID_NOT_FOUND""]",2026-07-26T15:49
6480745487,"Scytodes fusca Walckenaer, 1837",Scytodes fusca,5169044,5169044,50c9509d-22c7-4a22-a47d-8c48425ef4a7,https://www.inaturalist.org/observations/386355868,HUMAN_OBSERVATION,BR,São Paulo,,-46.836778,-23.531812,10.0,,"[""COORDINATE_ROUNDED"", ""CONTINENT_DERIVED_FROM_COORDINATES"", ""TAXON_ID_NOT_FOUND""]",2026-07-29T16:40:10
6480825569,"Scytodes fusca Walckenaer, 1837",Scytodes fusca,5169044,5169044,50c9509d-22c7-4a22-a47d-8c48425ef4a7,https://www.inaturalist.org/observations/386139912,HUMAN_OBSERVATION,CR,Cartago,,-83.924324,9.842458,,,"[""COORDINATE_ROUNDED"", ""CONTINENT_DERIVED_FROM_COORDINATES"", ""TAXON_ID_NOT_FOUND""]",2026-07-28T19:28:16
6481215684,"Scytodes fusca Walckenaer, 1837",Scytodes fusca,5169044,5169044,50c9509d-22c7-4a22-a47d-8c48425ef4a7,https://www.inaturalist.org/observations/387249912,HUMAN_OBSERVATION,MX,Nuevo León,,-100.020631,25.478992,1084.0,,"[""COORDINATE_ROUNDED"", ""CONTINENT_DERIVED_FROM_COORDINATES"", ""TAXON_ID_NOT_FOUND""]",2026-07-31T22:18:54
6481437858,"Scytodes fusca Walckenaer, 1837",Scytodes fusca,5169044,5169044,50c9509d-22c7-4a22-a47d-8c48425ef4a7,https://www.inaturalist.org/observations/385861835,HUMAN_OBSERVATION,US,Florida,,-82.550828,28.046428,,,"[""COORDINATE_ROUNDED"", ""CONTINENT_DERIVED_FROM_COORDINATES"", ""TAXON_ID_NOT_FOUND""]",2026-07-28T00:15:39
6498565563,"Scytodes fusca Walckenaer, 1837",Scytodes fusca,5169044,5169044,50c9509d-22c7-4a22-a47d-8c48425ef4a7,https://www.inaturalist.org/observations/384855310,HUMAN_OBSERVATION,BR,Minas Gerais,,-44.029418,-19.615745,106.0,,"[""COORDINATE_ROUNDED"", ""CONTINENT_DERIVED_FROM_COORDINATES"", ""TAXON_ID_NOT_FOUND""]",2026-07-25T08:58:18
6498758664,"Scytodes fusca Walckenaer, 1837",Scytodes fusca,5169044,5169044,50c9509d-22c7-4a22-a47d-8c48425ef4a7,https://www.inaturalist.org/observations/386296240,HUMAN_OBSERVATION,GY,Upper Takutu-Upper Essequibo,,-59.297052,3.756823,211.0,,"[""COORDINATE_ROUNDED"", ""CONTINENT_DERIVED_FROM_COORDINATES"", ""TAXON_ID_NOT_FOUND""]",2026-07-20T11:59
6499867676,"Scytodes fusca Walckenaer, 1837",Scytodes fusca,5169044,5169044,50c9509d-22c7-4a22-a47d-8c48425ef4a7,https://www.inaturalist.org/observations/384305015,HUMAN_OBSERVATION,BR,Espírito Santo,,-40.599342,-19.93593,27.0,,"[""COORDINATE_ROUNDED"", ""CONTINENT_DERIVED_FROM_COORDINATES"", ""TAXON_ID_NOT_FOUND""]",2026-07-23T09:32:21
6479484631,"Scytodes fusca Walckenaer, 1837",Scytodes fusca,5169044,5169044,50c9509d-22c7-4a22-a47d-8c48425ef4a7,https://www.inaturalist.org/observations/388033833,HUMAN_OBSERVATION,BR,Distrito Federal,,-47.910189,-15.760353,77.0,,"[""COORDINATE_ROUNDED"", ""CONTINENT_DERIVED_FROM_COORDINATES"", ""TAXON_ID_NOT_FOUND""]",2026-08-03T16:23:40
6479927556,"Scytodes fusca Walckenaer, 1837",Scytodes fusca,5169044,5169044,50c9509d-22c7-4a22-a47d-8c48425ef4a7,https://www.inaturalist.org/observations/388484433,HUMAN_OBSERVATION,DO,La Altagracia,,-68.39612,18.63227,11.0,,"[""CONTINENT_DERIVED_FROM_COORDINATES"", ""TAXON_ID_NOT_FOUND""]",2026-08-05T11:14:30
6480181112,"Scytodes fusca Walckenaer, 1837",Scytodes fusca,5169044,5169044,50c9509d-22c7-4a22-a47d-8c48425ef4a7,https://www.inaturalist.org/observations/388925341,HUMAN_OBSERVATION,BR,Minas Gerais,,-43.975163,-19.832847,6.0,,"[""COORDINATE_ROUNDED"", ""CONTINENT_DERIVED_FROM_COORDINATES"", ""TAXON_ID_NOT_FOUND""]",2026-08-06T23:04:15
6480182401,"Scytodes fusca Walckenaer, 1837",Scytodes fusca,5169044,5169044,50c9509d-22c7-4a22-a47d-8c48425ef4a7,https://www.inaturalist.org/observations/388475342,HUMAN_OBSERVATION,BR,Bahia,,-41.69358,-11.068351,,,"[""COORDINATE_ROUNDED"", ""CONTINENT_DERIVED_FROM_COORDINATES"", ""TAXON_ID_NOT_FOUND""]",2026-08-05T11:07:18
6480256914,"Scytodes fusca Walckenaer, 1837",Scytodes fusca,5169044,5169044,50c9509d-22c7-4a22-a47d-8c48425ef4a7,https://www.inaturalist.org/observations/389066819,HUMAN_OBSERVATION,BR,Bahia,,-41.693567,-11.068399,,,"[""COORDINATE_ROUNDED"", ""CONTINENT_DERIVED_FROM_COORDINATES"", ""TAXON_ID_NOT_FOUND""]",2026-08-07T11:52:38
6480347431,"Scytodes fusca Walckenaer, 1837",Scytodes fusca,5169044,5169044,50c9509d-22c7-4a22-a47d-8c48425ef4a7,https://www.inaturalist.org/observations/388929084,HUMAN_OBSERVATION,BR,Distrito Federal,,-47.885589,-15.75022,,,"[""COORDINATE_ROUNDED"", ""CONTINENT_DERIVED_FROM_COORDINATES"", ""TAXON_ID_NOT_FOUND""]",2026-08-06T23:42:23
6480689858,"Scytodes fusca Walckenaer, 1837",Scytodes fusca,5169044,5169044,50c9509d-22c7-4a22-a47d-8c48425ef4a7,https://www.inaturalist.org/observations/389291642,HUMAN_OBSERVATION,BR,Minas Gerais,,-43.89853,-19.89724,,,"[""CONTINENT_DERIVED_FROM_COORDINATES"", ""TAXON_ID_NOT_FOUND""]",2026-08-08T05:55:41
6480844461,"Scytodes fusca Walckenaer, 1837",Scytodes fusca,5169044,5169044,50c9509d-22c7-4a22-a47d-8c48425ef4a7,https://www.inaturalist.org/observations/387754663,HUMAN_OBSERVATION,CR,Alajuela,,-84.469625,10.016667,18.0,,"[""COORDINATE_ROUNDED"", ""CONTINENT_DERIVED_FROM_COORDINATES"", ""TAXON_ID_NOT_FOUND""]",2026-08-02T20:23:01
6498294956,"Scytodes fusca Walckenaer, 1837",Scytodes fusca,5169044,5169044,50c9509d-22c7-4a22-a47d-8c48425ef4a7,https://www.inaturalist.org/observations/393326040,HUMAN_OBSERVATION,VE,Mérida,,-71.469572,8.824862,,,"[""COORDINATE_ROUNDED"", ""CONTINENT_DERIVED_FROM_COORDINATES"", ""TAXON_ID_NOT_FOUND""]",2026-08-20T17:22:59
6498709192,"Scytodes fusca Walckenaer, 1837",Scytodes fusca,5169044,5169044,50c9509d-22c7-4a22-a47d-8c48425ef4a7,https://www.inaturalist.org/observations/390490064,HUMAN_OBSERVATION,ES,Extremadura,,-4.792783,39.212944,,,"[""COORDINATE_ROUNDED"", ""CONTINENT_DERIVED_FROM_COORDINATES"", ""TAXON_ID_NOT_FOUND""]",2026-08-12T07:24:51
6499047798,"Scytodes fusca Walckenaer, 1837",Scytodes fusca,5169044,5169044,50c9509d-22c7-4a22-a47d-8c48425ef4a7,https://www.inaturalist.org/observations/393357433,HUMAN_OBSERVATION,MX,Jalisco,,-103.309643,20.583953,1340.0,,"[""COORDINATE_ROUNDED"", ""CONTINENT_DERIVED_FROM_COORDINATES"", ""TAXON_ID_NOT_FOUND""]",2026-08-21T15:56:09
6499283779,"Scytodes fusca Walckenaer, 1837",Scytodes fusca,5169044,5169044,50c9509d-22c7-4a22-a47d-8c48425ef4a7,https://www.inaturalist.org/observations/392044466,HUMAN_OBSERVATION,BR,São Paulo,,-47.178956,-23.129645,5.0,,"[""COORDINATE_ROUNDED"", ""CONTINENT_DERIVED_FROM_COORDINATES"", ""TAXON_ID_NOT_FOUND""]",2026-08-17T06:48:54
6518473226,"Scytodes fusca Walckenaer, 1837",Scytodes fusca,5169044,5169044,50c9509d-22c7-4a22-a47d-8c48425ef4a7,https://www.inaturalist.org/observations/395349386,HUMAN_OBSERVATION,BR,São Paulo,,-46.730699,-23.564473,8.0,,"[""COORDINATE_ROUNDED"", ""CONTINENT_DERIVED_FROM_COORDINATES"", ""TAXON_ID_NOT_FOUND"", ""MULTIMEDIA_DATE_INVALID""]",2026-08-26
6518518302,"Scytodes fusca Walckenaer, 1837",Scytodes fusca,5169044,5169044,50c9509d-22c7-4a22-a47d-8c48425ef4a7,https://www.inaturalist.org/observations/396733193,HUMAN_OBSERVATION,BR,São Paulo,,-45.412087,-23.620004,17344.0,,"[""COORDINATE_ROUNDED"", ""CONTINENT_DERIVED_FROM_COORDINATES"", ""TAXON_ID_NOT_FOUND""]",2026-08-31T22:52:44
6518867851,"Scytodes fusca Walckenaer, 1837",Scytodes fusca,5169044,5169044,50c9509d-22c7-4a22-a47d-8c48425ef4a7,https://www.inaturalist.org/observations/395623477,HUMAN_OBSERVATION,BR,Espírito Santo,,-40.642625,-19.917053,,,"[""COORDINATE_ROUNDED"", ""CONTINENT_DERIVED_FROM_COORDINATES"", ""TAXON_ID_NOT_FOUND""]",2026-08-29T18:42:30
6518888806,"Scytodes fusca Walckenaer, 1837",Scytodes fusca,5169044,5169044,50c9509d-22c7-4a22-a47d-8c48425ef4a7,https://www.inaturalist.org/observations/395849742,HUMAN_OBSERVATION,BR,Ceará,,-38.469815,-3.828537,,,"[""COORDINATE_ROUNDED"", ""CONTINENT_DERIVED_FROM_COORDINATES"", ""TAXON_ID_NOT_FOUND""]",2026-08-29T10:07
6519145503,"Scytodes fusca Walckenaer, 1837",Scytodes fusca,5169044,5169044,50c9509d-22c7-4a22-a47d-8c48425ef4a7,https://www.inaturalist.org/observations/395371888,HUMAN_OBSERVATION,BR,São Paulo,,-46.46663,-23.676201,37.0,,"[""COORDINATE_ROUNDED"", ""CONTINENT_DERIVED_FROM_COORDINATES"", ""TAXON_ID_NOT_FOUND""]",2026-08-28T22:56:30
6519267722,"Scytodes fusca Walckenaer, 1837",Scytodes fusca,5169044,5169044,50c9509d-22c7-4a22-a47d-8c48425ef4a7,https://www.inaturalist.org/observations/396339220,HUMAN_OBSERVATION,BR,São Paulo,,-47.179036,-23.129413,5.0,,"[""COORDINATE_ROUNDED"", ""CONTINENT_DERIVED_FROM_COORDINATES"", ""TAXON_ID_NOT_FOUND""]",2026-08-31T21:26:52
6519735677,"Scytodes fusca Walckenaer, 1837",Scytodes fusca,5169044,5169044,50c9509d-22c7-4a22-a47d-8c48425ef4a7,https://www.inaturalist.org/observations/394550869,HUMAN_OBSERVATION,VE,Carabobo,,-68.016777,10.275097,6.0,,"[""COORDINATE_ROUNDED"", ""CONTINENT_DERIVED_FROM_COORDINATES"", ""TAXON_ID_NOT_FOUND""]",2026-08-03T06:47:08
6519878326,"Scytodes fusca Walckenaer, 1837",Scytodes fusca,5169044,5169044,50c9509d-22c7-4a22-a47d-8c48425ef4a7,https://www.inaturalist.org/observations/394523080,HUMAN_OBSERVATION,BR,Goiás,,-48.926591,-16.646986,,,"[""COORDINATE_ROUNDED"", ""CONTINENT_DERIVED_FROM_COORDINATES"", ""TAXON_ID_NOT_FOUND""]",2026-08-25T18:50:16
6519912292,"Scytodes fusca Walckenaer, 1837",Scytodes fusca,5169044,5169044,50c9509d-22c7-4a22-a47d-8c48425ef4a7,https://www.inaturalist.org/observations/395957689,HUMAN_OBSERVATION,BR,São Paulo,,-48.193006,-21.81464,,,"[""COORDINATE_ROUNDED"", ""CONTINENT_DERIVED_FROM_COORDINATES"", ""TAXON_ID_NOT_FOUND""]",2026-08-30T19:25:15
6520256359,"Scytodes fusca Walckenaer, 1837",Scytodes fusca,5169044,5169044,50c9509d-22c7-4a22-a47d-8c48425ef4a7,https://www.inaturalist.org/observations/395756751,HUMAN_OBSERVATION,BR,São Paulo,,-47.17904,-23.129415,5.0,,"[""COORDINATE_ROUNDED"", ""CONTINENT_DERIVED_FROM_COORDINATES"", ""TAXON_ID_NOT_FOUND""]",2026-08-30T07:13:56
6520275899,"Scytodes fusca Walckenaer, 1837",Scytodes fusca,5169044,5169044,50c9509d-22c7-4a22-a47d-8c48425ef4a7,https://www.inaturalist.org/observations/396453358,HUMAN_OBSERVATION,BR,Goiás,,-48.953408,-16.328637,10958.0,,"[""COORDINATE_ROUNDED"", ""CONTINENT_DERIVED_FROM_COORDINATES"", ""TAXON_ID_NOT_FOUND""]",2026-08-21T00:22:38
6520284497,"Scytodes fusca Walckenaer, 1837",Scytodes fusca,5169044,5169044,50c9509d-22c7-4a22-a47d-8c48425ef4a7,https://www.inaturalist.org/observations/395439177,HUMAN_OBSERVATION,BR,São Paulo,,-47.178951,-23.129649,5.0,,"[""COORDINATE_ROUNDED"", ""CONTINENT_DERIVED_FROM_COORDINATES"", ""TAXON_ID_NOT_FOUND""]",2026-08-29T06:57:05
6520618714,"Scytodes fusca Walckenaer, 1837",Scytodes fusca,5169044,5169044,50c9509d-22c7-4a22-a47d-8c48425ef4a7,https://www.inaturalist.org/observations/395089069,HUMAN_OBSERVATION,BR,São Paulo,,-46.490567,-23.66879,38.0,,"[""COORDINATE_ROUNDED"", ""CONTINENT_DERIVED_FROM_COORDINATES"", ""TAXON_ID_NOT_FOUND""]",2026-08-27T21:08:23
6552656958,"Scytodes fusca Walckenaer, 1837",Scytodes fusca,5169044,5169044,50c9509d-22c7-4a22-a47d-8c48425ef4a7,https://www.inaturalist.org/observations/393093858,HUMAN_OBSERVATION,BR,Distrito Federal,,-47.866766,-15.762877,171.0,,"[""COORDINATE_ROUNDED"", ""CONTINENT_DERIVED_FROM_COORDINATES"", ""TAXON_ID_NOT_FOUND""]",2026-08-20T20:18
6518834410,"Scytodes fusca Walckenaer, 1837",Scytodes fusca,5169044,5169044,50c9509d-22c7-4a22-a47d-8c48425ef4a7,https://www.inaturalist.org/observations/398202073,HUMAN_OBSERVATION,BR,São Paulo,,-47.179001,-23.129632,5.0,,"[""COORDINATE_ROUNDED"", ""CONTINENT_DERIVED_FROM_COORDINATES"", ""TAXON_ID_NOT_FOUND""]",2026-09-07T16:09
6520669394,"Scytodes fusca Walckenaer, 1837",Scytodes fusca,5169044,5169044,50c9509d-22c7-4a22-a47d-8c48425ef4a7,https://www.inaturalist.org/observations/397230491,HUMAN_OBSERVATION,BR,Rio de Janeiro,,-43.19194,-22.977634,,,"[""COORDINATE_ROUNDED"", ""CONTINENT_DERIVED_FROM_COORDINATES"", ""TAXON_ID_NOT_FOUND""]",2026-09-03T22:07:55
6550958951,"Scytodes fusca Walckenaer, 1837",Scytodes fusca,5169044,5169044,50c9509d-22c7-4a22-a47d-8c48425ef4a7,https://www.inaturalist.org/observations/398869331,HUMAN_OBSERVATION,BO,Santa Cruz,,-58.807373,-17.97431,,,"[""COORDINATE_ROUNDED"", ""CONTINENT_DERIVED_FROM_COORDINATES"", ""TAXON_ID_NOT_FOUND""]",2026-09-08T23:19:09
6551025589,"Scytodes fusca Walckenaer, 1837",Scytodes fusca,5169044,5169044,50c9509d-22c7-4a22-a47d-8c48425ef4a7,https://www.inaturalist.org/observations/400793050,HUMAN_OBSERVATION,MQ,Le Marin,,-60.85742,14.433245,11.0,,"[""CONTINENT_DERIVED_FROM_COORDINATES"", ""TAXON_ID_NOT_FOUND""]",2026-09-15T20:11:05
6551031809,"Scytodes fusca Walckenaer, 1837",Scytodes fusca,5169044,5169044,50c9509d-22c7-4a22-a47d-8c48425ef4a7,https://www.inaturalist.org/observations/398595122,HUMAN_OBSERVATION,BR,Bahia,,-41.38722,-12.563363,3.0,,"[""COORDINATE_ROUNDED"", ""CONTINENT_DERIVED_FROM_COORDINATES"", ""TAXON_ID_NOT_FOUND""]",2026-09-05T18:09:03
6551091614,"Scytodes fusca Walckenaer, 1837",Scytodes fusca,5169044,5169044,50c9509d-22c7-4a22-a47d-8c48425ef4a7,https://www.inaturalist.org/observations/401672703,HUMAN_OBSERVATION,BR,São Paulo,,-47.065305,-22.801424,30237.0,,"[""COORDINATE_ROUNDED"", ""CONTINENT_DERIVED_FROM_COORDINATES"", ""TAXON_ID_NOT_FOUND""]",2026-09-19T18:47:25
6551390149,"Scytodes fusca Walckenaer, 1837",Scytodes fusca,5169044,5169044,50c9509d-22c7-4a22-a47d-8c48425ef4a7,https://www.inaturalist.org/observations/400108748,HUMAN_OBSERVATION,BR,Goiás,,-49.270845,-16.724779,30795.0,,"[""COORDINATE_ROUNDED"", ""CONTINENT_DERIVED_FROM_COORDINATES"", ""TAXON_ID_NOT_FOUND""]",2026-09-14T01:12:25
6551468662,"Scytodes fusca Walckenaer, 1837",Scytodes fusca,5169044,5169044,50c9509d-22c7-4a22-a47d-8c48425ef4a7,https://www.inaturalist.org/observations/398337655,HUMAN_OBSERVATION,BR,São Paulo,,-47.910654,-22.03027,,,"[""COORDINATE_ROUNDED"", ""CONTINENT_DERIVED_FROM_COORDINATES"", ""TAXON_ID_NOT_FOUND""]",2026-09-08T00:28:27
6551521554,"Scytodes fusca Walckenaer, 1837",Scytodes fusca,5169044,5169044,50c9509d-22c7-4a22-a47d-8c48425ef4a7,https://www.inaturalist.org/observations/400338841,HUMAN_OBSERVATION,BR,São Paulo,,-46.681295,-23.583674,5248.0,,"[""COORDINATE_ROUNDED"", ""CONTINENT_DERIVED_FROM_COORDINATES"", ""TAXON_ID_NOT_FOUND""]",2026-09-14T21:19:31
6551575595,"Scytodes fusca Walckenaer, 1837",Scytodes fusca,5169044,5169044,50c9509d-22c7-4a22-a47d-8c48425ef4a7,https://www.inaturalist.org/observations/401085578,HUMAN_OBSERVATION,BR,Minas Gerais,,-42.546131,-19.510279,,,"[""CONTINENT_DERIVED_FROM_COORDINATES"", ""TAXON_ID_NOT_FOUND""]",2026-09-17T18:51:45
6551671352,"Scytodes fusca Walckenaer, 1837",Scytodes fusca,5169044,5169044,50c9509d-22c7-4a22-a47d-8c48425ef4a7,https://www.inaturalist.org/observations/401404841,HUMAN_OBSERVATION,BR,Ceará,,-39.027632,-4.304124,2.0,,"[""COORDINATE_ROUNDED"", ""CONTINENT_DERIVED_FROM_COORDINATES"", ""TAXON_ID_NOT_FOUND""]",2026-09-12T22:27
6551759433,"Scytodes fusca Walckenaer, 1837",Scytodes fusca,5169044,5169044,50c9509d-22c7-4a22-a47d-8c48425ef4a7,https://www.inaturalist.org/observations/400845757,HUMAN_OBSERVATION,BR,Distrito Federal,,-47.920708,-15.794983,13.0,,"[""COORDINATE_ROUNDED"", ""CONTINENT_DERIVED_FROM_COORDINATES"", ""TAXON_ID_NOT_FOUND""]",2026-09-16T19:37:26
6551797500,"Scytodes fusca Walckenaer, 1837",Scytodes fusca,5169044,5169044,50c9509d-22c7-4a22-a47d-8c48425ef4a7,https://www.inaturalist.org/observations/399033136,HUMAN_OBSERVATION,BR,São Paulo,,-50.38506,-21.254881,654.0,,"[""COORDINATE_ROUNDED"", ""CONTINENT_DERIVED_FROM_COORDINATES"", ""TAXON_ID_NOT_FOUND""]",2026-09-10T14:07:17
6551986429,"Scytodes fusca Walckenaer, 1837",Scytodes fusca,5169044,5169044,50c9509d-22c7-4a22-a47d-8c48425ef4a7,https://www.inaturalist.org/observations/399887716,HUMAN_OBSERVATION,BR,Santa Catarina,,-48.85355,-26.278472,9.0,,"[""COORDINATE_ROUNDED"", ""CONTINENT_DERIVED_FROM_COORDINATES"", ""TAXON_ID_NOT_FOUND""]",2026-09-12T18:07:08
6551994795,"Scytodes fusca Walckenaer, 1837",Scytodes fusca,5169044,5169044,50c9509d-22c7-4a22-a47d-8c48425ef4a7,https://www.inaturalist.org/observations/401404844,HUMAN_OBSERVATION,BR,Ceará,,-39.027632,-4.304124,2.0,,"[""COORDINATE_ROUNDED"", ""CONTINENT_DERIVED_FROM_COORDINATES"", ""TAXON_ID_NOT_FOUND""]",2026-09-12T22:28
6552164511,"Scytodes fusca Walckenaer, 1837",Scytodes fusca,5169044,5169044,50c9509d-22c7-4a22-a47d-8c48425ef4a7,https://www.inaturalist.org/observations/399595230,HUMAN_OBSERVATION,US,Florida,,-80.249322,26.732537,4.0,,"[""COORDINATE_ROUNDED"", ""CONTINENT_DERIVED_FROM_COORDINATES"", ""TAXON_ID_NOT_FOUND""]",2026-09-12T09:54:50
6552285244,"Scytodes fusca Walckenaer, 1837",Scytodes fusca,5169044,5169044,50c9509d-22c7-4a22-a47d-8c48425ef4a7,https://www.inaturalist.org/observations/401113398,HUMAN_OBSERVATION,BR,São Paulo,,-47.883992,-22.002936,5.0,,"[""COORDINATE_ROUNDED"", ""CONTINENT_DERIVED_FROM_COORDINATES"", ""TAXON_ID_NOT_FOUND""]",2026-09-17T20:52:57
6552408938,"Scytodes fusca Walckenaer, 1837",Scytodes fusca,5169044,5169044,50c9509d-22c7-4a22-a47d-8c48425ef4a7,https://www.inaturalist.org/observations/401067437,HUMAN_OBSERVATION,BR,Distrito Federal,,-47.89233,-15.763905,9.0,,"[""COORDINATE_ROUNDED"", ""CONTINENT_DERIVED_FROM_COORDINATES"", ""TAXON_ID_NOT_FOUND""]",2026-09-17T17:35:29
6552411021,"Scytodes fusca Walckenaer, 1837",Scytodes fusca,5169044,5169044,50c9509d-22c7-4a22-a47d-8c48425ef4a7,https://www.inaturalist.org/observations/399043213,HUMAN_OBSERVATION,ZA,Gauteng,,28.230091,-25.751709,37.0,,"[""COORDINATE_ROUNDED"", ""CONTINENT_DERIVED_FROM_COORDINATES"", ""TAXON_ID_NOT_FOUND""]",2026-09-10T17:30:12
6552663079,"Scytodes fusca Walckenaer, 1837",Scytodes fusca,5169044,5169044,50c9509d-22c7-4a22-a47d-8c48425ef4a7,https://www.inaturalist.org/observations/400314909,HUMAN_OBSERVATION,BR,Minas Gerais,,-43.992931,-19.927883,,,"[""COORDINATE_ROUNDED"", ""CONTINENT_DERIVED_FROM_COORDINATES"", ""TAXON_ID_NOT_FOUND""]",2026-09-03T00:14:23
6553057314,"Scytodes fusca Walckenaer, 1837",Scytodes fusca,5169044,5169044,50c9509d-22c7-4a22-a47d-8c48425ef4a7,https://www.inaturalist.org/observations/401040169,HUMAN_OBSERVATION,US,Florida,,-82.387057,27.868632,29680.0,,"[""COORDINATE_ROUNDED"", ""CONTINENT_DERIVED_FROM_COORDINATES"", ""TAXON_ID_NOT_FOUND""]",2026-09-17T14:30:57
5007073368,"Scytodes fusca Walckenaer, 1837",Scytodes fusca,5169044,5169044,50c9509d-22c7-4a22-a47d-8c48425ef4a7,https://www.inaturalist.org/observations/257558305,HUMAN_OBSERVATION,US,Florida,,-82.251955,27.05929,,,"[""COORDINATE_ROUNDED"", ""CONTINENT_DERIVED_FROM_COORDINATES"", ""TAXON_ID_NOT_FOUND""]",2025-01-05T23:51:30
5036822603,"Scytodes fusca Walckenaer, 1837",Scytodes fusca,5169044,5169044,50c9509d-22c7-4a22-a47d-8c48425ef4a7,https://www.inaturalist.org/observations/257859182,HUMAN_OBSERVATION,BR,Tocantins,,-49.034023,-11.737449,31126.0,,"[""COORDINATE_ROUNDED"", ""CONTINENT_DERIVED_FROM_COORDINATES"", ""TAXON_ID_NOT_FOUND""]",2025-01-08T18:09:23
5037085230,"Scytodes fusca Walckenaer, 1837",Scytodes fusca,5169044,5169044,50c9509d-22c7-4a22-a47d-8c48425ef4a7,https://www.inaturalist.org/observations/257604779,HUMAN_OBSERVATION,BR,Ceará,,-40.346346,-2.917119,106.0,,"[""COORDINATE_ROUNDED"", ""CONTINENT_DERIVED_FROM_COORDINATES"", ""TAXON_ID_NOT_FOUND""]",2025-01-02T14:28:08
5037122483,"Scytodes fusca Walckenaer, 1837",Scytodes fusca,5169044,5169044,50c9509d-22c7-4a22-a47d-8c48425ef4a7,https://www.inaturalist.org/observations/258000075,HUMAN_OBSERVATION,BR,São Paulo,,-45.893651,-23.24835,129.0,,"[""COORDINATE_ROUNDED"", ""CONTINENT_DERIVED_FROM_COORDINATES"", ""TAXON_ID_NOT_FOUND""]",2025-01-09T23:16:34
5037161106,"Scytodes fusca Walckenaer, 1837",Scytodes fusca,5169044,5169044,50c9509d-22c7-4a22-a47d-8c48425ef4a7,https://www.inaturalist.org/observations/257988758,HUMAN_OBSERVATION,BR,São Paulo,,-49.369711,-20.778732,,,"[""COORDINATE_ROUNDED"", ""CONTINENT_DERIVED_FROM_COORDINATES"", ""TAXON_ID_NOT_FOUND""]",2025-01-09T21:07
5063264535,"Scytodes fusca Walckenaer, 1837",Scytodes fusca,5169044,5169044,50c9509d-22c7-4a22-a47d-8c48425ef4a7,https://www.inaturalist.org/observations/259098450,HUMAN_OBSERVATION,BR,Minas Gerais,,-46.39712,-22.297754,30298.0,,"[""COORDINATE_ROUNDED"", ""CONTINENT_DERIVED_FROM_COORDINATES"", ""TAXON_ID_NOT_FOUND""]",2025-01-20T00:51:26
5063347670,"Scytodes fusca Walckenaer, 1837",Scytodes fusca,5169044,5169044,50c9509d-22c7-4a22-a47d-8c48425ef4a7,https://www.inaturalist.org/observations/259308516,HUMAN_OBSERVATION,BR,Minas Gerais,,-46.381545,-22.357716,30298.0,,"[""COORDINATE_ROUNDED"", ""CONTINENT_DERIVED_FROM_COORDINATES"", ""TAXON_ID_NOT_FOUND""]",2025-01-23T01:58:37
5063568536,"Scytodes fusca Walckenaer, 1837",Scytodes fusca,5169044,5169044,50c9509d-22c7-4a22-a47d-8c48425ef4a7,https://www.inaturalist.org/observations/259790710,HUMAN_OBSERVATION,US,Florida,,-80.126435,26.181662,5.0,,"[""COORDINATE_ROUNDED"", ""CONTINENT_DERIVED_FROM_COORDINATES"", ""TAXON_ID_NOT_FOUND""]",2025-01-27T14:09:43
5076868246,"Scytodes fusca Walckenaer, 1837",Scytodes fusca,5169044,5169044,50c9509d-22c7-4a22-a47d-8c48425ef4a7,https://www.inaturalist.org/observations/262347712,HUMAN_OBSERVATION,MY,Sabah,,118.11616,5.841234,,,"[""COORDINATE_ROUNDED"", ""CONTINENT_DERIVED_FROM_COORDINATES"", ""TAXON_ID_NOT_FOUND""]",2025-01-27T13:27
5133208949,"Scytodes fusca Walckenaer, 1837",Scytodes fusca,5169044,5169044,50c9509d-22c7-4a22-a47d-8c48425ef4a7,https://www.inaturalist.org/observations/269889063,HUMAN_OBSERVATION,BR,São Paulo,,-49.866622,-22.979654,5022.0,,"[""COORDINATE_ROUNDED"", ""CONTINENT_DERIVED_FROM_COORDINATES"", ""TAXON_ID_NOT_FOUND""]",2025-01-18T15:26:11
5134855734,"Scytodes fusca Walckenaer, 1837",Scytodes fusca,5169044,5169044,50c9509d-22c7-4a22-a47d-8c48425ef4a7,https://www.inaturalist.org/observations/271965184,HUMAN_OBSERVATION,BR,Minas Gerais,,-44.165118,-19.929815,5.0,,"[""COORDINATE_ROUNDED"", ""CONTINENT_DERIVED_FROM_COORDINATES"", ""TAXON_ID_NOT_FOUND""]",2025-01-27T19:36:23
5140080435,"Scytodes fusca Walckenaer, 1837",Scytodes fusca,5169044,5169044,50c9509d-22c7-4a22-a47d-8c48425ef4a7,https://www.inaturalist.org/observations/259389014,HUMAN_OBSERVATION,BR,Minas Gerais,,-43.864838,-19.811377,17583.0,,"[""COORDINATE_ROUNDED"", ""CONTINENT_DERIVED_FROM_COORDINATES"", ""TAXON_ID_NOT_FOUND""]",2025-01-20T10:51:28
5230294557,"Scytodes fusca Walckenaer, 1837",Scytodes fusca,5169044,5169044,50c9509d-22c7-4a22-a47d-8c48425ef4a7,https://www.inaturalist.org/observations/257832477,HUMAN_OBSERVATION,EC,Los Rios,,-79.502834,-1.081309,120.0,,"[""COORDINATE_ROUNDED"", ""CONTINENT_DERIVED_FROM_COORDINATES"", ""TAXON_ID_NOT_FOUND""]",2025-01-08T13:33:53
5292333375,"Scytodes fusca Walckenaer, 1837",Scytodes fusca,5169044,5169044,50c9509d-22c7-4a22-a47d-8c48425ef4a7,https://www.inaturalist.org/observations/307294264,HUMAN_OBSERVATION,BR,Minas Gerais,,-43.358292,-21.771741,,,"[""COORDINATE_ROUNDED"", ""CONTINENT_DERIVED_FROM_COORDINATES"", ""TAXON_ID_NOT_FOUND""]",2025-01-16T19:43:57
5909322383,"Scytodes fusca Walckenaer, 1837",Scytodes fusca,5169044,5169044,50c9509d-22c7-4a22-a47d-8c48425ef4a7,https://www.inaturalist.org/observations/329055209,HUMAN_OBSERVATION,ZA,Eastern Cape,,25.722712,-33.392127,200.0,,"[""COORDINATE_ROUNDED"", ""CONTINENT_DERIVED_FROM_COORDINATES"", ""TAXON_ID_NOT_FOUND""]",2025-01-14T20:34
6185537578,"Scytodes fusca Walckenaer, 1837",Scytodes fusca,5169044,5169044,50c9509d-22c7-4a22-a47d-8c48425ef4a7,https://www.inaturalist.org/observations/343767984,HUMAN_OBSERVATION,SG,North,,103.989318,1.381354,31447.0,,"[""COORDINATE_ROUNDED"", ""CONTINENT_DERIVED_FROM_COORDINATES"", ""TAXON_ID_NOT_FOUND""]",2025-01-27T15:24
5063878028,"Scytodes fusca Walckenaer, 1837",Scytodes fusca,5169044,5169044,50c9509d-22c7-4a22-a47d-8c48425ef4a7,https://www.inaturalist.org/observations/261007065,HUMAN_OBSERVATION,BR,São Paulo,,-46.73573,-23.572572,50.0,,"[""COORDINATE_ROUNDED"", ""CONTINENT_DERIVED_FROM_COORDINATES"", ""TAXON_ID_NOT_FOUND""]",2025-02-02T21:31:53
5063955325,"Scytodes fusca Walckenaer, 1837",Scytodes fusca,5169044,5169044,50c9509d-22c7-4a22-a47d-8c48425ef4a7,https://www.inaturalist.org/observations/260857536,HUMAN_OBSERVATION,BR,Ceará,,-38.487629,-3.812952,1.0,,"[""COORDINATE_ROUNDED"", ""CONTINENT_DERIVED_FROM_COORDINATES"", ""TAXON_ID_NOT_FOUND""]",2025-02-04T12:10
5063981607,"Scytodes fusca Walckenaer, 1837",Scytodes fusca,5169044,5169044,50c9509d-22c7-4a22-a47d-8c48425ef4a7,https://www.inaturalist.org/observations/260943352,HUMAN_OBSERVATION,BR,Ceará,,-38.487375,-3.80998,,,"[""CONTINENT_DERIVED_FROM_COORDINATES"", ""TAXON_ID_NOT_FOUND""]",2025-02-04T14:38
5063989090,"Scytodes fusca Walckenaer, 1837",Scytodes fusca,5169044,5169044,50c9509d-22c7-4a22-a47d-8c48425ef4a7,https://www.inaturalist.org/observations/260970780,HUMAN_OBSERVATION,BR,Minas Gerais,,-46.218892,-22.249116,30298.0,,"[""COORDINATE_ROUNDED"", ""CONTINENT_DERIVED_FROM_COORDINATES"", ""TAXON_ID_NOT_FOUND""]",2025-02-08T03:04:01
5070007435,"Scytodes fusca Walckenaer, 1837",Scytodes fusca,5169044,5169044,50c9509d-22c7-4a22-a47d-8c48425ef4a7,https://www.inaturalist.org/observations/261917434,HUMAN_OBSERVATION,BR,Santa Catarina,,-48.956362,-28.44364,,,"[""COORDINATE_ROUNDED"", ""CONTINENT_DERIVED_FROM_COORDINATES"", ""TAXON_ID_NOT_FOUND""]",2025-02-16T20:50:05
5070021043,"Scytodes fusca Walckenaer, 1837",Scytodes fusca,5169044,5169044,50c9509d-22c7-4a22-a47d-8c48425ef4a7,https://www.inaturalist.org/observations/262038775,HUMAN_OBSERVATION,BR,Ceará,,-38.484031,-3.751258,,,"[""COORDINATE_ROUNDED"", ""CONTINENT_DERIVED_FROM_COORDINATES"", ""TAXON_ID_NOT_FOUND""]",2025-02-14T09:55
5070039705,"Scytodes fusca Walckenaer, 1837",Scytodes fusca,5169044,5169044,50c9509d-22c7-4a22-a47d-8c48425ef4a7,https://www.inaturalist.org/observations/261947591,HUMAN_OBSERVATION,BR,São Paulo,,-47.784696,-21.175674,209.0,,"[""COORDINATE_ROUNDED"", ""CONTINENT_DERIVED_FROM_COORDINATES"", ""TAXON_ID_NOT_FOUND""]",2025-02-17T02:07:52
5070110069,"Scytodes fusca Walckenaer, 1837",Scytodes fusca,5169044,5169044,50c9509d-22c7-4a22-a47d-8c48425ef4a7,https://www.inaturalist.org/observations/262038659,HUMAN_OBSERVATION,BR,Ceará,,-38.483824,-3.751452,,,"[""COORDINATE_ROUNDED"", ""CONTINENT_DERIVED_FROM_COORDINATES"", ""TAXON_ID_NOT_FOUND""]",2025-02-14T09:10
5077019076,"Scytodes fusca Walckenaer, 1837",Scytodes fusca,5169044,5169044,50c9509d-22c7-4a22-a47d-8c48425ef4a7,https://www.inaturalist.org/observations/262765854,HUMAN_OBSERVATION,BR,São Paulo,,-46.729382,-23.530954,14.0,,"[""COORDINATE_ROUNDED"", ""CONTINENT_DERIVED_FROM_COORDINATES"", ""TAXON_ID_NOT_FOUND""]",2025-02-22T23:28:59
5077020970,"Scytodes fusca Walckenaer, 1837",Scytodes fusca,5169044,5169044,50c9509d-22c7-4a22-a47d-8c48425ef4a7,https://www.inaturalist.org/observations/262762748,HUMAN_OBSERVATION,BR,São Paulo,,-47.298844,-22.803351,,,"[""COORDINATE_ROUNDED"", ""CONTINENT_DERIVED_FROM_COORDINATES"", ""TAXON_ID_NOT_FOUND""]",2025-02-22T22:44:07
5077114006,"Scytodes fusca Walckenaer, 1837",Scytodes fusca,5169044,5169044,50c9509d-22c7-4a22-a47d-8c48425ef4a7,https://www.inaturalist.org/observations/262968843,HUMAN_OBSERVATION,BR,São Paulo,,-46.651469,-23.6146,216.0,,"[""COORDINATE_ROUNDED"", ""CONTINENT_DERIVED_FROM_COORDINATES"", ""TAXON_ID_NOT_FOUND""]",2025-02-16T15:03:23
5077183474,"Scytodes fusca Walckenaer, 1837",Scytodes fusca,5169044,5169044,50c9509d-22c7-4a22-a47d-8c48425ef4a7,https://www.inaturalist.org/observations/263063945,HUMAN_OBSERVATION,BR,Pará,,-52.224595,-3.2677,32.0,,"[""CONTINENT_DERIVED_FROM_COORDINATES"", ""TAXON_ID_NOT_FOUND""]",2025-02-25T06:19:45
5087251076,"Scytodes fusca Walckenaer, 1837",Scytodes fusca,5169044,5169044,50c9509d-22c7-4a22-a47d-8c48425ef4a7,https://www.inaturalist.org/observations/263153483,HUMAN_OBSERVATION,US,Florida,,-80.285919,27.294266,29751.0,,"[""COORDINATE_ROUNDED"", ""CONTINENT_DERIVED_FROM_COORDINATES"", ""TAXON_ID_NOT_FOUND""]",2025-02-26T08:19:10
5087279938,"Scytodes fusca Walckenaer, 1837",Scytodes fusca,5169044,5169044,50c9509d-22c7-4a22-a47d-8c48425ef4a7,https://www.inaturalist.org/observations/263323276,HUMAN_OBSERVATION,BR,Espírito Santo,,-40.593525,-19.936158,16.0,,"[""COORDINATE_ROUNDED"", ""CONTINENT_DERIVED_FROM_COORDINATES"", ""TAXON_ID_NOT_FOUND""]",2025-02-27T20:34:07
5133798325,"Scytodes fusca Walckenaer, 1837",Scytodes fusca,5169044,5169044,50c9509d-22c7-4a22-a47d-8c48425ef4a7,https://www.inaturalist.org/observations/261496054,HUMAN_OBSERVATION,US,Florida,,-82.706497,27.816857,14.0,,"[""COORDINATE_ROUNDED"", ""CONTINENT_DERIVED_FROM_COORDINATES"", ""TAXON_ID_NOT_FOUND""]",2025-02-12T20:03:07
5168230137,"Scytodes fusca Walckenaer, 1837",Scytodes fusca,5169044,5169044,50c9509d-22c7-4a22-a47d-8c48425ef4a7,https://www.inaturalist.org/observations/283184106,HUMAN_OBSERVATION,ID,Yogyakarta,,110.29156,-7.739432,31310.0,,"[""COORDINATE_ROUNDED"", ""CONTINENT_DERIVED_FROM_COORDINATES"", ""TAXON_ID_NOT_FOUND""]",2025-02-28T23:48
5838300764,"Scytodes fusca Walckenaer, 1837",Scytodes fusca,5169044,5169044,50c9509d-22c7-4a22-a47d-8c48425ef4a7,https://www.inaturalist.org/observations/316621494,HUMAN_OBSERVATION,US,Florida,,-80.323512,26.07506,20.0,,"[""COORDINATE_ROUNDED"", ""CONTINENT_DERIVED_FROM_COORDINATES"", ""TAXON_ID_NOT_FOUND""]",2025-02-14T18:48
6162815085,"Scytodes fusca Walckenaer, 1837",Scytodes fusca,5169044,5169044,50c9509d-22c7-4a22-a47d-8c48425ef4a7,https://www.inaturalist.org/observations/260268305,HUMAN_OBSERVATION,PR,Cayey,,-66.108812,18.122624,314.0,,"[""COORDINATE_ROUNDED"", ""CONTINENT_DERIVED_FROM_COORDINATES"", ""TAXON_ID_NOT_FOUND""]",2025-02-01T11:14:38
6162837670,"Scytodes fusca Walckenaer, 1837",Scytodes fusca,5169044,5169044,50c9509d-22c7-4a22-a47d-8c48425ef4a7,https://www.inaturalist.org/observations/262003178,HUMAN_OBSERVATION,VI,St. Croix,,-64.706932,17.743689,11.0,,"[""COORDINATE_ROUNDED"", ""CONTINENT_DERIVED_FROM_COORDINATES"", ""TAXON_ID_NOT_FOUND""]",2025-02-17T14:44:27
6552233661,"Scytodes fusca Walckenaer, 1837",Scytodes fusca,5169044,5169044,50c9509d-22c7-4a22-a47d-8c48425ef4a7,https://www.inaturalist.org/observations/330815688,HUMAN_OBSERVATION,SX,,,-63.021097,18.045592,2.0,,"[""COORDINATE_ROUNDED"", ""CONTINENT_DERIVED_FROM_COORDINATES"", ""TAXON_ID_NOT_FOUND""]",2025-02-16T02:29
6552632492,"Scytodes fusca Walckenaer, 1837",Scytodes fusca,5169044,5169044,50c9509d-22c7-4a22-a47d-8c48425ef4a7,https://www.inaturalist.org/observations/401870216,HUMAN_OBSERVATION,BR,São Paulo,,-46.448412,-23.382185,,,"[""COORDINATE_ROUNDED"", ""CONTINENT_DERIVED_FROM_COORDINATES"", ""TAXON_ID_NOT_FOUND""]",2025-02-02T22:23:07
5087482894,"Scytodes fusca Walckenaer, 1837",Scytodes fusca,5169044,5169044,50c9509d-22c7-4a22-a47d-8c48425ef4a7,https://www.inaturalist.org/observations/263817697,HUMAN_OBSERVATION,BR,São Paulo,,-47.31427,-23.162475,4.0,,"[""CONTINENT_DERIVED_FROM_COORDINATES"", ""TAXON_ID_NOT_FOUND""]",2025-03-03T21:28:40
5087576607,"Scytodes fusca Walckenaer, 1837",Scytodes fusca,5169044,5169044,50c9509d-22c7-4a22-a47d-8c48425ef4a7,https://www.inaturalist.org/observations/263763277,HUMAN_OBSERVATION,US,Florida,,-82.518486,27.276925,,,"[""COORDINATE_ROUNDED"", ""CONTINENT_DERIVED_FROM_COORDINATES"", ""TAXON_ID_NOT_FOUND""]",2025-03-02T09:59:56
5087790037,"Scytodes fusca Walckenaer, 1837",Scytodes fusca,5169044,5169044,50c9509d-22c7-4a22-a47d-8c48425ef4a7,https://www.inaturalist.org/observations/265385841,HUMAN_OBSERVATION,BR,São Paulo,,-50.384796,-21.258177,8.0,,"[""COORDINATE_ROUNDED"", ""CONTINENT_DERIVED_FROM_COORDINATES"", ""TAXON_ID_NOT_FOUND""]",2025-03-15T07:51
5104507530,"Scytodes fusca Walckenaer, 1837",Scytodes fusca,5169044,5169044,50c9509d-22c7-4a22-a47d-8c48425ef4a7,https://www.inaturalist.org/observations/266173672,HUMAN_OBSERVATION,BR,Bahia,,-44.531634,-14.179267,3.0,,"[""COORDINATE_ROUNDED"", ""CONTINENT_DERIVED_FROM_COORDINATES"", ""TAXON_ID_NOT_FOUND""]",2025-03-19T22:23:57
5104578591,"Scytodes fusca Walckenaer, 1837",Scytodes fusca,5169044,5169044,50c9509d-22c7-4a22-a47d-8c48425ef4a7,https://www.inaturalist.org/observations/266636053,HUMAN_OBSERVATION,BR,Bahia,,-44.540502,-14.180732,1952.0,,"[""COORDINATE_ROUNDED"", ""CONTINENT_DERIVED_FROM_COORDINATES"", ""TAXON_ID_NOT_FOUND""]",2025-03-22T20:38:50
5104593765,"Scytodes fusca Walckenaer, 1837",Scytodes fusca,5169044,5169044,50c9509d-22c7-4a22-a47d-8c48425ef4a7,https://www.inaturalist.org/observations/266376102,HUMAN_OBSERVATION,BR,Bahia,,-44.53123,-14.178707,9.0,,"[""COORDINATE_ROUNDED"", ""CONTINENT_DERIVED_FROM_COORDINATES"", ""TAXON_ID_NOT_FOUND""]",2025-03-21T19:05:25
5104720031,"Scytodes fusca Walckenaer, 1837",Scytodes fusca,5169044,5169044,50c9509d-22c7-4a22-a47d-8c48425ef4a7,https://www.inaturalist.org/observations/266919772,HUMAN_OBSERVATION,BR,São Paulo,,-47.020213,-23.652375,193.0,,"[""COORDINATE_ROUNDED"", ""CONTINENT_DERIVED_FROM_COORDINATES"", ""TAXON_ID_NOT_FOUND""]",2025-03-20T17:35:43
5108190292,"Scytodes fusca Walckenaer, 1837",Scytodes fusca,5169044,5169044,50c9509d-22c7-4a22-a47d-8c48425ef4a7,https://www.inaturalist.org/observations/267417470,HUMAN_OBSERVATION,BR,São Paulo,,-46.755814,-23.569923,37.0,,"[""COORDINATE_ROUNDED"", ""CONTINENT_DERIVED_FROM_COORDINATES"", ""TAXON_ID_NOT_FOUND""]",2025-03-28T19:26:06
5108259338,"Scytodes fusca Walckenaer, 1837",Scytodes fusca,5169044,5169044,50c9509d-22c7-4a22-a47d-8c48425ef4a7,https://www.inaturalist.org/observations/267429144,HUMAN_OBSERVATION,BR,São Paulo,,-46.566081,-23.586424,639.0,,"[""COORDINATE_ROUNDED"", ""CONTINENT_DERIVED_FROM_COORDINATES"", ""TAXON_ID_NOT_FOUND""]",2025-03-28T20:48:35
5108272160,"Scytodes fusca Walckenaer, 1837",Scytodes fusca,5169044,5169044,50c9509d-22c7-4a22-a47d-8c48425ef4a7,https://www.inaturalist.org/observations/267595826,HUMAN_OBSERVATION,BR,Ceará,,-38.469787,-3.828659,1.0,,"[""COORDINATE_ROUNDED"", ""CONTINENT_DERIVED_FROM_COORDINATES"", ""TAXON_ID_NOT_FOUND""]",2025-03-25T09:47
5108278532,"Scytodes fusca Walckenaer, 1837",Scytodes fusca,5169044,5169044,50c9509d-22c7-4a22-a47d-8c48425ef4a7,https://www.inaturalist.org/observations/267452320,HUMAN_OBSERVATION,US,Florida,,-81.199075,28.600267,22.0,,"[""COORDINATE_ROUNDED"", ""CONTINENT_DERIVED_FROM_COORDINATES"", ""TAXON_ID_NOT_FOUND""]",2025-03-28T22:44:59
5108342781,"Scytodes fusca Walckenaer, 1837",Scytodes fusca,5169044,5169044,50c9509d-22c7-4a22-a47d-8c48425ef4a7,https://www.inaturalist.org/observations/267718582,HUMAN_OBSERVATION,BR,Espírito Santo,,-41.686956,-20.781919,24.0,,"[""COORDINATE_ROUNDED"", ""CONTINENT_DERIVED_FROM_COORDINATES"", ""TAXON_ID_NOT_FOUND""]",2025-03-25T22:32:27
5133914826,"Scytodes fusca Walckenaer, 1837",Scytodes fusca,5169044,5169044,50c9509d-22c7-4a22-a47d-8c48425ef4a7,https://www.inaturalist.org/observations/268372105,HUMAN_OBSERVATION,BR,Santa Catarina,,-48.633945,-27.152749,5670.0,,"[""COORDINATE_ROUNDED"", ""CONTINENT_DERIVED_FROM_COORDINATES"", ""TAXON_ID_NOT_FOUND""]",2025-03-19T07:06:39
5292833644,"Scytodes fusca Walckenaer, 1837",Scytodes fusca,5169044,5169044,50c9509d-22c7-4a22-a47d-8c48425ef4a7,https://www.inaturalist.org/observations/266647058,HUMAN_OBSERVATION,DK,Hovedstaden,,12.656314,55.638409,8.0,,"[""COORDINATE_ROUNDED"", ""CONTINENT_DERIVED_FROM_COORDINATES"", ""TAXON_ID_NOT_FOUND""]",2025-03-23T22:35
5893370514,"Scytodes fusca Walckenaer, 1837",Scytodes fusca,5169044,5169044,963a6b96-4d22-4428-86e4-afee52cf4a8e,https://arter.dk//fund/31337681,HUMAN_OBSERVATION,DK,,,12.656263,55.638408,9.23,,"[""CONTINENT_DERIVED_FROM_COORDINATES"", ""TAXON_ID_NOT_FOUND""]",2025-03-23
5893806356,"Scytodes fusca Walckenaer, 1837",Scytodes fusca,5169044,5169044,963a6b96-4d22-4428-86e4-afee52cf4a8e,https://arter.dk//fund/31287650,HUMAN_OBSERVATION,DK,,,12.656263,55.638408,9.23,,"[""CONTINENT_DERIVED_FROM_COORDINATES"", ""TAXON_ID_NOT_FOUND""]",2025-03-23
5133190172,"Scytodes fusca Walckenaer, 1837",Scytodes fusca,5169044,5169044,50c9509d-22c7-4a22-a47d-8c48425ef4a7,https://www.inaturalist.org/observations/269908003,HUMAN_OBSERVATION,MX,Nayarit,,-105.370936,20.763506,,,"[""COORDINATE_ROUNDED"", ""CONTINENT_DERIVED_FROM_COORDINATES"", ""TAXON_ID_NOT_FOUND""]",2025-04-09T13:53:52
5133550459,"Scytodes fusca Walckenaer, 1837",Scytodes fusca,5169044,5169044,50c9509d-22c7-4a22-a47d-8c48425ef4a7,https://www.inaturalist.org/observations/270318051,HUMAN_OBSERVATION,BR,Goiás,,-49.240736,-16.663667,,,"[""COORDINATE_ROUNDED"", ""CONTINENT_DERIVED_FROM_COORDINATES"", ""TAXON_ID_NOT_FOUND""]",2025-04-13T19:42:25
5133786357,"Scytodes fusca Walckenaer, 1837",Scytodes fusca,5169044,5169044,50c9509d-22c7-4a22-a47d-8c48425ef4a7,https://www.inaturalist.org/observations/270691439,HUMAN_OBSERVATION,BR,São Paulo,,-46.706547,-23.569507,77.0,,"[""COORDINATE_ROUNDED"", ""CONTINENT_DERIVED_FROM_COORDINATES"", ""TAXON_ID_NOT_FOUND""]",2025-04-07T11:33:25
5133955124,"Scytodes fusca Walckenaer, 1837",Scytodes fusca,5169044,5169044,50c9509d-22c7-4a22-a47d-8c48425ef4a7,https://www.inaturalist.org/observations/268548139,HUMAN_OBSERVATION,BR,São Paulo,,-47.901267,-22.004875,13.0,,"[""COORDINATE_ROUNDED"", ""CONTINENT_DERIVED_FROM_COORDINATES"", ""TAXON_ID_NOT_FOUND""]",2025-04-04T00:05:24
5134184610,"Scytodes fusca Walckenaer, 1837",Scytodes fusca,5169044,5169044,50c9509d-22c7-4a22-a47d-8c48425ef4a7,https://www.inaturalist.org/observations/268488620,HUMAN_OBSERVATION,US,Florida,,-80.875105,25.185251,1483.0,,"[""COORDINATE_ROUNDED"", ""CONTINENT_DERIVED_FROM_COORDINATES"", ""TAXON_ID_NOT_FOUND""]",2025-04-02T01:18:45
5140026736,"Scytodes fusca Walckenaer, 1837",Scytodes fusca,5169044,5169044,50c9509d-22c7-4a22-a47d-8c48425ef4a7,https://www.inaturalist.org/observations/269029213,HUMAN_OBSERVATION,BR,Ceará,,-38.499872,-3.754627,,,"[""COORDINATE_ROUNDED"", ""CONTINENT_DERIVED_FROM_COORDINATES"", ""TAXON_ID_NOT_FOUND""]",2025-04-03T19:49
5140031719,"Scytodes fusca Walckenaer, 1837",Scytodes fusca,5169044,5169044,50c9509d-22c7-4a22-a47d-8c48425ef4a7,https://www.inaturalist.org/observations/269029221,HUMAN_OBSERVATION,BR,Ceará,,-38.499872,-3.754732,,,"[""COORDINATE_ROUNDED"", ""CONTINENT_DERIVED_FROM_COORDINATES"", ""TAXON_ID_NOT_FOUND""]",2025-04-03T19:55
5140161533,"Scytodes fusca Walckenaer, 1837",Scytodes fusca,5169044,5169044,50c9509d-22c7-4a22-a47d-8c48425ef4a7,https://www.inaturalist.org/observations/272772587,HUMAN_OBSERVATION,BR,São Paulo,,-46.734668,-23.636789,38.0,,"[""COORDINATE_ROUNDED"", ""CONTINENT_DERIVED_FROM_COORDINATES"", ""TAXON_ID_NOT_FOUND""]",2025-04-24T17:24:05
5141074818,"Scytodes fusca Walckenaer, 1837",Scytodes fusca,5169044,5169044,50c9509d-22c7-4a22-a47d-8c48425ef4a7,https://www.inaturalist.org/observations/276355928,HUMAN_OBSERVATION,BR,Santa Catarina,,-49.266512,-26.814032,5.0,,"[""COORDINATE_ROUNDED"", ""CONTINENT_DERIVED_FROM_COORDINATES"", ""TAXON_ID_NOT_FOUND""]",2025-04-28T23:44:41
5153093820,"Scytodes fusca Walckenaer, 1837",Scytodes fusca,5169044,5169044,50c9509d-22c7-4a22-a47d-8c48425ef4a7,https://www.inaturalist.org/observations/277202249,HUMAN_OBSERVATION,BR,Minas Gerais,,-48.268033,-18.917787,18.0,,"[""COORDINATE_ROUNDED"", ""CONTINENT_DERIVED_FROM_COORDINATES"", ""TAXON_ID_NOT_FOUND""]",2025-04-30T10:02:33
5153118351,"Scytodes fusca Walckenaer, 1837",Scytodes fusca,5169044,5169044,50c9509d-22c7-4a22-a47d-8c48425ef4a7,https://www.inaturalist.org/observations/276921540,HUMAN_OBSERVATION,US,Florida,,-81.379053,24.707336,256.0,,"[""COORDINATE_ROUNDED"", ""CONTINENT_DERIVED_FROM_COORDINATES"", ""TAXON_ID_NOT_FOUND""]",2025-04-25T17:37
5153388176,"Scytodes fusca Walckenaer, 1837",Scytodes fusca,5169044,5169044,50c9509d-22c7-4a22-a47d-8c48425ef4a7,https://www.inaturalist.org/observations/279047539,HUMAN_OBSERVATION,BR,Ceará,,-38.487179,-3.809429,,,"[""COORDINATE_ROUNDED"", ""CONTINENT_DERIVED_FROM_COORDINATES"", ""TAXON_ID_NOT_FOUND""]",2025-04-28
5153440835,"Scytodes fusca Walckenaer, 1837",Scytodes fusca,5169044,5169044,50c9509d-22c7-4a22-a47d-8c48425ef4a7,https://www.inaturalist.org/observations/278498804,HUMAN_OBSERVATION,BR,Santa Catarina,,-49.040252,-26.847118,29798.0,,"[""COORDINATE_ROUNDED"", ""CONTINENT_DERIVED_FROM_COORDINATES"", ""TAXON_ID_NOT_FOUND""]",2025-04-28T20:48:48
5153669231,"Scytodes fusca Walckenaer, 1837",Scytodes fusca,5169044,5169044,50c9509d-22c7-4a22-a47d-8c48425ef4a7,https://www.inaturalist.org/observations/277187083,HUMAN_OBSERVATION,BR,São Paulo,,-46.672203,-23.545843,30175.0,,"[""COORDINATE_ROUNDED"", ""CONTINENT_DERIVED_FROM_COORDINATES"", ""TAXON_ID_NOT_FOUND""]",2025-04-27T18:46
5154160806,"Scytodes fusca Walckenaer, 1837",Scytodes fusca,5169044,5169044,50c9509d-22c7-4a22-a47d-8c48425ef4a7,https://www.inaturalist.org/observations/276293928,HUMAN_OBSERVATION,BO,El Beni,,-64.906879,-14.847161,72.0,,"[""COORDINATE_ROUNDED"", ""CONTINENT_DERIVED_FROM_COORDINATES"", ""TAXON_ID_NOT_FOUND""]",2025-04-28T21:27:53
5154292409,"Scytodes fusca Walckenaer, 1837",Scytodes fusca,5169044,5169044,50c9509d-22c7-4a22-a47d-8c48425ef4a7,https://www.inaturalist.org/observations/277805385,HUMAN_OBSERVATION,BR,Ceará,,-38.488292,-3.744802,,,"[""COORDINATE_ROUNDED"", ""CONTINENT_DERIVED_FROM_COORDINATES"", ""TAXON_ID_NOT_FOUND""]",2025-04-26T13:30
5154758558,"Scytodes fusca Walckenaer, 1837",Scytodes fusca,5169044,5169044,50c9509d-22c7-4a22-a47d-8c48425ef4a7,https://www.inaturalist.org/observations/279087969,HUMAN_OBSERVATION,BR,Ceará,,-38.488881,-3.813175,,,"[""COORDINATE_ROUNDED"", ""CONTINENT_DERIVED_FROM_COORDINATES"", ""TAXON_ID_NOT_FOUND""]",2025-04-28
5231210613,"Scytodes fusca Walckenaer, 1837",Scytodes fusca,5169044,5169044,50c9509d-22c7-4a22-a47d-8c48425ef4a7,https://www.inaturalist.org/observations/269068910,HUMAN_OBSERVATION,EC,Manabi,,-79.611109,-0.027571,5.0,,"[""COORDINATE_ROUNDED"", ""CONTINENT_DERIVED_FROM_COORDINATES"", ""TAXON_ID_NOT_FOUND""]",2025-04-06T22:31
5840544646,"Scytodes fusca Walckenaer, 1837",Scytodes fusca,5169044,5169044,50c9509d-22c7-4a22-a47d-8c48425ef4a7,https://www.inaturalist.org/observations/318212830,HUMAN_OBSERVATION,BR,Ceará,,-40.451633,-3.58525,13791.0,,"[""COORDINATE_ROUNDED"", ""CONTINENT_DERIVED_FROM_COORDINATES"", ""TAXON_ID_NOT_FOUND""]",2025-04-25T20:56
6159431233,"Scytodes fusca Walckenaer, 1837",Scytodes fusca,5169044,5169044,50c9509d-22c7-4a22-a47d-8c48425ef4a7,https://www.inaturalist.org/observations/276444213,HUMAN_OBSERVATION,MX,Nuevo León,,-100.429966,25.773764,187.0,,"[""COORDINATE_ROUNDED"", ""CONTINENT_DERIVED_FROM_COORDINATES"", ""TAXON_ID_NOT_FOUND""]",2025-04-28T19:02:47
5153133230,"Scytodes fusca Walckenaer, 1837",Scytodes fusca,5169044,5169044,50c9509d-22c7-4a22-a47d-8c48425ef4a7,https://www.inaturalist.org/observations/279195046,HUMAN_OBSERVATION,BR,São Paulo,,-46.633706,-23.617667,1060.0,,"[""COORDINATE_ROUNDED"", ""CONTINENT_DERIVED_FROM_COORDINATES"", ""TAXON_ID_NOT_FOUND""]",2025-05-07T08:18:26
5153727332,"Scytodes fusca Walckenaer, 1837",Scytodes fusca,5169044,5169044,50c9509d-22c7-4a22-a47d-8c48425ef4a7,https://www.inaturalist.org/observations/278406175,HUMAN_OBSERVATION,BR,Goiás,,-49.342511,-16.781751,,,"[""COORDINATE_ROUNDED"", ""CONTINENT_DERIVED_FROM_COORDINATES"", ""TAXON_ID_NOT_FOUND""]",2025-05-04T11:21
5153862189,"Scytodes fusca Walckenaer, 1837",Scytodes fusca,5169044,5169044,50c9509d-22c7-4a22-a47d-8c48425ef4a7,https://www.inaturalist.org/observations/279751050,HUMAN_OBSERVATION,BR,Santa Catarina,,-48.77529,-28.481032,,,"[""COORDINATE_ROUNDED"", ""CONTINENT_DERIVED_FROM_COORDINATES"", ""TAXON_ID_NOT_FOUND""]",2025-05-08T21:34:15
5154628843,"Scytodes fusca Walckenaer, 1837",Scytodes fusca,5169044,5169044,50c9509d-22c7-4a22-a47d-8c48425ef4a7,https://www.inaturalist.org/observations/280224359,HUMAN_OBSERVATION,BR,São Paulo,,-46.5788,-23.539875,10.0,,"[""CONTINENT_DERIVED_FROM_COORDINATES"", ""TAXON_ID_NOT_FOUND""]",2025-05-11T10:38:39
5167363025,"Scytodes fusca Walckenaer, 1837",Scytodes fusca,5169044,5169044,50c9509d-22c7-4a22-a47d-8c48425ef4a7,https://www.inaturalist.org/observations/280989522,HUMAN_OBSERVATION,BR,Minas Gerais,,-41.623773,-18.092856,9.0,,"[""COORDINATE_ROUNDED"", ""CONTINENT_DERIVED_FROM_COORDINATES"", ""TAXON_ID_NOT_FOUND""]",2025-05-14T08:49:08
5167512641,"Scytodes fusca Walckenaer, 1837",Scytodes fusca,5169044,5169044,50c9509d-22c7-4a22-a47d-8c48425ef4a7,https://www.inaturalist.org/observations/283007995,HUMAN_OBSERVATION,BR,Rio de Janeiro,,-41.903516,-22.771889,,,"[""COORDINATE_ROUNDED"", ""CONTINENT_DERIVED_FROM_COORDINATES"", ""TAXON_ID_NOT_FOUND""]",2025-05-21T20:01:38
5167566757,"Scytodes fusca Walckenaer, 1837",Scytodes fusca,5169044,5169044,50c9509d-22c7-4a22-a47d-8c48425ef4a7,https://www.inaturalist.org/observations/283163057,HUMAN_OBSERVATION,US,Florida,,-80.169188,26.808247,9.0,,"[""COORDINATE_ROUNDED"", ""CONTINENT_DERIVED_FROM_COORDINATES"", ""TAXON_ID_NOT_FOUND""]",2025-05-22T10:37:12
5167915055,"Scytodes fusca Walckenaer, 1837",Scytodes fusca,5169044,5169044,50c9509d-22c7-4a22-a47d-8c48425ef4a7,https://www.inaturalist.org/observations/282685534,HUMAN_OBSERVATION,US,Florida,,-80.174625,26.098375,18.0,,"[""COORDINATE_ROUNDED"", ""CONTINENT_DERIVED_FROM_COORDINATES"", ""TAXON_ID_NOT_FOUND""]",2025-05-20T13:52
5168032989,"Scytodes fusca Walckenaer, 1837",Scytodes fusca,5169044,5169044,50c9509d-22c7-4a22-a47d-8c48425ef4a7,https://www.inaturalist.org/observations/281280991,HUMAN_OBSERVATION,US,Florida,,-81.898908,26.554518,5147.0,,"[""COORDINATE_ROUNDED"", ""CONTINENT_DERIVED_FROM_COORDINATES"", ""TAXON_ID_NOT_FOUND""]",2025-05-15T12:19:42
5168086187,"Scytodes fusca Walckenaer, 1837",Scytodes fusca,5169044,5169044,50c9509d-22c7-4a22-a47d-8c48425ef4a7,https://www.inaturalist.org/observations/283106067,HUMAN_OBSERVATION,CR,Guanacaste,,-85.42595,10.989183,17.0,,"[""COORDINATE_ROUNDED"", ""CONTINENT_DERIVED_FROM_COORDINATES"", ""TAXON_ID_NOT_FOUND""]",2025-05-20T15:05:14
5168093081,"Scytodes fusca Walckenaer, 1837",Scytodes fusca,5169044,5169044,50c9509d-22c7-4a22-a47d-8c48425ef4a7,https://www.inaturalist.org/observations/281022591,HUMAN_OBSERVATION,RE,Saint-Pierre,,55.541034,-21.327457,15.0,,"[""COORDINATE_ROUNDED"", ""CONTINENT_DERIVED_FROM_COORDINATES"", ""TAXON_ID_NOT_FOUND""]",2025-05-10T18:55
5168402541,"Scytodes fusca Walckenaer, 1837",Scytodes fusca,5169044,5169044,50c9509d-22c7-4a22-a47d-8c48425ef4a7,https://www.inaturalist.org/observations/284558073,HUMAN_OBSERVATION,US,Florida,,-80.136939,25.85145,35.0,,"[""COORDINATE_ROUNDED"", ""CONTINENT_DERIVED_FROM_COORDINATES"", ""TAXON_ID_NOT_FOUND""]",2025-05-27T10:41
5176453562,"Scytodes fusca Walckenaer, 1837",Scytodes fusca,5169044,5169044,50c9509d-22c7-4a22-a47d-8c48425ef4a7,https://www.inaturalist.org/observations/284914053,HUMAN_OBSERVATION,BR,Espírito Santo,,-40.565112,-19.951246,12.0,,"[""COORDINATE_ROUNDED"", ""CONTINENT_DERIVED_FROM_COORDINATES"", ""TAXON_ID_NOT_FOUND""]",2025-05-28T18:24:06
6552277591,"Scytodes fusca Walckenaer, 1837",Scytodes fusca,5169044,5169044,50c9509d-22c7-4a22-a47d-8c48425ef4a7,https://www.inaturalist.org/observations/332579833,HUMAN_OBSERVATION,SX,,,-63.020952,18.045781,2.0,,"[""COORDINATE_ROUNDED"", ""CONTINENT_DERIVED_FROM_COORDINATES"", ""TAXON_ID_NOT_FOUND""]",2025-05-21T04:40
5187817325,"Scytodes fusca Walckenaer, 1837",Scytodes fusca,5169044,5169044,50c9509d-22c7-4a22-a47d-8c48425ef4a7,https://www.inaturalist.org/observations/288223293,HUMAN_OBSERVATION,BR,São Paulo,,-47.032928,-22.949758,14.0,,"[""COORDINATE_ROUNDED"", ""CONTINENT_DERIVED_FROM_COORDINATES"", ""TAXON_ID_NOT_FOUND""]",2025-06-09T11:30:17
5187902131,"Scytodes fusca Walckenaer, 1837",Scytodes fusca,5169044,5169044,50c9509d-22c7-4a22-a47d-8c48425ef4a7,https://www.inaturalist.org/observations/288030014,HUMAN_OBSERVATION,BR,Espírito Santo,,-40.812101,-19.87003,,,"[""COORDINATE_ROUNDED"", ""CONTINENT_DERIVED_FROM_COORDINATES"", ""TAXON_ID_NOT_FOUND""]",2025-06-08T16:48:23
5187952801,"Scytodes fusca Walckenaer, 1837",Scytodes fusca,5169044,5169044,50c9509d-22c7-4a22-a47d-8c48425ef4a7,https://www.inaturalist.org/observations/288070734,HUMAN_OBSERVATION,BR,São Paulo,,-46.725192,-23.576019,12.0,,"[""COORDINATE_ROUNDED"", ""CONTINENT_DERIVED_FROM_COORDINATES"", ""TAXON_ID_NOT_FOUND""]",2025-06-08T21:51:40
5197877461,"Scytodes fusca Walckenaer, 1837",Scytodes fusca,5169044,5169044,8a863029-f435-446a-821e-275f4f641165,https://observation.org/observation/356748600,HUMAN_OBSERVATION,DE,Nordrhein-Westfalen,DU Duisburg Zoo,6.806615,51.434781,4.0,,[],2025-06-15
5198748642,"Scytodes fusca Walckenaer, 1837",Scytodes fusca,5169044,5169044,50c9509d-22c7-4a22-a47d-8c48425ef4a7,https://www.inaturalist.org/observations/290277533,HUMAN_OBSERVATION,BR,Rio de Janeiro,,-41.910688,-22.490871,60.0,,"[""COORDINATE_ROUNDED"", ""CONTINENT_DERIVED_FROM_COORDINATES"", ""TAXON_ID_NOT_FOUND""]",2025-06-16T21:13:05
5199046234,"Scytodes fusca Walckenaer, 1837",Scytodes fusca,5169044,5169044,50c9509d-22c7-4a22-a47d-8c48425ef4a7,https://www.inaturalist.org/observations/289562078,HUMAN_OBSERVATION,BR,São Paulo,,-45.949762,-23.301687,12.0,,"[""COORDINATE_ROUNDED"", ""CONTINENT_DERIVED_FROM_COORDINATES"", ""TAXON_ID_NOT_FOUND""]",2025-06-14T13:15:29
5206011382,"Scytodes fusca Walckenaer, 1837",Scytodes fusca,5169044,5169044,50c9509d-22c7-4a22-a47d-8c48425ef4a7,https://www.inaturalist.org/observations/291598429,HUMAN_OBSERVATION,TT,Tunapuna/Piarco,,-61.400088,10.640622,,,"[""COORDINATE_ROUNDED"", ""CONTINENT_DERIVED_FROM_COORDINATES"", ""TAXON_ID_NOT_FOUND""]",2025-06-21T16:17:07
5215692190,"Scytodes fusca Walckenaer, 1837",Scytodes fusca,5169044,5169044,50c9509d-22c7-4a22-a47d-8c48425ef4a7,https://www.inaturalist.org/observations/292876292,HUMAN_OBSERVATION,US,Florida,,-80.397238,25.605005,35.0,,"[""COORDINATE_ROUNDED"", ""CONTINENT_DERIVED_FROM_COORDINATES"", ""TAXON_ID_NOT_FOUND""]",2025-06-26T10:14:32
5216169878,"Scytodes fusca Walckenaer, 1837",Scytodes fusca,5169044,5169044,50c9509d-22c7-4a22-a47d-8c48425ef4a7,https://www.inaturalist.org/observations/293900252,HUMAN_OBSERVATION,BR,Goiás,,-48.423777,-16.252369,17416.0,,"[""COORDINATE_ROUNDED"", ""CONTINENT_DERIVED_FROM_COORDINATES"", ""TAXON_ID_NOT_FOUND""]",2025-06-21T20:20
5216588000,"Scytodes fusca Walckenaer, 1837",Scytodes fusca,5169044,5169044,50c9509d-22c7-4a22-a47d-8c48425ef4a7,https://www.inaturalist.org/observations/294084782,HUMAN_OBSERVATION,BR,Espírito Santo,,-40.676017,-19.805103,24.0,,"[""COORDINATE_ROUNDED"", ""CONTINENT_DERIVED_FROM_COORDINATES"", ""TAXON_ID_NOT_FOUND""]",2025-06-30T09:39:51
5216992560,"Scytodes fusca Walckenaer, 1837",Scytodes fusca,5169044,5169044,50c9509d-22c7-4a22-a47d-8c48425ef4a7,https://www.inaturalist.org/observations/293365470,HUMAN_OBSERVATION,CO,Cundinamarca,,-74.338837,4.983847,9.0,,"[""COORDINATE_ROUNDED"", ""CONTINENT_DERIVED_FROM_COORDINATES"", ""TAXON_ID_NOT_FOUND""]",2025-06-26T20:27:16
5217156154,"Scytodes fusca Walckenaer, 1837",Scytodes fusca,5169044,5169044,50c9509d-22c7-4a22-a47d-8c48425ef4a7,https://www.inaturalist.org/observations/294202510,HUMAN_OBSERVATION,BR,Acre,,-68.505872,-10.653126,101.0,,"[""COORDINATE_ROUNDED"", ""CONTINENT_DERIVED_FROM_COORDINATES"", ""TAXON_ID_NOT_FOUND""]",2025-06-30T19:41:29
5217354365,"Scytodes fusca Walckenaer, 1837",Scytodes fusca,5169044,5169044,50c9509d-22c7-4a22-a47d-8c48425ef4a7,https://www.inaturalist.org/observations/293021567,HUMAN_OBSERVATION,BR,Santa Catarina,,-48.836041,-27.149851,29775.0,,"[""COORDINATE_ROUNDED"", ""CONTINENT_DERIVED_FROM_COORDINATES"", ""TAXON_ID_NOT_FOUND""]",2025-06-26T22:34
5230204916,"Scytodes fusca Walckenaer, 1837",Scytodes fusca,5169044,5169044,50c9509d-22c7-4a22-a47d-8c48425ef4a7,https://www.inaturalist.org/observations/294488501,HUMAN_OBSERVATION,EC,El Oro,,-79.902478,-3.292249,2054.0,,"[""COORDINATE_ROUNDED"", ""CONTINENT_DERIVED_FROM_COORDINATES"", ""TAXON_ID_NOT_FOUND""]",2025-06-30
5889705879,"Scytodes fusca Walckenaer, 1837",Scytodes fusca,5169044,5169044,50c9509d-22c7-4a22-a47d-8c48425ef4a7,https://www.inaturalist.org/observations/286450241,HUMAN_OBSERVATION,MX,Jalisco,,-103.391947,20.705799,,,"[""COORDINATE_ROUNDED"", ""CONTINENT_DERIVED_FROM_COORDINATES"", ""TAXON_ID_NOT_FOUND""]",2025-06-02T11:33:05
5230227059,"Scytodes fusca Walckenaer, 1837",Scytodes fusca,5169044,5169044,50c9509d-22c7-4a22-a47d-8c48425ef4a7,https://www.inaturalist.org/observations/296421550,HUMAN_OBSERVATION,BR,Acre,,-68.507065,-10.645299,,,"[""COORDINATE_ROUNDED"", ""CONTINENT_DERIVED_FROM_COORDINATES"", ""TAXON_ID_NOT_FOUND""]",2025-07-08T22:37:41
5230708510,"Scytodes fusca Walckenaer, 1837",Scytodes fusca,5169044,5169044,50c9509d-22c7-4a22-a47d-8c48425ef4a7,https://www.inaturalist.org/observations/298698032,HUMAN_OBSERVATION,US,Florida,,-82.15,26.98,2000.0,,"[""CONTINENT_DERIVED_FROM_COORDINATES"", ""TAXON_ID_NOT_FOUND""]",2025-07-17T11:36
5231367290,"Scytodes fusca Walckenaer, 1837",Scytodes fusca,5169044,5169044,50c9509d-22c7-4a22-a47d-8c48425ef4a7,https://www.inaturalist.org/observations/296834807,HUMAN_OBSERVATION,EC,El Oro,,-79.786769,-3.151343,,,"[""COORDINATE_ROUNDED"", ""CONTINENT_DERIVED_FROM_COORDINATES"", ""TAXON_ID_NOT_FOUND""]",2025-07-10T07:14:55
5231436445,"Scytodes fusca Walckenaer, 1837",Scytodes fusca,5169044,5169044,50c9509d-22c7-4a22-a47d-8c48425ef4a7,https://www.inaturalist.org/observations/297034851,HUMAN_OBSERVATION,BR,Ceará,,-38.489208,-3.81321,,,"[""COORDINATE_ROUNDED"", ""CONTINENT_DERIVED_FROM_COORDINATES"", ""TAXON_ID_NOT_FOUND""]",2025-07-03T14:34
5231480088,"Scytodes fusca Walckenaer, 1837",Scytodes fusca,5169044,5169044,50c9509d-22c7-4a22-a47d-8c48425ef4a7,https://www.inaturalist.org/observations/297960202,HUMAN_OBSERVATION,BR,Ceará,,-38.647672,-4.026397,,,"[""COORDINATE_ROUNDED"", ""CONTINENT_DERIVED_FROM_COORDINATES"", ""TAXON_ID_NOT_FOUND""]",2025-07-09T09:50
5231753377,"Scytodes fusca Walckenaer, 1837",Scytodes fusca,5169044,5169044,50c9509d-22c7-4a22-a47d-8c48425ef4a7,https://www.inaturalist.org/observations/298473829,HUMAN_OBSERVATION,BR,Rio de Janeiro,,-42.042931,-22.848307,15262.0,,"[""COORDINATE_ROUNDED"", ""CONTINENT_DERIVED_FROM_COORDINATES"", ""TAXON_ID_NOT_FOUND""]",2025-07-16T10:04:06
5238080206,"Scytodes fusca Walckenaer, 1837",Scytodes fusca,5169044,5169044,50c9509d-22c7-4a22-a47d-8c48425ef4a7,https://www.inaturalist.org/observations/301002897,HUMAN_OBSERVATION,US,Florida,,-81.188858,28.68533,24.0,,"[""COORDINATE_ROUNDED"", ""CONTINENT_DERIVED_FROM_COORDINATES"", ""TAXON_ID_NOT_FOUND""]",2025-07-25T14:31:54
5281938009,"Scytodes fusca Walckenaer, 1837",Scytodes fusca,5169044,5169044,50c9509d-22c7-4a22-a47d-8c48425ef4a7,https://www.inaturalist.org/observations/302217090,HUMAN_OBSERVATION,BR,Espírito Santo,,-41.686956,-20.781919,25.0,,"[""COORDINATE_ROUNDED"", ""CONTINENT_DERIVED_FROM_COORDINATES"", ""TAXON_ID_NOT_FOUND""]",2025-07-29T18:12:52
5889729232,"Scytodes fusca Walckenaer, 1837",Scytodes fusca,5169044,5169044,50c9509d-22c7-4a22-a47d-8c48425ef4a7,https://www.inaturalist.org/observations/323958535,HUMAN_OBSERVATION,DO,La Romana,,-68.902369,18.40244,10.0,,"[""COORDINATE_ROUNDED"", ""CONTINENT_DERIVED_FROM_COORDINATES"", ""TAXON_ID_NOT_FOUND""]",2025-07-23T12:43:15
5282122470,"Scytodes fusca Walckenaer, 1837",Scytodes fusca,5169044,5169044,50c9509d-22c7-4a22-a47d-8c48425ef4a7,https://www.inaturalist.org/observations/303750169,HUMAN_OBSERVATION,BR,São Paulo,,-47.444598,-23.540283,4596.0,,"[""COORDINATE_ROUNDED"", ""CONTINENT_DERIVED_FROM_COORDINATES"", ""TAXON_ID_NOT_FOUND""]",2025-08-03T22:47:51
5282223290,"Scytodes fusca Walckenaer, 1837",Scytodes fusca,5169044,5169044,50c9509d-22c7-4a22-a47d-8c48425ef4a7,https://www.inaturalist.org/observations/303645487,HUMAN_OBSERVATION,AU,New South Wales,,153.349723,-29.396072,18.0,,"[""COORDINATE_ROUNDED"", ""CONTINENT_DERIVED_FROM_COORDINATES"", ""TAXON_ID_NOT_FOUND""]",2025-08-04T11:07:38
5292084136,"Scytodes fusca Walckenaer, 1837",Scytodes fusca,5169044,5169044,50c9509d-22c7-4a22-a47d-8c48425ef4a7,https://www.inaturalist.org/observations/304122081,HUMAN_OBSERVATION,BR,São Paulo,,-47.50516,-24.319966,60.0,,"[""COORDINATE_ROUNDED"", ""CONTINENT_DERIVED_FROM_COORDINATES"", ""TAXON_ID_NOT_FOUND""]",2025-08-05T10:17:08
5292091864,"Scytodes fusca Walckenaer, 1837",Scytodes fusca,5169044,5169044,50c9509d-22c7-4a22-a47d-8c48425ef4a7,https://www.inaturalist.org/observations/306991855,HUMAN_OBSERVATION,US,Florida,,-82.545503,27.349946,6.0,,"[""COORDINATE_ROUNDED"", ""CONTINENT_DERIVED_FROM_COORDINATES"", ""TAXON_ID_NOT_FOUND""]",2025-08-17T09:00:18
5292649199,"Scytodes fusca Walckenaer, 1837",Scytodes fusca,5169044,5169044,50c9509d-22c7-4a22-a47d-8c48425ef4a7,https://www.inaturalist.org/observations/304829888,HUMAN_OBSERVATION,ES,Cataluña,,2.137154,41.378306,67.0,,"[""COORDINATE_ROUNDED"", ""CONTINENT_DERIVED_FROM_COORDINATES"", ""TAXON_ID_NOT_FOUND""]",2025-08-09T00:40:50
5759888140,"Scytodes fusca Walckenaer, 1837",Scytodes fusca,5169044,5169044,50c9509d-22c7-4a22-a47d-8c48425ef4a7,https://www.inaturalist.org/observations/309633428,HUMAN_OBSERVATION,US,Florida,,-82.444263,27.119219,3387.0,,"[""COORDINATE_ROUNDED"", ""CONTINENT_DERIVED_FROM_COORDINATES"", ""TAXON_ID_NOT_FOUND""]",2025-08-26T19:11:36
5759981432,"Scytodes fusca Walckenaer, 1837",Scytodes fusca,5169044,5169044,50c9509d-22c7-4a22-a47d-8c48425ef4a7,https://www.inaturalist.org/observations/308315401,HUMAN_OBSERVATION,BR,São Paulo,,-46.56224,-23.541804,387.0,,"[""COORDINATE_ROUNDED"", ""CONTINENT_DERIVED_FROM_COORDINATES"", ""TAXON_ID_NOT_FOUND""]",2025-08-22T20:49:45
5760299599,"Scytodes fusca Walckenaer, 1837",Scytodes fusca,5169044,5169044,50c9509d-22c7-4a22-a47d-8c48425ef4a7,https://www.inaturalist.org/observations/308538074,HUMAN_OBSERVATION,US,Florida,,-80.172845,26.815292,2.0,,"[""COORDINATE_ROUNDED"", ""CONTINENT_DERIVED_FROM_COORDINATES"", ""TAXON_ID_NOT_FOUND""]",2025-08-23T15:51:40
5760453317,"Scytodes fusca Walckenaer, 1837",Scytodes fusca,5169044,5169044,50c9509d-22c7-4a22-a47d-8c48425ef4a7,https://www.inaturalist.org/observations/308716922,HUMAN_OBSERVATION,US,Florida,,-80.259512,27.114237,5.0,,"[""COORDINATE_ROUNDED"", ""CONTINENT_DERIVED_FROM_COORDINATES"", ""TAXON_ID_NOT_FOUND""]",2025-08-24T10:23:40
5760922755,"Scytodes fusca Walckenaer, 1837",Scytodes fusca,5169044,5169044,50c9509d-22c7-4a22-a47d-8c48425ef4a7,https://www.inaturalist.org/observations/310349560,HUMAN_OBSERVATION,BR,Santa Catarina,,-48.884434,-27.064001,196.0,,"[""COORDINATE_ROUNDED"", ""CONTINENT_DERIVED_FROM_COORDINATES"", ""TAXON_ID_NOT_FOUND""]",2025-08-25T12:14:21
5760955768,"Scytodes fusca Walckenaer, 1837",Scytodes fusca,5169044,5169044,50c9509d-22c7-4a22-a47d-8c48425ef4a7,https://www.inaturalist.org/observations/310513291,HUMAN_OBSERVATION,US,Florida,,-82.524976,27.270855,29751.0,,"[""COORDINATE_ROUNDED"", ""CONTINENT_DERIVED_FROM_COORDINATES"", ""TAXON_ID_NOT_FOUND""]",2025-08-30T14:16:30
5761120648,"Scytodes fusca Walckenaer, 1837",Scytodes fusca,5169044,5169044,50c9509d-22c7-4a22-a47d-8c48425ef4a7,https://www.inaturalist.org/observations/303137123,HUMAN_OBSERVATION,SG,East,,103.950296,1.379212,688.0,,"[""COORDINATE_ROUNDED"", ""CONTINENT_DERIVED_FROM_COORDINATES"", ""TAXON_ID_NOT_FOUND""]",2025-08-02T21:48:26
5840040250,"Scytodes fusca Walckenaer, 1837",Scytodes fusca,5169044,5169044,50c9509d-22c7-4a22-a47d-8c48425ef4a7,https://www.inaturalist.org/observations/308613541,HUMAN_OBSERVATION,SG,East,,103.95113,1.378078,8162.0,,"[""COORDINATE_ROUNDED"", ""CONTINENT_DERIVED_FROM_COORDINATES"", ""TAXON_ID_NOT_FOUND""]",2025-08-23T22:05:21
5761008604,"Scytodes fusca Walckenaer, 1837",Scytodes fusca,5169044,5169044,50c9509d-22c7-4a22-a47d-8c48425ef4a7,https://www.inaturalist.org/observations/311040315,HUMAN_OBSERVATION,BR,São Paulo,,-47.845595,-24.495201,14843.0,,"[""COORDINATE_ROUNDED"", ""CONTINENT_DERIVED_FROM_COORDINATES"", ""TAXON_ID_NOT_FOUND""]",2025-09-02T12:24
5827553252,"Scytodes fusca Walckenaer, 1837",Scytodes fusca,5169044,5169044,50c9509d-22c7-4a22-a47d-8c48425ef4a7,https://www.inaturalist.org/observations/314221759,HUMAN_OBSERVATION,BR,Santa Catarina,,-49.252447,-26.440526,205.0,,"[""COORDINATE_ROUNDED"", ""CONTINENT_DERIVED_FROM_COORDINATES"", ""TAXON_ID_NOT_FOUND""]",2025-09-15T19:39:59
5827675286,"Scytodes fusca Walckenaer, 1837",Scytodes fusca,5169044,5169044,50c9509d-22c7-4a22-a47d-8c48425ef4a7,https://www.inaturalist.org/observations/314110315,HUMAN_OBSERVATION,BR,Paraná,,-51.967795,-23.393092,2.0,,"[""COORDINATE_ROUNDED"", ""CONTINENT_DERIVED_FROM_COORDINATES"", ""TAXON_ID_NOT_FOUND""]",2025-09-15T10:55:52
5827796989,"Scytodes fusca Walckenaer, 1837",Scytodes fusca,5169044,5169044,50c9509d-22c7-4a22-a47d-8c48425ef4a7,https://www.inaturalist.org/observations/312927751,HUMAN_OBSERVATION,BR,Espírito Santo,,-40.59983,-19.934933,19.0,,"[""COORDINATE_ROUNDED"", ""CONTINENT_DERIVED_FROM_COORDINATES"", ""TAXON_ID_NOT_FOUND""]",2025-09-10T09:10:15
5828056069,"Scytodes fusca Walckenaer, 1837",Scytodes fusca,5169044,5169044,50c9509d-22c7-4a22-a47d-8c48425ef4a7,https://www.inaturalist.org/observations/313199280,HUMAN_OBSERVATION,BR,Distrito Federal,,-47.848681,-15.676311,,,"[""COORDINATE_ROUNDED"", ""CONTINENT_DERIVED_FROM_COORDINATES"", ""TAXON_ID_NOT_FOUND""]",2025-09-11T18:30:42
5828700335,"Scytodes fusca Walckenaer, 1837",Scytodes fusca,5169044,5169044,50c9509d-22c7-4a22-a47d-8c48425ef4a7,https://www.inaturalist.org/observations/312488822,HUMAN_OBSERVATION,BR,Santa Catarina,,-48.525505,-27.602859,15.0,,"[""COORDINATE_ROUNDED"", ""CONTINENT_DERIVED_FROM_COORDINATES"", ""TAXON_ID_NOT_FOUND""]",2025-09-08T14:05:11
5828827404,"Scytodes fusca Walckenaer, 1837",Scytodes fusca,5169044,5169044,50c9509d-22c7-4a22-a47d-8c48425ef4a7,https://www.inaturalist.org/observations/313749747,HUMAN_OBSERVATION,CR,Puntarenas,,-82.956092,8.803567,4.0,,"[""COORDINATE_ROUNDED"", ""CONTINENT_DERIVED_FROM_COORDINATES"", ""TAXON_ID_NOT_FOUND""]",2025-09-13T21:17:07
5828834196,"Scytodes fusca Walckenaer, 1837",Scytodes fusca,5169044,5169044,50c9509d-22c7-4a22-a47d-8c48425ef4a7,https://www.inaturalist.org/observations/313018799,HUMAN_OBSERVATION,BR,Minas Gerais,,-43.373509,-21.742663,,,"[""COORDINATE_ROUNDED"", ""CONTINENT_DERIVED_FROM_COORDINATES"", ""TAXON_ID_NOT_FOUND""]",2025-09-10T21:21:36
5830391547,"Scytodes fusca Walckenaer, 1837",Scytodes fusca,5169044,5169044,50c9509d-22c7-4a22-a47d-8c48425ef4a7,https://www.inaturalist.org/observations/315228959,HUMAN_OBSERVATION,BR,Minas Gerais,,-45.580575,-20.538231,,,"[""COORDINATE_ROUNDED"", ""CONTINENT_DERIVED_FROM_COORDINATES"", ""TAXON_ID_NOT_FOUND""]",2025-09-19T20:10:20
5830392921,"Scytodes fusca Walckenaer, 1837",Scytodes fusca,5169044,5169044,50c9509d-22c7-4a22-a47d-8c48425ef4a7,https://www.inaturalist.org/observations/315726626,HUMAN_OBSERVATION,BR,São Paulo,,-48.807677,-22.602612,6.0,,"[""COORDINATE_ROUNDED"", ""CONTINENT_DERIVED_FROM_COORDINATES"", ""TAXON_ID_NOT_FOUND""]",2025-09-22T01:13:25
5830862930,"Scytodes fusca Walckenaer, 1837",Scytodes fusca,5169044,5169044,50c9509d-22c7-4a22-a47d-8c48425ef4a7,https://www.inaturalist.org/observations/316126410,HUMAN_OBSERVATION,BR,Distrito Federal,,-47.792614,-15.648267,254.0,,"[""COORDINATE_ROUNDED"", ""CONTINENT_DERIVED_FROM_COORDINATES"", ""TAXON_ID_NOT_FOUND""]",2025-09-23T15:50
5831073522,"Scytodes fusca Walckenaer, 1837",Scytodes fusca,5169044,5169044,50c9509d-22c7-4a22-a47d-8c48425ef4a7,https://www.inaturalist.org/observations/315788901,HUMAN_OBSERVATION,DO,San Pedro de Macorís,,-69.282486,18.46329,2.0,,"[""COORDINATE_ROUNDED"", ""CONTINENT_DERIVED_FROM_COORDINATES"", ""TAXON_ID_NOT_FOUND""]",2025-09-22T08:11
5838241428,"Scytodes fusca Walckenaer, 1837",Scytodes fusca,5169044,5169044,50c9509d-22c7-4a22-a47d-8c48425ef4a7,https://www.inaturalist.org/observations/317275732,HUMAN_OBSERVATION,BR,Paraíba,,-35.518622,-7.246921,212.0,,"[""COORDINATE_ROUNDED"", ""CONTINENT_DERIVED_FROM_COORDINATES"", ""TAXON_ID_NOT_FOUND""]",2025-09-28T12:13:37
5838340779,"Scytodes fusca Walckenaer, 1837",Scytodes fusca,5169044,5169044,50c9509d-22c7-4a22-a47d-8c48425ef4a7,https://www.inaturalist.org/observations/316619106,HUMAN_OBSERVATION,BR,Ceará,,-38.495428,-3.729681,,,"[""COORDINATE_ROUNDED"", ""CONTINENT_DERIVED_FROM_COORDINATES"", ""TAXON_ID_NOT_FOUND""]",2025-09-25T19:23:44
5840123596,"Scytodes fusca Walckenaer, 1837",Scytodes fusca,5169044,5169044,50c9509d-22c7-4a22-a47d-8c48425ef4a7,https://www.inaturalist.org/observations/318036566,HUMAN_OBSERVATION,BR,Santa Catarina,,-48.780043,-28.472199,5.0,,"[""COORDINATE_ROUNDED"", ""CONTINENT_DERIVED_FROM_COORDINATES"", ""TAXON_ID_NOT_FOUND""]",2025-09-30T20:31:48
5844516993,"Scytodes fusca Walckenaer, 1837",Scytodes fusca,5169044,5169044,50c9509d-22c7-4a22-a47d-8c48425ef4a7,https://www.inaturalist.org/observations/319457304,HUMAN_OBSERVATION,BR,São Paulo,,-48.478847,-23.60854,204.0,,"[""COORDINATE_ROUNDED"", ""CONTINENT_DERIVED_FROM_COORDINATES"", ""TAXON_ID_NOT_FOUND""]",2025-09-26T17:45:13
5889726730,"Scytodes fusca Walckenaer, 1837",Scytodes fusca,5169044,5169044,50c9509d-22c7-4a22-a47d-8c48425ef4a7,https://www.inaturalist.org/observations/322573741,HUMAN_OBSERVATION,AU,Queensland,,152.694744,-25.544928,50.0,,"[""COORDINATE_ROUNDED"", ""CONTINENT_DERIVED_FROM_COORDINATES"", ""TAXON_ID_NOT_FOUND""]",2025-09-29T00:00:53
6147483142,"Scytodes fusca Walckenaer, 1837",Scytodes fusca,5169044,5169044,50c9509d-22c7-4a22-a47d-8c48425ef4a7,https://www.inaturalist.org/observations/337339498,HUMAN_OBSERVATION,BR,Minas Gerais,,-43.35849,-21.771658,,,"[""COORDINATE_ROUNDED"", ""CONTINENT_DERIVED_FROM_COORDINATES"", ""TAXON_ID_NOT_FOUND""]",2025-09-12T19:55:39
6480708771,"Scytodes fusca Walckenaer, 1837",Scytodes fusca,5169044,5169044,50c9509d-22c7-4a22-a47d-8c48425ef4a7,https://www.inaturalist.org/observations/386114405,HUMAN_OBSERVATION,BR,Rio de Janeiro,,-42.819192,-22.916077,8679.0,,"[""COORDINATE_ROUNDED"", ""CONTINENT_DERIVED_FROM_COORDINATES"", ""TAXON_ID_NOT_FOUND""]",2025-09-27T00:13:59
6518697468,"Scytodes fusca Walckenaer, 1837",Scytodes fusca,5169044,5169044,50c9509d-22c7-4a22-a47d-8c48425ef4a7,https://www.inaturalist.org/observations/317791338,HUMAN_OBSERVATION,BR,Pernambuco,,-34.966626,-8.076626,161.0,,"[""COORDINATE_ROUNDED"", ""CONTINENT_DERIVED_FROM_COORDINATES"", ""TAXON_ID_NOT_FOUND""]",2025-09-30T09:09:58
5839853133,"Scytodes fusca Walckenaer, 1837",Scytodes fusca,5169044,5169044,50c9509d-22c7-4a22-a47d-8c48425ef4a7,https://www.inaturalist.org/observations/319015570,HUMAN_OBSERVATION,BR,Santa Catarina,,-48.602322,-27.022967,,,"[""COORDINATE_ROUNDED"", ""CONTINENT_DERIVED_FROM_COORDINATES"", ""TAXON_ID_NOT_FOUND""]",2025-10-05T20:27:48
5839879865,"Scytodes fusca Walckenaer, 1837",Scytodes fusca,5169044,5169044,50c9509d-22c7-4a22-a47d-8c48425ef4a7,https://www.inaturalist.org/observations/318610502,HUMAN_OBSERVATION,US,Florida,,-80.140372,26.954562,4.0,,"[""COORDINATE_ROUNDED"", ""CONTINENT_DERIVED_FROM_COORDINATES"", ""TAXON_ID_NOT_FOUND""]",2025-10-04T08:36:32
5839922224,"Scytodes fusca Walckenaer, 1837",Scytodes fusca,5169044,5169044,50c9509d-22c7-4a22-a47d-8c48425ef4a7,https://www.inaturalist.org/observations/317907857,HUMAN_OBSERVATION,PH,Nueva Vizcaya,,121.237228,16.63442,11.0,,"[""COORDINATE_ROUNDED"", ""CONTINENT_DERIVED_FROM_COORDINATES"", ""TAXON_ID_NOT_FOUND""]",2025-10-01T09:54:55
5840108016,"Scytodes fusca Walckenaer, 1837",Scytodes fusca,5169044,5169044,50c9509d-22c7-4a22-a47d-8c48425ef4a7,https://www.inaturalist.org/observations/319127063,HUMAN_OBSERVATION,BR,Santa Catarina,,-48.665187,-26.916569,,,"[""COORDINATE_ROUNDED"", ""CONTINENT_DERIVED_FROM_COORDINATES"", ""TAXON_ID_NOT_FOUND""]",2025-10-06T10:02:15
5840225867,"Scytodes fusca Walckenaer, 1837",Scytodes fusca,5169044,5169044,50c9509d-22c7-4a22-a47d-8c48425ef4a7,https://www.inaturalist.org/observations/318129544,HUMAN_OBSERVATION,US,Florida,,-80.679481,28.089146,8.0,,"[""COORDINATE_ROUNDED"", ""CONTINENT_DERIVED_FROM_COORDINATES"", ""TAXON_ID_NOT_FOUND""]",2025-10-01T23:43:03
5840256890,"Scytodes fusca Walckenaer, 1837",Scytodes fusca,5169044,5169044,50c9509d-22c7-4a22-a47d-8c48425ef4a7,https://www.inaturalist.org/observations/318477830,HUMAN_OBSERVATION,US,Florida,,-82.534456,27.305688,20.0,,"[""COORDINATE_ROUNDED"", ""CONTINENT_DERIVED_FROM_COORDINATES"", ""TAXON_ID_NOT_FOUND""]",2025-10-03T16:38:38
5840558022,"Scytodes fusca Walckenaer, 1837",Scytodes fusca,5169044,5169044,50c9509d-22c7-4a22-a47d-8c48425ef4a7,https://www.inaturalist.org/observations/319054797,HUMAN_OBSERVATION,BR,São Paulo,,-47.375405,-22.559647,4.0,,"[""COORDINATE_ROUNDED"", ""CONTINENT_DERIVED_FROM_COORDINATES"", ""TAXON_ID_NOT_FOUND""]",2025-10-05T23:40:34
5844024900,"Scytodes fusca Walckenaer, 1837",Scytodes fusca,5169044,5169044,50c9509d-22c7-4a22-a47d-8c48425ef4a7,https://www.inaturalist.org/observations/319634881,HUMAN_OBSERVATION,BR,São Paulo,,-47.185714,-23.073849,9.0,,"[""COORDINATE_ROUNDED"", ""CONTINENT_DERIVED_FROM_COORDINATES"", ""TAXON_ID_NOT_FOUND""]",2025-10-03T22:45:30
5844048499,"Scytodes fusca Walckenaer, 1837",Scytodes fusca,5169044,5169044,50c9509d-22c7-4a22-a47d-8c48425ef4a7,https://www.inaturalist.org/observations/320773301,HUMAN_OBSERVATION,BR,Santa Catarina,,-48.779877,-28.477511,,,"[""COORDINATE_ROUNDED"", ""CONTINENT_DERIVED_FROM_COORDINATES"", ""TAXON_ID_NOT_FOUND""]",2025-10-12T21:43:15
5844114145,"Scytodes fusca Walckenaer, 1837",Scytodes fusca,5169044,5169044,50c9509d-22c7-4a22-a47d-8c48425ef4a7,https://www.inaturalist.org/observations/319626038,HUMAN_OBSERVATION,BR,São Paulo,,-47.150227,-23.554757,226.0,,"[""COORDINATE_ROUNDED"", ""CONTINENT_DERIVED_FROM_COORDINATES"", ""TAXON_ID_NOT_FOUND""]",2025-10-08T16:32:59
5844244431,"Scytodes fusca Walckenaer, 1837",Scytodes fusca,5169044,5169044,50c9509d-22c7-4a22-a47d-8c48425ef4a7,https://www.inaturalist.org/observations/320423417,HUMAN_OBSERVATION,BR,Santa Catarina,,-49.266427,-26.81392,19.0,,"[""COORDINATE_ROUNDED"", ""CONTINENT_DERIVED_FROM_COORDINATES"", ""TAXON_ID_NOT_FOUND""]",2025-10-11T17:15:48
5844437716,"Scytodes fusca Walckenaer, 1837",Scytodes fusca,5169044,5169044,50c9509d-22c7-4a22-a47d-8c48425ef4a7,https://www.inaturalist.org/observations/320169798,HUMAN_OBSERVATION,US,Florida,,-80.504044,27.837039,,,"[""COORDINATE_ROUNDED"", ""CONTINENT_DERIVED_FROM_COORDINATES"", ""TAXON_ID_NOT_FOUND""]",2025-10-11T10:31:46
5844447837,"Scytodes fusca Walckenaer, 1837",Scytodes fusca,5169044,5169044,50c9509d-22c7-4a22-a47d-8c48425ef4a7,https://www.inaturalist.org/observations/319674309,HUMAN_OBSERVATION,BR,Distrito Federal,,-47.923244,-15.889633,11.0,,"[""COORDINATE_ROUNDED"", ""CONTINENT_DERIVED_FROM_COORDINATES"", ""TAXON_ID_NOT_FOUND""]",2025-10-08T22:06:47
5867913686,"Scytodes fusca Walckenaer, 1837",Scytodes fusca,5169044,5169044,50c9509d-22c7-4a22-a47d-8c48425ef4a7,https://www.inaturalist.org/observations/321624792,HUMAN_OBSERVATION,BR,Ceará,,-38.598641,-3.912479,116.0,,"[""COORDINATE_ROUNDED"", ""CONTINENT_DERIVED_FROM_COORDINATES"", ""TAXON_ID_NOT_FOUND""]",2025-10-03T19:26
5868315715,"Scytodes fusca Walckenaer, 1837",Scytodes fusca,5169044,5169044,50c9509d-22c7-4a22-a47d-8c48425ef4a7,https://www.inaturalist.org/observations/321157184,HUMAN_OBSERVATION,BR,Minas Gerais,,-42.886865,-20.758447,,,"[""CONTINENT_DERIVED_FROM_COORDINATES"", ""TAXON_ID_NOT_FOUND""]",2025-10-15T23:19:40
5868410363,"Scytodes fusca Walckenaer, 1837",Scytodes fusca,5169044,5169044,50c9509d-22c7-4a22-a47d-8c48425ef4a7,https://www.inaturalist.org/observations/321974468,HUMAN_OBSERVATION,US,Florida,,-80.250947,25.740669,7.0,,"[""COORDINATE_ROUNDED"", ""CONTINENT_DERIVED_FROM_COORDINATES"", ""TAXON_ID_NOT_FOUND""]",2025-10-19T17:09
5868422801,"Scytodes fusca Walckenaer, 1837",Scytodes fusca,5169044,5169044,50c9509d-22c7-4a22-a47d-8c48425ef4a7,https://www.inaturalist.org/observations/321442188,HUMAN_OBSERVATION,BR,São Paulo,,-47.808137,-21.205795,19.0,,"[""COORDINATE_ROUNDED"", ""CONTINENT_DERIVED_FROM_COORDINATES"", ""TAXON_ID_NOT_FOUND""]",2025-10-17T11:55:40
5889235490,"Scytodes fusca Walckenaer, 1837",Scytodes fusca,5169044,5169044,50c9509d-22c7-4a22-a47d-8c48425ef4a7,https://www.inaturalist.org/observations/322809119,HUMAN_OBSERVATION,ZA,Western Cape,,18.600914,-34.075203,1795.0,,"[""COORDINATE_ROUNDED"", ""CONTINENT_DERIVED_FROM_COORDINATES"", ""TAXON_ID_NOT_FOUND""]",2025-10-24T10:49:58
5889331718,"Scytodes fusca Walckenaer, 1837",Scytodes fusca,5169044,5169044,50c9509d-22c7-4a22-a47d-8c48425ef4a7,https://www.inaturalist.org/observations/324140683,HUMAN_OBSERVATION,BR,Acre,,-67.86647,-9.956635,250.0,,"[""COORDINATE_ROUNDED"", ""CONTINENT_DERIVED_FROM_COORDINATES"", ""TAXON_ID_NOT_FOUND""]",2025-10-31T07:11:29
5889404799,"Scytodes fusca Walckenaer, 1837",Scytodes fusca,5169044,5169044,50c9509d-22c7-4a22-a47d-8c48425ef4a7,https://www.inaturalist.org/observations/324268135,HUMAN_OBSERVATION,CR,Puntarenas,,-82.956092,8.803663,4.0,,"[""COORDINATE_ROUNDED"", ""CONTINENT_DERIVED_FROM_COORDINATES"", ""TAXON_ID_NOT_FOUND""]",2025-10-31T21:57:44
5889409199,"Scytodes fusca Walckenaer, 1837",Scytodes fusca,5169044,5169044,50c9509d-22c7-4a22-a47d-8c48425ef4a7,https://www.inaturalist.org/observations/322776606,HUMAN_OBSERVATION,CW,,,-68.90572,12.141236,13.0,,"[""COORDINATE_ROUNDED"", ""CONTINENT_DERIVED_FROM_COORDINATES"", ""TAXON_ID_NOT_FOUND""]",2025-10-24T11:24:05
5889425902,"Scytodes fusca Walckenaer, 1837",Scytodes fusca,5169044,5169044,50c9509d-22c7-4a22-a47d-8c48425ef4a7,https://www.inaturalist.org/observations/322793930,HUMAN_OBSERVATION,PT,Évora,,-7.470548,38.364323,2.0,,"[""COORDINATE_ROUNDED"", ""CONTINENT_DERIVED_FROM_COORDINATES"", ""TAXON_ID_NOT_FOUND""]",2025-10-24
5889468087,"Scytodes fusca Walckenaer, 1837",Scytodes fusca,5169044,5169044,50c9509d-22c7-4a22-a47d-8c48425ef4a7,https://www.inaturalist.org/observations/322879108,HUMAN_OBSERVATION,BR,Santa Catarina,,-48.929119,-26.904419,863.0,,"[""COORDINATE_ROUNDED"", ""CONTINENT_DERIVED_FROM_COORDINATES"", ""TAXON_ID_NOT_FOUND""]",2025-10-22T20:32
5889519683,"Scytodes fusca Walckenaer, 1837",Scytodes fusca,5169044,5169044,50c9509d-22c7-4a22-a47d-8c48425ef4a7,https://www.inaturalist.org/observations/322780950,HUMAN_OBSERVATION,BR,Espírito Santo,,-40.286934,-20.342115,7.0,,"[""COORDINATE_ROUNDED"", ""CONTINENT_DERIVED_FROM_COORDINATES"", ""TAXON_ID_NOT_FOUND""]",2025-10-24T10:17
5890059269,"Scytodes fusca Walckenaer, 1837",Scytodes fusca,5169044,5169044,50c9509d-22c7-4a22-a47d-8c48425ef4a7,https://www.inaturalist.org/observations/323211689,HUMAN_OBSERVATION,BR,Mato Grosso,,-54.939298,-10.186609,16.0,,"[""COORDINATE_ROUNDED"", ""CONTINENT_DERIVED_FROM_COORDINATES"", ""TAXON_ID_NOT_FOUND""]",2025-10-26T10:32:58
5890064593,"Scytodes fusca Walckenaer, 1837",Scytodes fusca,5169044,5169044,50c9509d-22c7-4a22-a47d-8c48425ef4a7,https://www.inaturalist.org/observations/322327179,HUMAN_OBSERVATION,US,Florida,,-80.227478,27.232522,4.0,,"[""COORDINATE_ROUNDED"", ""CONTINENT_DERIVED_FROM_COORDINATES"", ""TAXON_ID_NOT_FOUND""]",2025-10-21T20:34:51
5890105514,"Scytodes fusca Walckenaer, 1837",Scytodes fusca,5169044,5169044,50c9509d-22c7-4a22-a47d-8c48425ef4a7,https://www.inaturalist.org/observations/322341606,HUMAN_OBSERVATION,CR,Puntarenas,,-82.956086,8.803708,5.0,,"[""COORDINATE_ROUNDED"", ""CONTINENT_DERIVED_FROM_COORDINATES"", ""TAXON_ID_NOT_FOUND""]",2025-10-21T19:12
5890110474,"Scytodes fusca Walckenaer, 1837",Scytodes fusca,5169044,5169044,50c9509d-22c7-4a22-a47d-8c48425ef4a7,https://www.inaturalist.org/observations/323910610,HUMAN_OBSERVATION,MX,Veracruz,,-96.89399,19.53635,,,"[""COORDINATE_ROUNDED"", ""CONTINENT_DERIVED_FROM_COORDINATES"", ""TAXON_ID_NOT_FOUND""]",2025-10-28T20:29:54
5890151953,"Scytodes fusca Walckenaer, 1837",Scytodes fusca,5169044,5169044,50c9509d-22c7-4a22-a47d-8c48425ef4a7,https://www.inaturalist.org/observations/323888023,HUMAN_OBSERVATION,BR,São Paulo,,-47.208017,-23.088136,4375.0,,"[""COORDINATE_ROUNDED"", ""CONTINENT_DERIVED_FROM_COORDINATES"", ""TAXON_ID_NOT_FOUND""]",2025-10-29T17:16:34
5890305775,"Scytodes fusca Walckenaer, 1837",Scytodes fusca,5169044,5169044,50c9509d-22c7-4a22-a47d-8c48425ef4a7,https://www.inaturalist.org/observations/322893166,HUMAN_OBSERVATION,BR,São Paulo,,-47.147178,-23.557928,950.0,,"[""COORDINATE_ROUNDED"", ""CONTINENT_DERIVED_FROM_COORDINATES"", ""TAXON_ID_NOT_FOUND""]",2025-10-24T21:32:33
5890346090,"Scytodes fusca Walckenaer, 1837",Scytodes fusca,5169044,5169044,50c9509d-22c7-4a22-a47d-8c48425ef4a7,https://www.inaturalist.org/observations/322332611,HUMAN_OBSERVATION,BR,São Paulo,,-47.555015,-24.704328,300.0,,"[""COORDINATE_ROUNDED"", ""CONTINENT_DERIVED_FROM_COORDINATES"", ""TAXON_ID_NOT_FOUND""]",2025-10-21T22:22:11
6147274906,"Scytodes fusca Walckenaer, 1837",Scytodes fusca,5169044,5169044,50c9509d-22c7-4a22-a47d-8c48425ef4a7,https://www.inaturalist.org/observations/337340630,HUMAN_OBSERVATION,BR,Minas Gerais,,-43.358466,-21.771817,,,"[""COORDINATE_ROUNDED"", ""CONTINENT_DERIVED_FROM_COORDINATES"", ""TAXON_ID_NOT_FOUND""]",2025-10-05T22:08:36
6431533885,"Scytodes fusca Walckenaer, 1837",Scytodes fusca,5169044,5169044,50c9509d-22c7-4a22-a47d-8c48425ef4a7,https://www.inaturalist.org/observations/377203395,HUMAN_OBSERVATION,BR,Minas Gerais,,-44.000411,-19.86789,299.0,,"[""COORDINATE_ROUNDED"", ""CONTINENT_DERIVED_FROM_COORDINATES"", ""TAXON_ID_NOT_FOUND""]",2025-10-13T07:17:38
5890440536,"Scytodes fusca Walckenaer, 1837",Scytodes fusca,5169044,5169044,50c9509d-22c7-4a22-a47d-8c48425ef4a7,https://www.inaturalist.org/observations/324427821,HUMAN_OBSERVATION,BR,Minas Gerais,,-42.63868,-21.530687,11.0,,"[""COORDINATE_ROUNDED"", ""CONTINENT_DERIVED_FROM_COORDINATES"", ""TAXON_ID_NOT_FOUND""]",2025-11-01T21:44:43
5892516091,"Scytodes fusca Walckenaer, 1837",Scytodes fusca,5169044,5169044,50c9509d-22c7-4a22-a47d-8c48425ef4a7,https://www.inaturalist.org/observations/325193884,HUMAN_OBSERVATION,CR,Puntarenas,,-82.956122,8.803597,4.0,,"[""COORDINATE_ROUNDED"", ""CONTINENT_DERIVED_FROM_COORDINATES"", ""TAXON_ID_NOT_FOUND""]",2025-11-05T20:21:52
5892544790,"Scytodes fusca Walckenaer, 1837",Scytodes fusca,5169044,5169044,50c9509d-22c7-4a22-a47d-8c48425ef4a7,https://www.inaturalist.org/observations/325563496,HUMAN_OBSERVATION,BR,São Paulo,,-46.583755,-23.062553,298.0,,"[""COORDINATE_ROUNDED"", ""CONTINENT_DERIVED_FROM_COORDINATES"", ""TAXON_ID_NOT_FOUND""]",2025-11-08T16:23:24
5892575625,"Scytodes fusca Walckenaer, 1837",Scytodes fusca,5169044,5169044,50c9509d-22c7-4a22-a47d-8c48425ef4a7,https://www.inaturalist.org/observations/325248924,HUMAN_OBSERVATION,BR,Minas Gerais,,-42.34511,-20.895119,8.0,,"[""COORDINATE_ROUNDED"", ""CONTINENT_DERIVED_FROM_COORDINATES"", ""TAXON_ID_NOT_FOUND""]",2025-11-05T22:51:45
5892855354,"Scytodes fusca Walckenaer, 1837",Scytodes fusca,5169044,5169044,50c9509d-22c7-4a22-a47d-8c48425ef4a7,https://www.inaturalist.org/observations/324985631,HUMAN_OBSERVATION,BR,Minas Gerais,,-46.321358,-22.245038,30298.0,,"[""COORDINATE_ROUNDED"", ""CONTINENT_DERIVED_FROM_COORDINATES"", ""TAXON_ID_NOT_FOUND""]",2025-11-05T02:22:55
5893020085,"Scytodes fusca Walckenaer, 1837",Scytodes fusca,5169044,5169044,50c9509d-22c7-4a22-a47d-8c48425ef4a7,https://www.inaturalist.org/observations/325269660,HUMAN_OBSERVATION,BR,Rio de Janeiro,,-41.750359,-21.652871,3945.0,,"[""COORDINATE_ROUNDED"", ""CONTINENT_DERIVED_FROM_COORDINATES"", ""TAXON_ID_NOT_FOUND""]",2025-11-06T22:05:22
5897260517,"Scytodes fusca Walckenaer, 1837",Scytodes fusca,5169044,5169044,50c9509d-22c7-4a22-a47d-8c48425ef4a7,https://www.inaturalist.org/observations/326772094,HUMAN_OBSERVATION,BR,Paraíba,,-35.160563,-7.035988,122.0,,"[""COORDINATE_ROUNDED"", ""CONTINENT_DERIVED_FROM_COORDINATES"", ""TAXON_ID_NOT_FOUND""]",2025-11-10T21:42
5897379102,"Scytodes fusca Walckenaer, 1837",Scytodes fusca,5169044,5169044,50c9509d-22c7-4a22-a47d-8c48425ef4a7,https://www.inaturalist.org/observations/327066025,HUMAN_OBSERVATION,BR,São Paulo,,-45.891566,-23.219764,22392.0,,"[""COORDINATE_ROUNDED"", ""CONTINENT_DERIVED_FROM_COORDINATES"", ""TAXON_ID_NOT_FOUND""]",2025-11-18T01:35:40
5897433892,"Scytodes fusca Walckenaer, 1837",Scytodes fusca,5169044,5169044,50c9509d-22c7-4a22-a47d-8c48425ef4a7,https://www.inaturalist.org/observations/327019711,HUMAN_OBSERVATION,BR,Maranhão,,-44.2468,-2.53268,5.0,,"[""COORDINATE_ROUNDED"", ""CONTINENT_DERIVED_FROM_COORDINATES"", ""TAXON_ID_NOT_FOUND""]",2025-11-17T18:57
5897469775,"Scytodes fusca Walckenaer, 1837",Scytodes fusca,5169044,5169044,50c9509d-22c7-4a22-a47d-8c48425ef4a7,https://www.inaturalist.org/observations/326941423,HUMAN_OBSERVATION,TT,Tunapuna/Piarco,,-61.289823,10.692596,17.0,,"[""COORDINATE_ROUNDED"", ""CONTINENT_DERIVED_FROM_COORDINATES"", ""TAXON_ID_NOT_FOUND""]",2025-11-15T23:41
5897816337,"Scytodes fusca Walckenaer, 1837",Scytodes fusca,5169044,5169044,50c9509d-22c7-4a22-a47d-8c48425ef4a7,https://www.inaturalist.org/observations/326505286,HUMAN_OBSERVATION,BR,Mato Grosso,,-54.475261,-16.62188,1000.0,,"[""COORDINATE_ROUNDED"", ""CONTINENT_DERIVED_FROM_COORDINATES"", ""TAXON_ID_NOT_FOUND""]",2025-11-14T15:16
5904030653,"Scytodes fusca Walckenaer, 1837",Scytodes fusca,5169044,5169044,50c9509d-22c7-4a22-a47d-8c48425ef4a7,https://www.inaturalist.org/observations/328015607,HUMAN_OBSERVATION,PA,Ngöbe Buglé,,-81.505042,8.447851,1184.0,,"[""COORDINATE_ROUNDED"", ""CONTINENT_DERIVED_FROM_COORDINATES"", ""TAXON_ID_NOT_FOUND""]",2025-11-22T13:28
5908607707,"Scytodes fusca Walckenaer, 1837",Scytodes fusca,5169044,5169044,50c9509d-22c7-4a22-a47d-8c48425ef4a7,https://www.inaturalist.org/observations/328431718,HUMAN_OBSERVATION,US,Florida,,-82.821448,27.88941,20.0,,"[""COORDINATE_ROUNDED"", ""CONTINENT_DERIVED_FROM_COORDINATES"", ""TAXON_ID_NOT_FOUND""]",2025-11-26T21:26:47
5908640542,"Scytodes fusca Walckenaer, 1837",Scytodes fusca,5169044,5169044,50c9509d-22c7-4a22-a47d-8c48425ef4a7,https://www.inaturalist.org/observations/328867988,HUMAN_OBSERVATION,BR,Goiás,,-49.526249,-16.059925,,,"[""COORDINATE_ROUNDED"", ""CONTINENT_DERIVED_FROM_COORDINATES"", ""TAXON_ID_NOT_FOUND""]",2025-11-29T19:14
5908749728,"Scytodes fusca Walckenaer, 1837",Scytodes fusca,5169044,5169044,50c9509d-22c7-4a22-a47d-8c48425ef4a7,https://www.inaturalist.org/observations/328467828,HUMAN_OBSERVATION,BR,São Paulo,,-47.009753,-23.193825,2706.0,,"[""COORDINATE_ROUNDED"", ""CONTINENT_DERIVED_FROM_COORDINATES"", ""TAXON_ID_NOT_FOUND""]",2025-11-26T21:51:16
5908886930,"Scytodes fusca Walckenaer, 1837",Scytodes fusca,5169044,5169044,50c9509d-22c7-4a22-a47d-8c48425ef4a7,https://www.inaturalist.org/observations/328639759,HUMAN_OBSERVATION,BR,Minas Gerais,,-42.871467,-20.751992,,,"[""CONTINENT_DERIVED_FROM_COORDINATES"", ""TAXON_ID_NOT_FOUND""]",2025-11-27T04:30:06
5908923444,"Scytodes fusca Walckenaer, 1837",Scytodes fusca,5169044,5169044,50c9509d-22c7-4a22-a47d-8c48425ef4a7,https://www.inaturalist.org/observations/328864605,HUMAN_OBSERVATION,EC,Santo Domingo de los Tsáchilas,,-79.115669,-0.214582,,,"[""COORDINATE_ROUNDED"", ""CONTINENT_DERIVED_FROM_COORDINATES"", ""TAXON_ID_NOT_FOUND""]",2025-11-29T20:40:59
5909090177,"Scytodes fusca Walckenaer, 1837",Scytodes fusca,5169044,5169044,50c9509d-22c7-4a22-a47d-8c48425ef4a7,https://www.inaturalist.org/observations/328727392,HUMAN_OBSERVATION,US,Florida,,-80.275595,25.676885,68.0,,"[""COORDINATE_ROUNDED"", ""CONTINENT_DERIVED_FROM_COORDINATES"", ""TAXON_ID_NOT_FOUND""]",2025-11-28T20:37
5909219325,"Scytodes fusca Walckenaer, 1837",Scytodes fusca,5169044,5169044,50c9509d-22c7-4a22-a47d-8c48425ef4a7,https://www.inaturalist.org/observations/328468365,HUMAN_OBSERVATION,BR,Distrito Federal,,-47.900305,-15.756094,4266.0,,"[""COORDINATE_ROUNDED"", ""CONTINENT_DERIVED_FROM_COORDINATES"", ""TAXON_ID_NOT_FOUND""]",2025-11-25T13:55:05
6133136046,"Scytodes fusca Walckenaer, 1837",Scytodes fusca,5169044,5169044,50c9509d-22c7-4a22-a47d-8c48425ef4a7,https://www.inaturalist.org/observations/336964442,HUMAN_OBSERVATION,IN,Karnataka,,76.627288,12.222723,127.0,,"[""COORDINATE_ROUNDED"", ""CONTINENT_DERIVED_FROM_COORDINATES"", ""TAXON_ID_NOT_FOUND""]",2025-11-22T19:29
6185585226,"Scytodes fusca Walckenaer, 1837",Scytodes fusca,5169044,5169044,50c9509d-22c7-4a22-a47d-8c48425ef4a7,https://www.inaturalist.org/observations/332648759,HUMAN_OBSERVATION,US,Florida,,-82.136644,27.936833,,,"[""COORDINATE_ROUNDED"", ""CONTINENT_DERIVED_FROM_COORDINATES"", ""TAXON_ID_NOT_FOUND""]",2025-11-29T22:49
6481067959,"Scytodes fusca Walckenaer, 1837",Scytodes fusca,5169044,5169044,50c9509d-22c7-4a22-a47d-8c48425ef4a7,https://www.inaturalist.org/observations/327619355,HUMAN_OBSERVATION,SG,Central,,103.82839,1.340565,856.0,,"[""COORDINATE_ROUNDED"", ""CONTINENT_DERIVED_FROM_COORDINATES"", ""TAXON_ID_NOT_FOUND""]",2025-11-16T18:19
6498685177,"Scytodes fusca Walckenaer, 1837",Scytodes fusca,5169044,5169044,50c9509d-22c7-4a22-a47d-8c48425ef4a7,https://www.inaturalist.org/observations/327361491,HUMAN_OBSERVATION,BR,São Paulo,,-47.452957,-24.029414,2.0,,"[""COORDINATE_ROUNDED"", ""CONTINENT_DERIVED_FROM_COORDINATES"", ""TAXON_ID_NOT_FOUND""]",2025-11-16T19:09
5909273752,"Scytodes fusca Walckenaer, 1837",Scytodes fusca,5169044,5169044,50c9509d-22c7-4a22-a47d-8c48425ef4a7,https://www.inaturalist.org/observations/329296382,HUMAN_OBSERVATION,BR,São Paulo,,-46.620746,-23.574555,199.0,,"[""COORDINATE_ROUNDED"", ""CONTINENT_DERIVED_FROM_COORDINATES"", ""TAXON_ID_NOT_FOUND""]",2025-12-03T02:52
5909356353,"Scytodes fusca Walckenaer, 1837",Scytodes fusca,5169044,5169044,50c9509d-22c7-4a22-a47d-8c48425ef4a7,https://www.inaturalist.org/observations/329184142,HUMAN_OBSERVATION,TW,Taiwan,,120.72587,22.079531,5.0,,"[""COORDINATE_ROUNDED"", ""CONTINENT_DERIVED_FROM_COORDINATES"", ""TAXON_ID_NOT_FOUND""]",2025-12-02T15:03:28
5932481544,"Scytodes fusca Walckenaer, 1837",Scytodes fusca,5169044,5169044,50c9509d-22c7-4a22-a47d-8c48425ef4a7,https://www.inaturalist.org/observations/330807106,HUMAN_OBSERVATION,BR,Paraná,,-51.967663,-23.39313,14.0,,"[""COORDINATE_ROUNDED"", ""CONTINENT_DERIVED_FROM_COORDINATES"", ""TAXON_ID_NOT_FOUND""]",2025-12-15T00:00
5932492101,"Scytodes fusca Walckenaer, 1837",Scytodes fusca,5169044,5169044,50c9509d-22c7-4a22-a47d-8c48425ef4a7,https://www.inaturalist.org/observations/329725021,HUMAN_OBSERVATION,BD,Khulna,,89.169266,23.169028,11.0,,"[""COORDINATE_ROUNDED"", ""CONTINENT_DERIVED_FROM_COORDINATES"", ""TAXON_ID_NOT_FOUND""]",2025-12-06T22:17
5932657328,"Scytodes fusca Walckenaer, 1837",Scytodes fusca,5169044,5169044,50c9509d-22c7-4a22-a47d-8c48425ef4a7,https://www.inaturalist.org/observations/330334295,HUMAN_OBSERVATION,BR,Rio de Janeiro,,-43.282195,-22.788407,8.0,,"[""COORDINATE_ROUNDED"", ""CONTINENT_DERIVED_FROM_COORDINATES"", ""TAXON_ID_NOT_FOUND""]",2025-12-05T22:54
5932660017,"Scytodes fusca Walckenaer, 1837",Scytodes fusca,5169044,5169044,50c9509d-22c7-4a22-a47d-8c48425ef4a7,https://www.inaturalist.org/observations/330401275,HUMAN_OBSERVATION,BR,Rio de Janeiro,,-43.13471,-22.900247,,,"[""COORDINATE_ROUNDED"", ""CONTINENT_DERIVED_FROM_COORDINATES"", ""TAXON_ID_NOT_FOUND""]",2025-12-11T15:54:22
5935313513,"Scytodes fusca Walckenaer, 1837",Scytodes fusca,5169044,5169044,50c9509d-22c7-4a22-a47d-8c48425ef4a7,https://www.inaturalist.org/observations/331819222,HUMAN_OBSERVATION,US,Florida,,-81.38027,24.707075,269.0,,"[""COORDINATE_ROUNDED"", ""CONTINENT_DERIVED_FROM_COORDINATES"", ""TAXON_ID_NOT_FOUND""]",2025-12-21T22:05
5935590182,"Scytodes fusca Walckenaer, 1837",Scytodes fusca,5169044,5169044,50c9509d-22c7-4a22-a47d-8c48425ef4a7,https://www.inaturalist.org/observations/332386547,HUMAN_OBSERVATION,BR,São Paulo,,-49.866168,-22.992494,6466.0,,"[""COORDINATE_ROUNDED"", ""CONTINENT_DERIVED_FROM_COORDINATES"", ""TAXON_ID_NOT_FOUND""]",2025-12-27T15:21:16
5935705222,"Scytodes fusca Walckenaer, 1837",Scytodes fusca,5169044,5169044,50c9509d-22c7-4a22-a47d-8c48425ef4a7,https://www.inaturalist.org/observations/331575392,HUMAN_OBSERVATION,US,Florida,,-80.216187,26.46253,4.0,,"[""COORDINATE_ROUNDED"", ""CONTINENT_DERIVED_FROM_COORDINATES"", ""TAXON_ID_NOT_FOUND""]",2025-12-21T12:40:18
5935877995,"Scytodes fusca Walckenaer, 1837",Scytodes fusca,5169044,5169044,50c9509d-22c7-4a22-a47d-8c48425ef4a7,https://www.inaturalist.org/observations/331494654,HUMAN_OBSERVATION,BR,São Paulo,,-46.791546,-23.647646,204.0,,"[""COORDINATE_ROUNDED"", ""CONTINENT_DERIVED_FROM_COORDINATES"", ""TAXON_ID_NOT_FOUND""]",2025-12-20T20:49:12
5935886018,"Scytodes fusca Walckenaer, 1837",Scytodes fusca,5169044,5169044,50c9509d-22c7-4a22-a47d-8c48425ef4a7,https://www.inaturalist.org/observations/332378594,HUMAN_OBSERVATION,BR,São Paulo,,-47.009753,-23.193825,2706.0,,"[""COORDINATE_ROUNDED"", ""CONTINENT_DERIVED_FROM_COORDINATES"", ""TAXON_ID_NOT_FOUND""]",2025-12-27T20:55:50
5935921527,"Scytodes fusca Walckenaer, 1837",Scytodes fusca,5169044,5169044,50c9509d-22c7-4a22-a47d-8c48425ef4a7,https://www.inaturalist.org/observations/332370479,HUMAN_OBSERVATION,BR,São Paulo,,-49.403566,-22.410384,576.0,,"[""COORDINATE_ROUNDED"", ""CONTINENT_DERIVED_FROM_COORDINATES"", ""TAXON_ID_NOT_FOUND""]",2025-12-27T22:09:24
5935963695,"Scytodes fusca Walckenaer, 1837",Scytodes fusca,5169044,5169044,50c9509d-22c7-4a22-a47d-8c48425ef4a7,https://www.inaturalist.org/observations/331612202,HUMAN_OBSERVATION,BR,Espírito Santo,,-40.37719,-20.36923,,,"[""COORDINATE_ROUNDED"", ""CONTINENT_DERIVED_FROM_COORDINATES"", ""TAXON_ID_NOT_FOUND""]",2025-12-14T19:13:47
5935994595,"Scytodes fusca Walckenaer, 1837",Scytodes fusca,5169044,5169044,50c9509d-22c7-4a22-a47d-8c48425ef4a7,https://www.inaturalist.org/observations/331199583,HUMAN_OBSERVATION,US,Florida,,-80.362262,26.740936,29822.0,,"[""COORDINATE_ROUNDED"", ""CONTINENT_DERIVED_FROM_COORDINATES"", ""TAXON_ID_NOT_FOUND""]",2025-12-17T14:47:14
5936303078,"Scytodes fusca Walckenaer, 1837",Scytodes fusca,5169044,5169044,50c9509d-22c7-4a22-a47d-8c48425ef4a7,https://www.inaturalist.org/observations/331409850,HUMAN_OBSERVATION,BR,Santa Catarina,,-48.512514,-27.599179,1297.0,,"[""COORDINATE_ROUNDED"", ""CONTINENT_DERIVED_FROM_COORDINATES"", ""TAXON_ID_NOT_FOUND""]",2025-12-20T08:38:26
5936370932,"Scytodes fusca Walckenaer, 1837",Scytodes fusca,5169044,5169044,50c9509d-22c7-4a22-a47d-8c48425ef4a7,https://www.inaturalist.org/observations/331859337,HUMAN_OBSERVATION,DK,Hovedstaden,,12.656337,55.638419,15.0,,"[""COORDINATE_ROUNDED"", ""CONTINENT_DERIVED_FROM_COORDINATES"", ""TAXON_ID_NOT_FOUND""]",2025-12-21T19:13
5936391484,"Scytodes fusca Walckenaer, 1837",Scytodes fusca,5169044,5169044,50c9509d-22c7-4a22-a47d-8c48425ef4a7,https://www.inaturalist.org/observations/331859332,HUMAN_OBSERVATION,DK,Hovedstaden,,12.656337,55.638419,15.0,,"[""COORDINATE_ROUNDED"", ""CONTINENT_DERIVED_FROM_COORDINATES"", ""TAXON_ID_NOT_FOUND""]",2025-12-21T14:49
5938104527,"Scytodes fusca Walckenaer, 1837",Scytodes fusca,5169044,5169044,50c9509d-22c7-4a22-a47d-8c48425ef4a7,https://www.inaturalist.org/observations/332824661,HUMAN_OBSERVATION,MX,Sinaloa,,-107.421463,24.849991,2.0,,"[""COORDINATE_ROUNDED"", ""CONTINENT_DERIVED_FROM_COORDINATES"", ""TAXON_ID_NOT_FOUND""]",2025-12-30T08:34
5938342760,"Scytodes fusca Walckenaer, 1837",Scytodes fusca,5169044,5169044,50c9509d-22c7-4a22-a47d-8c48425ef4a7,https://www.inaturalist.org/observations/332736029,HUMAN_OBSERVATION,US,Florida,,-80.409212,25.126133,16.0,,"[""COORDINATE_ROUNDED"", ""CONTINENT_DERIVED_FROM_COORDINATES"", ""TAXON_ID_NOT_FOUND""]",2025-12-29T15:43:38
6130148715,"Scytodes fusca Walckenaer, 1837",Scytodes fusca,5169044,5169044,50c9509d-22c7-4a22-a47d-8c48425ef4a7,https://www.inaturalist.org/observations/335072647,HUMAN_OBSERVATION,AU,Queensland,,145.348298,-16.474319,,,"[""COORDINATE_ROUNDED"", ""CONTINENT_DERIVED_FROM_COORDINATES"", ""TAXON_ID_NOT_FOUND""]",2025-12-24T09:24
6147310007,"Scytodes fusca Walckenaer, 1837",Scytodes fusca,5169044,5169044,50c9509d-22c7-4a22-a47d-8c48425ef4a7,https://www.inaturalist.org/observations/337894687,HUMAN_OBSERVATION,PH,Ifugao,,121.053794,16.944098,8.0,,"[""COORDINATE_ROUNDED"", ""CONTINENT_DERIVED_FROM_COORDINATES"", ""TAXON_ID_NOT_FOUND""]",2025-12-06T21:24
6150170734,"Scytodes fusca Walckenaer, 1837",Scytodes fusca,5169044,5169044,963a6b96-4d22-4428-86e4-afee52cf4a8e,https://arter.dk//fund/59507710,HUMAN_OBSERVATION,DK,,,12.656301,55.638283,5.0,,"[""CONTINENT_DERIVED_FROM_COORDINATES"", ""TAXON_ID_NOT_FOUND""]",2025-12-21
6150170774,"Scytodes fusca Walckenaer, 1837",Scytodes fusca,5169044,5169044,963a6b96-4d22-4428-86e4-afee52cf4a8e,https://arter.dk//fund/59507714,HUMAN_OBSERVATION,DK,,,12.656395,55.638337,5.0,,"[""CONTINENT_DERIVED_FROM_COORDINATES"", ""TAXON_ID_NOT_FOUND""]",2025-12-21
6163186583,"Scytodes fusca Walckenaer, 1837",Scytodes fusca,5169044,5169044,50c9509d-22c7-4a22-a47d-8c48425ef4a7,https://www.inaturalist.org/observations/331753571,HUMAN_OBSERVATION,VI,St. Thomas,,-64.932594,18.343788,3.0,,"[""COORDINATE_ROUNDED"", ""CONTINENT_DERIVED_FROM_COORDINATES"", ""TAXON_ID_NOT_FOUND""]",2025-12-22T22:45:18
6168913703,"Scytodes fusca Walckenaer, 1837",Scytodes fusca,5169044,5169044,963a6b96-4d22-4428-86e4-afee52cf4a8e,https://arter.dk//fund/59507712,HUMAN_OBSERVATION,DK,,,12.656316,55.638261,5.0,,"[""CONTINENT_DERIVED_FROM_COORDINATES"", ""TAXON_ID_NOT_FOUND""]",2025-12-21
6552457705,"Scytodes fusca Walckenaer, 1837",Scytodes fusca,5169044,5169044,50c9509d-22c7-4a22-a47d-8c48425ef4a7,https://www.inaturalist.org/observations/331859313,HUMAN_OBSERVATION,DK,Hovedstaden,,12.656337,55.638419,15.0,,"[""COORDINATE_ROUNDED"", ""CONTINENT_DERIVED_FROM_COORDINATES"", ""TAXON_ID_NOT_FOUND""]",2025-12-21T18:11
4507695156,"Scytodes fusca Walckenaer, 1837",Scytodes fusca,5169044,5169044,50c9509d-22c7-4a22-a47d-8c48425ef4a7,https://www.inaturalist.org/observations/195469277,HUMAN_OBSERVATION,BR,Rio de Janeiro,,-43.233133,-22.983438,22.0,,"[""COORDINATE_ROUNDED"", ""CONTINENT_DERIVED_FROM_COORDINATES"", ""TAXON_ID_NOT_FOUND""]",2024-01-01T01:17:41
4510438523,"Scytodes fusca Walckenaer, 1837",Scytodes fusca,5169044,5169044,50c9509d-22c7-4a22-a47d-8c48425ef4a7,https://www.inaturalist.org/observations/196198570,HUMAN_OBSERVATION,BR,São Paulo,,-47.728037,-22.873716,30237.0,,"[""COORDINATE_ROUNDED"", ""CONTINENT_DERIVED_FROM_COORDINATES"", ""TAXON_ID_NOT_FOUND""]",2024-01-05T20:44
4512196750,"Scytodes fusca Walckenaer, 1837",Scytodes fusca,5169044,5169044,50c9509d-22c7-4a22-a47d-8c48425ef4a7,https://www.inaturalist.org/observations/196317010,HUMAN_OBSERVATION,US,Florida,,-82.079622,26.43744,8.0,,"[""COORDINATE_ROUNDED"", ""CONTINENT_DERIVED_FROM_COORDINATES"", ""TAXON_ID_NOT_FOUND""]",2024-01-03T12:21
4512394914,"Scytodes fusca Walckenaer, 1837",Scytodes fusca,5169044,5169044,50c9509d-22c7-4a22-a47d-8c48425ef4a7,https://www.inaturalist.org/observations/196774432,HUMAN_OBSERVATION,BR,Rio de Janeiro,,-43.373212,-22.916183,33.0,,"[""COORDINATE_ROUNDED"", ""CONTINENT_DERIVED_FROM_COORDINATES"", ""TAXON_ID_NOT_FOUND""]",2024-01-15T15:37:08
4516792075,"Scytodes fusca Walckenaer, 1837",Scytodes fusca,5169044,5169044,50c9509d-22c7-4a22-a47d-8c48425ef4a7,https://www.inaturalist.org/observations/197400629,HUMAN_OBSERVATION,BR,Rio de Janeiro,,-42.770215,-22.45288,,,"[""COORDINATE_ROUNDED"", ""CONTINENT_DERIVED_FROM_COORDINATES"", ""TAXON_ID_NOT_FOUND""]",2024-01-16T20:03
4516869709,"Scytodes fusca Walckenaer, 1837",Scytodes fusca,5169044,5169044,50c9509d-22c7-4a22-a47d-8c48425ef4a7,https://www.inaturalist.org/observations/197091291,HUMAN_OBSERVATION,BR,Espírito Santo,,-40.593655,-19.93625,52.0,,"[""CONTINENT_DERIVED_FROM_COORDINATES"", ""TAXON_ID_NOT_FOUND""]",2024-01-19T18:54:07
4516939434,"Scytodes fusca Walckenaer, 1837",Scytodes fusca,5169044,5169044,50c9509d-22c7-4a22-a47d-8c48425ef4a7,https://www.inaturalist.org/observations/197854039,HUMAN_OBSERVATION,BR,Ceará,,-38.47129,-3.830965,464.0,,"[""COORDINATE_ROUNDED"", ""CONTINENT_DERIVED_FROM_COORDINATES"", ""TAXON_ID_NOT_FOUND""]",2024-01-24T13:17
4525113409,"Scytodes fusca Walckenaer, 1837",Scytodes fusca,5169044,5169044,50c9509d-22c7-4a22-a47d-8c48425ef4a7,https://www.inaturalist.org/observations/196798246,HUMAN_OBSERVATION,JM,Saint Andrew,,-76.889188,18.177449,30683.0,,"[""COORDINATE_ROUNDED"", ""CONTINENT_DERIVED_FROM_COORDINATES"", ""TAXON_ID_NOT_FOUND""]",2024-01-15T17:48:49
4847042665,"Scytodes fusca Walckenaer, 1837",Scytodes fusca,5169044,5169044,50c9509d-22c7-4a22-a47d-8c48425ef4a7,https://www.inaturalist.org/observations/195533092,HUMAN_OBSERVATION,US,Florida,,-82.586565,27.34899,29751.0,,"[""COORDINATE_ROUNDED"", ""CONTINENT_DERIVED_FROM_COORDINATES"", ""TAXON_ID_NOT_FOUND""]",2024-01-01T21:47:35
4952340880,"Scytodes fusca Walckenaer, 1837",Scytodes fusca,5169044,5169044,50c9509d-22c7-4a22-a47d-8c48425ef4a7,https://www.inaturalist.org/observations/199380360,HUMAN_OBSERVATION,ID,Bali,,115.264177,-8.554796,,,"[""COORDINATE_ROUNDED"", ""CONTINENT_DERIVED_FROM_COORDINATES"", ""TAXON_ID_NOT_FOUND""]",2024-01-11T21:26
4952392972,"Scytodes fusca Walckenaer, 1837",Scytodes fusca,5169044,5169044,50c9509d-22c7-4a22-a47d-8c48425ef4a7,https://www.inaturalist.org/observations/199380363,HUMAN_OBSERVATION,ID,Bali,,115.264177,-8.554796,,,"[""COORDINATE_ROUNDED"", ""CONTINENT_DERIVED_FROM_COORDINATES"", ""TAXON_ID_NOT_FOUND""]",2024-01-11T21:26
4952561710,"Scytodes fusca Walckenaer, 1837",Scytodes fusca,5169044,5169044,50c9509d-22c7-4a22-a47d-8c48425ef4a7,https://www.inaturalist.org/observations/199380367,HUMAN_OBSERVATION,ID,Bali,,115.264177,-8.554796,,,"[""COORDINATE_ROUNDED"", ""CONTINENT_DERIVED_FROM_COORDINATES"", ""TAXON_ID_NOT_FOUND""]",2024-01-11T21:29
4953052568,"Scytodes fusca Walckenaer, 1837",Scytodes fusca,5169044,5169044,50c9509d-22c7-4a22-a47d-8c48425ef4a7,https://www.inaturalist.org/observations/199380361,HUMAN_OBSERVATION,ID,Bali,,115.264177,-8.554796,,,"[""COORDINATE_ROUNDED"", ""CONTINENT_DERIVED_FROM_COORDINATES"", ""TAXON_ID_NOT_FOUND""]",2024-01-11T21:26
5216533438,"Scytodes fusca Walckenaer, 1837",Scytodes fusca,5169044,5169044,50c9509d-22c7-4a22-a47d-8c48425ef4a7,https://www.inaturalist.org/observations/195532353,HUMAN_OBSERVATION,BR,São Paulo,,-46.912954,-21.606244,5.0,,"[""COORDINATE_ROUNDED"", ""CONTINENT_DERIVED_FROM_COORDINATES"", ""TAXON_ID_NOT_FOUND""]",2024-01-01T21:48:16
5217126434,"Scytodes fusca Walckenaer, 1837",Scytodes fusca,5169044,5169044,50c9509d-22c7-4a22-a47d-8c48425ef4a7,https://www.inaturalist.org/observations/195532419,HUMAN_OBSERVATION,BR,São Paulo,,-46.912943,-21.60626,5.0,,"[""COORDINATE_ROUNDED"", ""CONTINENT_DERIVED_FROM_COORDINATES"", ""TAXON_ID_NOT_FOUND""]",2024-01-01T21:45:11
5231536454,"Scytodes fusca Walckenaer, 1837",Scytodes fusca,5169044,5169044,50c9509d-22c7-4a22-a47d-8c48425ef4a7,https://www.inaturalist.org/observations/197174054,HUMAN_OBSERVATION,EC,Carchi,,-78.170781,0.803072,,,"[""COORDINATE_ROUNDED"", ""CONTINENT_DERIVED_FROM_COORDINATES"", ""TAXON_ID_NOT_FOUND""]",2024-01-16T18:21:51
4519334871,"Scytodes fusca Walckenaer, 1837",Scytodes fusca,5169044,5169044,50c9509d-22c7-4a22-a47d-8c48425ef4a7,https://www.inaturalist.org/observations/198534809,HUMAN_OBSERVATION,BR,Minas Gerais,,-43.961802,-19.92446,22.0,,"[""COORDINATE_ROUNDED"", ""CONTINENT_DERIVED_FROM_COORDINATES"", ""TAXON_ID_NOT_FOUND""]",2024-02-05T23:05:55
4522672842,"Scytodes fusca Walckenaer, 1837",Scytodes fusca,5169044,5169044,50c9509d-22c7-4a22-a47d-8c48425ef4a7,https://www.inaturalist.org/observations/198824199,HUMAN_OBSERVATION,BR,Espírito Santo,,-40.070499,-19.151749,15.0,,"[""COORDINATE_ROUNDED"", ""CONTINENT_DERIVED_FROM_COORDINATES"", ""TAXON_ID_NOT_FOUND""]",2024-02-09T14:42
4525020071,"Scytodes fusca Walckenaer, 1837",Scytodes fusca,5169044,5169044,50c9509d-22c7-4a22-a47d-8c48425ef4a7,https://www.inaturalist.org/observations/199232922,HUMAN_OBSERVATION,BR,Ceará,,-39.027364,-3.40565,,,"[""COORDINATE_ROUNDED"", ""CONTINENT_DERIVED_FROM_COORDINATES"", ""TAXON_ID_NOT_FOUND""]",2024-02-12T22:46:11
4525056802,"Scytodes fusca Walckenaer, 1837",Scytodes fusca,5169044,5169044,50c9509d-22c7-4a22-a47d-8c48425ef4a7,https://www.inaturalist.org/observations/199317650,HUMAN_OBSERVATION,BR,Distrito Federal,,-47.87916,-15.782764,8.0,,"[""COORDINATE_ROUNDED"", ""CONTINENT_DERIVED_FROM_COORDINATES"", ""TAXON_ID_NOT_FOUND""]",2024-02-14T20:32:32
4525128434,"Scytodes fusca Walckenaer, 1837",Scytodes fusca,5169044,5169044,50c9509d-22c7-4a22-a47d-8c48425ef4a7,https://www.inaturalist.org/observations/199400358,HUMAN_OBSERVATION,BR,Minas Gerais,,-44.990257,-19.871393,,,"[""COORDINATE_ROUNDED"", ""CONTINENT_DERIVED_FROM_COORDINATES"", ""TAXON_ID_NOT_FOUND""]",2024-02-13T20:45:40
4525144507,"Scytodes fusca Walckenaer, 1837",Scytodes fusca,5169044,5169044,50c9509d-22c7-4a22-a47d-8c48425ef4a7,https://www.inaturalist.org/observations/199377622,HUMAN_OBSERVATION,BR,Minas Gerais,,-46.31293,-18.998508,20.0,,"[""COORDINATE_ROUNDED"", ""CONTINENT_DERIVED_FROM_COORDINATES"", ""TAXON_ID_NOT_FOUND""]",2024-02-08T14:11:49
4525162403,"Scytodes fusca Walckenaer, 1837",Scytodes fusca,5169044,5169044,50c9509d-22c7-4a22-a47d-8c48425ef4a7,https://www.inaturalist.org/observations/199482077,HUMAN_OBSERVATION,BR,Espírito Santo,,-41.686956,-20.781919,25.0,,"[""COORDINATE_ROUNDED"", ""CONTINENT_DERIVED_FROM_COORDINATES"", ""TAXON_ID_NOT_FOUND""]",2024-02-08T00:24
4525360035,"Scytodes fusca Walckenaer, 1837",Scytodes fusca,5169044,5169044,50c9509d-22c7-4a22-a47d-8c48425ef4a7,https://www.inaturalist.org/observations/199889549,HUMAN_OBSERVATION,BR,Minas Gerais,,-43.997758,-19.92727,14.0,,"[""COORDINATE_ROUNDED"", ""CONTINENT_DERIVED_FROM_COORDINATES"", ""TAXON_ID_NOT_FOUND""]",2024-02-20T09:24:37
4527998581,"Scytodes fusca Walckenaer, 1837",Scytodes fusca,5169044,5169044,50c9509d-22c7-4a22-a47d-8c48425ef4a7,https://www.inaturalist.org/observations/200026148,HUMAN_OBSERVATION,BR,São Paulo,,-46.322711,-23.395125,8607.0,,"[""COORDINATE_ROUNDED"", ""CONTINENT_DERIVED_FROM_COORDINATES"", ""TAXON_ID_NOT_FOUND""]",2024-02-19T15:11:34
4528277322,"Scytodes fusca Walckenaer, 1837",Scytodes fusca,5169044,5169044,50c9509d-22c7-4a22-a47d-8c48425ef4a7,https://www.inaturalist.org/observations/199115990,HUMAN_OBSERVATION,VE,Táchira,,-72.209129,7.771073,4.0,,"[""CONTINENT_DERIVED_FROM_COORDINATES"", ""TAXON_ID_NOT_FOUND""]",2024-02-11T15:12
4535695354,"Scytodes fusca Walckenaer, 1837",Scytodes fusca,5169044,5169044,50c9509d-22c7-4a22-a47d-8c48425ef4a7,https://www.inaturalist.org/observations/200684518,HUMAN_OBSERVATION,BR,São Paulo,,-46.767845,-23.544608,24.0,,"[""COORDINATE_ROUNDED"", ""CONTINENT_DERIVED_FROM_COORDINATES"", ""TAXON_ID_NOT_FOUND""]",2024-02-28T00:11:28
4535735334,"Scytodes fusca Walckenaer, 1837",Scytodes fusca,5169044,5169044,50c9509d-22c7-4a22-a47d-8c48425ef4a7,https://www.inaturalist.org/observations/201013712,HUMAN_OBSERVATION,PT,Faro,,-7.810942,37.044938,,,"[""COORDINATE_ROUNDED"", ""CONTINENT_DERIVED_FROM_COORDINATES"", ""TAXON_ID_NOT_FOUND""]",2024-02-24T16:02:13Z
4597059240,"Scytodes fusca Walckenaer, 1837",Scytodes fusca,5169044,5169044,50c9509d-22c7-4a22-a47d-8c48425ef4a7,https://www.inaturalist.org/observations/202535374,HUMAN_OBSERVATION,NI,Chontales,,-85.167178,12.215508,,,"[""COORDINATE_ROUNDED"", ""CONTINENT_DERIVED_FROM_COORDINATES"", ""TAXON_ID_NOT_FOUND""]",2024-02-24T13:07:08
5938384312,"Scytodes fusca Walckenaer, 1837",Scytodes fusca,5169044,5169044,50c9509d-22c7-4a22-a47d-8c48425ef4a7,https://www.inaturalist.org/observations/333438852,HUMAN_OBSERVATION,PT,Faro,,-7.810822,37.044873,31.0,,"[""COORDINATE_ROUNDED"", ""CONTINENT_DERIVED_FROM_COORDINATES"", ""TAXON_ID_NOT_FOUND""]",2024-02-24
4596978224,"Scytodes fusca Walckenaer, 1837",Scytodes fusca,5169044,5169044,50c9509d-22c7-4a22-a47d-8c48425ef4a7,https://www.inaturalist.org/observations/202197932,HUMAN_OBSERVATION,BR,Rio de Janeiro,,-41.283988,-21.832922,7.0,,"[""COORDINATE_ROUNDED"", ""CONTINENT_DERIVED_FROM_COORDINATES"", ""TAXON_ID_NOT_FOUND""]",2024-03-10T16:05:39
4596986062,"Scytodes fusca Walckenaer, 1837",Scytodes fusca,5169044,5169044,50c9509d-22c7-4a22-a47d-8c48425ef4a7,https://www.inaturalist.org/observations/202145276,HUMAN_OBSERVATION,BR,Espírito Santo,,-40.594173,-19.938001,340.0,,"[""COORDINATE_ROUNDED"", ""CONTINENT_DERIVED_FROM_COORDINATES"", ""TAXON_ID_NOT_FOUND""]",2024-03-12T06:48
4597485576,"Scytodes fusca Walckenaer, 1837",Scytodes fusca,5169044,5169044,50c9509d-22c7-4a22-a47d-8c48425ef4a7,https://www.inaturalist.org/observations/202323134,HUMAN_OBSERVATION,BR,Ceará,,-38.470474,-3.83105,464.0,,"[""COORDINATE_ROUNDED"", ""CONTINENT_DERIVED_FROM_COORDINATES"", ""TAXON_ID_NOT_FOUND""]",2024-03-09T07:29
4599902384,"Scytodes fusca Walckenaer, 1837",Scytodes fusca,5169044,5169044,50c9509d-22c7-4a22-a47d-8c48425ef4a7,https://www.inaturalist.org/observations/203420371,HUMAN_OBSERVATION,BR,Minas Gerais,,-43.981403,-19.873456,100.0,,"[""COORDINATE_ROUNDED"", ""CONTINENT_DERIVED_FROM_COORDINATES"", ""TAXON_ID_NOT_FOUND""]",2024-03-09T17:41
4600001564,"Scytodes fusca Walckenaer, 1837",Scytodes fusca,5169044,5169044,50c9509d-22c7-4a22-a47d-8c48425ef4a7,https://www.inaturalist.org/observations/202966695,HUMAN_OBSERVATION,BR,Santa Catarina,,-48.787262,-28.464692,,,"[""COORDINATE_ROUNDED"", ""CONTINENT_DERIVED_FROM_COORDINATES"", ""TAXON_ID_NOT_FOUND""]",2024-03-18T10:07:15
4600162079,"Scytodes fusca Walckenaer, 1837",Scytodes fusca,5169044,5169044,50c9509d-22c7-4a22-a47d-8c48425ef4a7,https://www.inaturalist.org/observations/203650943,HUMAN_OBSERVATION,BR,Bahia,,-38.95833,-14.06958,24.0,,"[""COORDINATE_ROUNDED"", ""CONTINENT_DERIVED_FROM_COORDINATES"", ""TAXON_ID_NOT_FOUND""]",2024-03-23T18:23:53
4606821872,"Scytodes fusca Walckenaer, 1837",Scytodes fusca,5169044,5169044,50c9509d-22c7-4a22-a47d-8c48425ef4a7,https://www.inaturalist.org/observations/204643482,HUMAN_OBSERVATION,PT,Évora,,-7.728505,38.291781,8.0,,"[""COORDINATE_ROUNDED"", ""CONTINENT_DERIVED_FROM_COORDINATES"", ""TAXON_ID_NOT_FOUND""]",2024-03-30
4607367493,"Scytodes fusca Walckenaer, 1837",Scytodes fusca,5169044,5169044,50c9509d-22c7-4a22-a47d-8c48425ef4a7,https://www.inaturalist.org/observations/205011640,HUMAN_OBSERVATION,BR,São Paulo,,-46.694979,-23.526165,5742.0,,"[""COORDINATE_ROUNDED"", ""CONTINENT_DERIVED_FROM_COORDINATES"", ""TAXON_ID_NOT_FOUND""]",2024-03-08T20:19
4936547097,"Scytodes fusca Walckenaer, 1837",Scytodes fusca,5169044,5169044,50c9509d-22c7-4a22-a47d-8c48425ef4a7,https://www.inaturalist.org/observations/202642622,HUMAN_OBSERVATION,BR,Goiás,,-47.773225,-16.112225,4.0,,"[""CONTINENT_DERIVED_FROM_COORDINATES"", ""TAXON_ID_NOT_FOUND""]",2024-03-16T09:15:49
4954673576,"Scytodes fusca Walckenaer, 1837",Scytodes fusca,5169044,5169044,50c9509d-22c7-4a22-a47d-8c48425ef4a7,https://www.inaturalist.org/observations/204860243,HUMAN_OBSERVATION,US,Florida,,-81.560303,26.355684,59.0,,"[""COORDINATE_ROUNDED"", ""CONTINENT_DERIVED_FROM_COORDINATES"", ""TAXON_ID_NOT_FOUND""]",2024-03-31T22:32:23
5087404318,"Scytodes fusca Walckenaer, 1837",Scytodes fusca,5169044,5169044,50c9509d-22c7-4a22-a47d-8c48425ef4a7,https://www.inaturalist.org/observations/263708546,HUMAN_OBSERVATION,BR,Espírito Santo,,-40.63798,-18.925949,30615.0,,"[""COORDINATE_ROUNDED"", ""CONTINENT_DERIVED_FROM_COORDINATES"", ""TAXON_ID_NOT_FOUND""]",2024-03-22T19:27
5087422374,"Scytodes fusca Walckenaer, 1837",Scytodes fusca,5169044,5169044,50c9509d-22c7-4a22-a47d-8c48425ef4a7,https://www.inaturalist.org/observations/263708561,HUMAN_OBSERVATION,BR,Espírito Santo,,-40.787285,-18.851618,30615.0,,"[""COORDINATE_ROUNDED"", ""CONTINENT_DERIVED_FROM_COORDINATES"", ""TAXON_ID_NOT_FOUND""]",2024-03-22T19:44
5087440342,"Scytodes fusca Walckenaer, 1837",Scytodes fusca,5169044,5169044,50c9509d-22c7-4a22-a47d-8c48425ef4a7,https://www.inaturalist.org/observations/263708548,HUMAN_OBSERVATION,BR,Espírito Santo,,-40.658539,-18.974507,30615.0,,"[""COORDINATE_ROUNDED"", ""CONTINENT_DERIVED_FROM_COORDINATES"", ""TAXON_ID_NOT_FOUND""]",2024-03-22T19:27
5087495174,"Scytodes fusca Walckenaer, 1837",Scytodes fusca,5169044,5169044,50c9509d-22c7-4a22-a47d-8c48425ef4a7,https://www.inaturalist.org/observations/263708545,HUMAN_OBSERVATION,BR,Espírito Santo,,-40.626333,-18.80841,30615.0,,"[""COORDINATE_ROUNDED"", ""CONTINENT_DERIVED_FROM_COORDINATES"", ""TAXON_ID_NOT_FOUND""]",2024-03-22T19:25
6320584933,"Scytodes fusca Walckenaer, 1837",Scytodes fusca,5169044,5169044,50c9509d-22c7-4a22-a47d-8c48425ef4a7,https://www.inaturalist.org/observations/201354623,HUMAN_OBSERVATION,LK,Gampaha,,79.931066,7.062061,5.0,,"[""COORDINATE_ROUNDED"", ""CONTINENT_DERIVED_FROM_COORDINATES"", ""TAXON_ID_NOT_FOUND""]",2024-03-01T15:04:19
4607086087,"Scytodes fusca Walckenaer, 1837",Scytodes fusca,5169044,5169044,50c9509d-22c7-4a22-a47d-8c48425ef4a7,https://www.inaturalist.org/observations/205804775,HUMAN_OBSERVATION,US,Florida,,-82.511194,28.048992,29656.0,,"[""COORDINATE_ROUNDED"", ""CONTINENT_DERIVED_FROM_COORDINATES"", ""TAXON_ID_NOT_FOUND""]",2024-04-06T12:44
4607131824,"Scytodes fusca Walckenaer, 1837",Scytodes fusca,5169044,5169044,50c9509d-22c7-4a22-a47d-8c48425ef4a7,https://www.inaturalist.org/observations/205380948,HUMAN_OBSERVATION,BR,São Paulo,,-46.706693,-23.653661,4150.0,,"[""COORDINATE_ROUNDED"", ""CONTINENT_DERIVED_FROM_COORDINATES"", ""TAXON_ID_NOT_FOUND""]",2024-04-04T11:36:26
4607143033,"Scytodes fusca Walckenaer, 1837",Scytodes fusca,5169044,5169044,50c9509d-22c7-4a22-a47d-8c48425ef4a7,https://www.inaturalist.org/observations/205586221,HUMAN_OBSERVATION,BR,Minas Gerais,,-42.876987,-20.755781,13.0,,"[""COORDINATE_ROUNDED"", ""CONTINENT_DERIVED_FROM_COORDINATES"", ""TAXON_ID_NOT_FOUND""]",2024-04-05T20:29:33
4607635784,"Scytodes fusca Walckenaer, 1837",Scytodes fusca,5169044,5169044,50c9509d-22c7-4a22-a47d-8c48425ef4a7,https://www.inaturalist.org/observations/205269164,HUMAN_OBSERVATION,BR,São Paulo,,-50.865674,-21.224623,2294.0,,"[""COORDINATE_ROUNDED"", ""CONTINENT_DERIVED_FROM_COORDINATES"", ""TAXON_ID_NOT_FOUND""]",2024-04-02T21:07:01
4846824803,"Scytodes fusca Walckenaer, 1837",Scytodes fusca,5169044,5169044,50c9509d-22c7-4a22-a47d-8c48425ef4a7,https://www.inaturalist.org/observations/206608759,HUMAN_OBSERVATION,BR,Rio de Janeiro,,-43.133421,-22.906146,19.0,,"[""COORDINATE_ROUNDED"", ""CONTINENT_DERIVED_FROM_COORDINATES"", ""TAXON_ID_NOT_FOUND""]",2024-04-11T09:11:28
4851983357,"Scytodes fusca Walckenaer, 1837",Scytodes fusca,5169044,5169044,50c9509d-22c7-4a22-a47d-8c48425ef4a7,https://www.inaturalist.org/observations/208626742,HUMAN_OBSERVATION,BR,Ceará,,-38.500536,-3.7549,329.0,,"[""COORDINATE_ROUNDED"", ""CONTINENT_DERIVED_FROM_COORDINATES"", ""TAXON_ID_NOT_FOUND""]",2024-04-17T20:16
4852006694,"Scytodes fusca Walckenaer, 1837",Scytodes fusca,5169044,5169044,50c9509d-22c7-4a22-a47d-8c48425ef4a7,https://www.inaturalist.org/observations/208627829,HUMAN_OBSERVATION,BR,São Paulo,,-46.688827,-23.545905,,,"[""CONTINENT_DERIVED_FROM_COORDINATES"", ""TAXON_ID_NOT_FOUND""]",2024-04-21T22:52:35
4852331841,"Scytodes fusca Walckenaer, 1837",Scytodes fusca,5169044,5169044,50c9509d-22c7-4a22-a47d-8c48425ef4a7,https://www.inaturalist.org/observations/212349771,HUMAN_OBSERVATION,BR,Ceará,,-38.484968,-3.749647,586.0,,"[""COORDINATE_ROUNDED"", ""CONTINENT_DERIVED_FROM_COORDINATES"", ""TAXON_ID_NOT_FOUND""]",2024-04-26T08:32
4852392347,"Scytodes fusca Walckenaer, 1837",Scytodes fusca,5169044,5169044,50c9509d-22c7-4a22-a47d-8c48425ef4a7,https://www.inaturalist.org/observations/212349772,HUMAN_OBSERVATION,BR,Ceará,,-38.484968,-3.749647,586.0,,"[""COORDINATE_ROUNDED"", ""CONTINENT_DERIVED_FROM_COORDINATES"", ""TAXON_ID_NOT_FOUND""]",2024-04-26T08:32
4852423461,"Scytodes fusca Walckenaer, 1837",Scytodes fusca,5169044,5169044,50c9509d-22c7-4a22-a47d-8c48425ef4a7,https://www.inaturalist.org/observations/212076908,HUMAN_OBSERVATION,BO,Santa Cruz,,-63.126227,-17.775327,201.0,,"[""COORDINATE_ROUNDED"", ""CONTINENT_DERIVED_FROM_COORDINATES"", ""TAXON_ID_NOT_FOUND""]",2024-04-29T22:52
4852560156,"Scytodes fusca Walckenaer, 1837",Scytodes fusca,5169044,5169044,50c9509d-22c7-4a22-a47d-8c48425ef4a7,https://www.inaturalist.org/observations/212350364,HUMAN_OBSERVATION,BR,Ceará,,-38.484968,-3.749647,586.0,,"[""COORDINATE_ROUNDED"", ""CONTINENT_DERIVED_FROM_COORDINATES"", ""TAXON_ID_NOT_FOUND""]",2024-04-26T13:29
4852693216,"Scytodes fusca Walckenaer, 1837",Scytodes fusca,5169044,5169044,50c9509d-22c7-4a22-a47d-8c48425ef4a7,https://www.inaturalist.org/observations/211564975,HUMAN_OBSERVATION,US,Florida,,-80.169196,26.808297,23.0,,"[""COORDINATE_ROUNDED"", ""CONTINENT_DERIVED_FROM_COORDINATES"", ""TAXON_ID_NOT_FOUND""]",2024-04-28
4852955488,"Scytodes fusca Walckenaer, 1837",Scytodes fusca,5169044,5169044,50c9509d-22c7-4a22-a47d-8c48425ef4a7,https://www.inaturalist.org/observations/208368858,HUMAN_OBSERVATION,BR,São Paulo,,-46.715333,-23.542634,200.0,,"[""COORDINATE_ROUNDED"", ""CONTINENT_DERIVED_FROM_COORDINATES"", ""TAXON_ID_NOT_FOUND""]",2024-04-20T19:20
4852970609,"Scytodes fusca Walckenaer, 1837",Scytodes fusca,5169044,5169044,50c9509d-22c7-4a22-a47d-8c48425ef4a7,https://www.inaturalist.org/observations/208626754,HUMAN_OBSERVATION,BR,Ceará,,-38.500536,-3.7549,329.0,,"[""COORDINATE_ROUNDED"", ""CONTINENT_DERIVED_FROM_COORDINATES"", ""TAXON_ID_NOT_FOUND""]",2024-04-17T20:23
4853012301,"Scytodes fusca Walckenaer, 1837",Scytodes fusca,5169044,5169044,50c9509d-22c7-4a22-a47d-8c48425ef4a7,https://www.inaturalist.org/observations/208626745,HUMAN_OBSERVATION,BR,Ceará,,-38.500536,-3.7549,329.0,,"[""COORDINATE_ROUNDED"", ""CONTINENT_DERIVED_FROM_COORDINATES"", ""TAXON_ID_NOT_FOUND""]",2024-04-17T20:16
4855118783,"Scytodes fusca Walckenaer, 1837",Scytodes fusca,5169044,5169044,50c9509d-22c7-4a22-a47d-8c48425ef4a7,https://www.inaturalist.org/observations/213872293,HUMAN_OBSERVATION,BR,Ceará,,-38.489699,-3.813171,154.0,,"[""COORDINATE_ROUNDED"", ""CONTINENT_DERIVED_FROM_COORDINATES"", ""TAXON_ID_NOT_FOUND""]",2024-04-29T15:28
4855453758,"Scytodes fusca Walckenaer, 1837",Scytodes fusca,5169044,5169044,50c9509d-22c7-4a22-a47d-8c48425ef4a7,https://www.inaturalist.org/observations/211224320,HUMAN_OBSERVATION,BR,Distrito Federal,,-47.858921,-15.607835,30870.0,,"[""COORDINATE_ROUNDED"", ""CONTINENT_DERIVED_FROM_COORDINATES"", ""TAXON_ID_NOT_FOUND""]",2024-04-28T21:08:21
4867849518,"Scytodes fusca Walckenaer, 1837",Scytodes fusca,5169044,5169044,50c9509d-22c7-4a22-a47d-8c48425ef4a7,https://www.inaturalist.org/observations/215803911,HUMAN_OBSERVATION,BR,Rio de Janeiro,,-42.042302,-20.962874,1370.0,,"[""COORDINATE_ROUNDED"", ""CONTINENT_DERIVED_FROM_COORDINATES"", ""TAXON_ID_NOT_FOUND""]",2024-04-13T19:46
4946669986,"Scytodes fusca Walckenaer, 1837",Scytodes fusca,5169044,5169044,50c9509d-22c7-4a22-a47d-8c48425ef4a7,https://www.inaturalist.org/observations/239911840,HUMAN_OBSERVATION,BR,Espírito Santo,,-40.388171,-20.3752,30490.0,,"[""COORDINATE_ROUNDED"", ""CONTINENT_DERIVED_FROM_COORDINATES"", ""TAXON_ID_NOT_FOUND""]",2024-04-04T22:18
5133457618,"Scytodes fusca Walckenaer, 1837",Scytodes fusca,5169044,5169044,50c9509d-22c7-4a22-a47d-8c48425ef4a7,https://www.inaturalist.org/observations/206999306,HUMAN_OBSERVATION,US,Florida,,-80.160042,25.687308,13.0,,"[""COORDINATE_ROUNDED"", ""CONTINENT_DERIVED_FROM_COORDINATES"", ""TAXON_ID_NOT_FOUND""]",2024-04-13T00:01:14
5167685296,"Scytodes fusca Walckenaer, 1837",Scytodes fusca,5169044,5169044,50c9509d-22c7-4a22-a47d-8c48425ef4a7,https://www.inaturalist.org/observations/281228289,HUMAN_OBSERVATION,TW,Taiwan,,120.222245,23.587133,30175.0,,"[""COORDINATE_ROUNDED"", ""CONTINENT_DERIVED_FROM_COORDINATES"", ""TAXON_ID_NOT_FOUND""]",2024-04-12T20:41:21
6368581668,BOLD:AAG5665,Scytodes fusca,10546508,10546508,040c5662-da76-4782-a48e-cdea1892d14c,GMSEC2498-24,MATERIAL_SAMPLE,BQ,Sint Eustatius,Site 2 - Crater,-62.9625,17.475834,,,"[""GEODETIC_DATUM_ASSUMED_WGS84"", ""CONTINENT_DERIVED_FROM_COORDINATES"", ""TAXON_CONCEPT_ID_NOT_FOUND"", ""TAXON_ID_NOT_FOUND"", ""COLLECTION_MATCH_NONE"", ""INSTITUTION_MATCH_FUZZY""]",2024-04-24
4854851011,"Scytodes fusca Walckenaer, 1837",Scytodes fusca,5169044,5169044,50c9509d-22c7-4a22-a47d-8c48425ef4a7,https://www.inaturalist.org/observations/213438154,HUMAN_OBSERVATION,US,Florida,,-82.555737,27.269277,27.0,,"[""COORDINATE_ROUNDED"", ""CONTINENT_DERIVED_FROM_COORDINATES"", ""TAXON_ID_NOT_FOUND""]",2024-05-04T06:28:11
4855137107,"Scytodes fusca Walckenaer, 1837",Scytodes fusca,5169044,5169044,50c9509d-22c7-4a22-a47d-8c48425ef4a7,https://www.inaturalist.org/observations/212965384,HUMAN_OBSERVATION,BR,Minas Gerais,,-45.062115,-22.106102,,,"[""COORDINATE_ROUNDED"", ""CONTINENT_DERIVED_FROM_COORDINATES"", ""TAXON_ID_NOT_FOUND""]",2024-05-02T11:51:06
4863455325,"Scytodes fusca Walckenaer, 1837",Scytodes fusca,5169044,5169044,50c9509d-22c7-4a22-a47d-8c48425ef4a7,https://www.inaturalist.org/observations/215736419,HUMAN_OBSERVATION,BR,São Paulo,,-47.174426,-22.343685,,,"[""COORDINATE_ROUNDED"", ""CONTINENT_DERIVED_FROM_COORDINATES"", ""TAXON_ID_NOT_FOUND""]",2024-05-14T13:41:27
4863656539,"Scytodes fusca Walckenaer, 1837",Scytodes fusca,5169044,5169044,50c9509d-22c7-4a22-a47d-8c48425ef4a7,https://www.inaturalist.org/observations/215427543,HUMAN_OBSERVATION,BR,Ceará,,-38.634106,-3.985645,2164.0,,"[""COORDINATE_ROUNDED"", ""CONTINENT_DERIVED_FROM_COORDINATES"", ""TAXON_ID_NOT_FOUND""]",2024-05-08T14:38
4863720995,"Scytodes fusca Walckenaer, 1837",Scytodes fusca,5169044,5169044,50c9509d-22c7-4a22-a47d-8c48425ef4a7,https://www.inaturalist.org/observations/215427333,HUMAN_OBSERVATION,BR,Ceará,,-38.634106,-3.985645,2164.0,,"[""COORDINATE_ROUNDED"", ""CONTINENT_DERIVED_FROM_COORDINATES"", ""TAXON_ID_NOT_FOUND""]",2024-05-08T09:55
4863811791,"Scytodes fusca Walckenaer, 1837",Scytodes fusca,5169044,5169044,50c9509d-22c7-4a22-a47d-8c48425ef4a7,https://www.inaturalist.org/observations/215427523,HUMAN_OBSERVATION,BR,Ceará,,-38.634106,-3.985645,2164.0,,"[""COORDINATE_ROUNDED"", ""CONTINENT_DERIVED_FROM_COORDINATES"", ""TAXON_ID_NOT_FOUND""]",2024-05-08T14:18
4867939073,"Scytodes fusca Walckenaer, 1837",Scytodes fusca,5169044,5169044,50c9509d-22c7-4a22-a47d-8c48425ef4a7,https://www.inaturalist.org/observations/214701217,HUMAN_OBSERVATION,US,Florida,,-80.30797,26.075417,5.0,,"[""COORDINATE_ROUNDED"", ""CONTINENT_DERIVED_FROM_COORDINATES"", ""TAXON_ID_NOT_FOUND""]",2024-05-07T13:14:45
4875036198,"Scytodes fusca Walckenaer, 1837",Scytodes fusca,5169044,5169044,50c9509d-22c7-4a22-a47d-8c48425ef4a7,https://www.inaturalist.org/observations/219936261,HUMAN_OBSERVATION,US,Florida,,-80.779775,28.0658,29656.0,,"[""COORDINATE_ROUNDED"", ""CONTINENT_DERIVED_FROM_COORDINATES"", ""TAXON_ID_NOT_FOUND""]",2024-05-31T17:41:49
4875550583,"Scytodes fusca Walckenaer, 1837",Scytodes fusca,5169044,5169044,50c9509d-22c7-4a22-a47d-8c48425ef4a7,https://www.inaturalist.org/observations/220504697,HUMAN_OBSERVATION,BR,Rio de Janeiro,,-41.350945,-21.750738,13.0,,"[""COORDINATE_ROUNDED"", ""CONTINENT_DERIVED_FROM_COORDINATES"", ""TAXON_ID_NOT_FOUND""]",2024-05-27T17:04:39
4891863825,"Scytodes fusca Walckenaer, 1837",Scytodes fusca,5169044,5169044,50c9509d-22c7-4a22-a47d-8c48425ef4a7,https://www.inaturalist.org/observations/221359645,HUMAN_OBSERVATION,BR,Ceará,,-38.470431,-3.831864,464.0,,"[""COORDINATE_ROUNDED"", ""CONTINENT_DERIVED_FROM_COORDINATES"", ""TAXON_ID_NOT_FOUND""]",2024-06-04T08:50
4892124345,"Scytodes fusca Walckenaer, 1837",Scytodes fusca,5169044,5169044,50c9509d-22c7-4a22-a47d-8c48425ef4a7,https://www.inaturalist.org/observations/221359930,HUMAN_OBSERVATION,BR,Ceará,,-38.470431,-3.831864,464.0,,"[""COORDINATE_ROUNDED"", ""CONTINENT_DERIVED_FROM_COORDINATES"", ""TAXON_ID_NOT_FOUND""]",2024-06-04T14:24
4901008609,"Scytodes fusca Walckenaer, 1837",Scytodes fusca,5169044,5169044,50c9509d-22c7-4a22-a47d-8c48425ef4a7,https://www.inaturalist.org/observations/224368225,HUMAN_OBSERVATION,GF,Cayenne,,-52.456235,4.907154,4.0,,"[""COORDINATE_ROUNDED"", ""CONTINENT_DERIVED_FROM_COORDINATES"", ""TAXON_ID_NOT_FOUND""]",2024-06-13T08:20
4904074356,"Scytodes fusca Walckenaer, 1837",Scytodes fusca,5169044,5169044,50c9509d-22c7-4a22-a47d-8c48425ef4a7,https://www.inaturalist.org/observations/225517044,HUMAN_OBSERVATION,BR,Rio Grande do Norte,,-35.289952,-6.419913,9.0,,"[""COORDINATE_ROUNDED"", ""CONTINENT_DERIVED_FROM_COORDINATES"", ""TAXON_ID_NOT_FOUND""]",2024-06-27T11:38:26
4904132609,"Scytodes fusca Walckenaer, 1837",Scytodes fusca,5169044,5169044,50c9509d-22c7-4a22-a47d-8c48425ef4a7,https://www.inaturalist.org/observations/225216165,HUMAN_OBSERVATION,GF,Cayenne,,-52.332638,4.884125,85.0,,"[""COORDINATE_ROUNDED"", ""CONTINENT_DERIVED_FROM_COORDINATES"", ""TAXON_ID_NOT_FOUND""]",2024-06-25T21:51:28
4954243685,"Scytodes fusca Walckenaer, 1837",Scytodes fusca,5169044,5169044,50c9509d-22c7-4a22-a47d-8c48425ef4a7,https://www.inaturalist.org/observations/223690185,HUMAN_OBSERVATION,CR,Puntarenas,,-83.382926,8.579581,2.0,,"[""COORDINATE_ROUNDED"", ""CONTINENT_DERIVED_FROM_COORDINATES"", ""TAXON_ID_NOT_FOUND""]",2024-06-18T16:16
4904082660,"Scytodes fusca Walckenaer, 1837",Scytodes fusca,5169044,5169044,50c9509d-22c7-4a22-a47d-8c48425ef4a7,https://www.inaturalist.org/observations/226565885,HUMAN_OBSERVATION,BR,Rio de Janeiro,,-43.044511,-22.545539,,,"[""COORDINATE_ROUNDED"", ""CONTINENT_DERIVED_FROM_COORDINATES"", ""TAXON_ID_NOT_FOUND""]",2024-07-01T20:09:22
4908025829,"Scytodes fusca Walckenaer, 1837",Scytodes fusca,5169044,5169044,50c9509d-22c7-4a22-a47d-8c48425ef4a7,https://www.inaturalist.org/observations/228495354,HUMAN_OBSERVATION,BR,Ceará,,-38.487788,-3.7456,166.0,,"[""COORDINATE_ROUNDED"", ""CONTINENT_DERIVED_FROM_COORDINATES"", ""TAXON_ID_NOT_FOUND""]",2024-07-06T08:10
4908182597,"Scytodes fusca Walckenaer, 1837",Scytodes fusca,5169044,5169044,50c9509d-22c7-4a22-a47d-8c48425ef4a7,https://www.inaturalist.org/observations/228327865,HUMAN_OBSERVATION,BR,Goiás,,-49.342569,-16.781719,,,"[""COORDINATE_ROUNDED"", ""CONTINENT_DERIVED_FROM_COORDINATES"", ""TAXON_ID_NOT_FOUND""]",2024-07-09T19:17
4908246748,"Scytodes fusca Walckenaer, 1837",Scytodes fusca,5169044,5169044,50c9509d-22c7-4a22-a47d-8c48425ef4a7,https://www.inaturalist.org/observations/227232372,HUMAN_OBSERVATION,BR,Mato Grosso do Sul,,-54.559801,-20.422829,28.0,,"[""COORDINATE_ROUNDED"", ""CONTINENT_DERIVED_FROM_COORDINATES"", ""TAXON_ID_NOT_FOUND""]",2024-07-04
4908586790,"Scytodes fusca Walckenaer, 1837",Scytodes fusca,5169044,5169044,50c9509d-22c7-4a22-a47d-8c48425ef4a7,https://www.inaturalist.org/observations/227100393,HUMAN_OBSERVATION,BR,São Paulo,,-46.562239,-23.541804,387.0,,"[""COORDINATE_ROUNDED"", ""CONTINENT_DERIVED_FROM_COORDINATES"", ""TAXON_ID_NOT_FOUND""]",2024-07-04T10:49
4909000837,"Scytodes fusca Walckenaer, 1837",Scytodes fusca,5169044,5169044,50c9509d-22c7-4a22-a47d-8c48425ef4a7,https://www.inaturalist.org/observations/228495353,HUMAN_OBSERVATION,BR,Ceará,,-38.487788,-3.7456,166.0,,"[""COORDINATE_ROUNDED"", ""CONTINENT_DERIVED_FROM_COORDINATES"", ""TAXON_ID_NOT_FOUND""]",2024-07-06T08:06
4909205421,"Scytodes fusca Walckenaer, 1837",Scytodes fusca,5169044,5169044,50c9509d-22c7-4a22-a47d-8c48425ef4a7,https://www.inaturalist.org/observations/227014308,HUMAN_OBSERVATION,BR,Espírito Santo,,-40.307926,-20.314209,799.0,,"[""COORDINATE_ROUNDED"", ""CONTINENT_DERIVED_FROM_COORDINATES"", ""TAXON_ID_NOT_FOUND""]",2024-07-03T22:08:08
4909302224,"Scytodes fusca Walckenaer, 1837",Scytodes fusca,5169044,5169044,50c9509d-22c7-4a22-a47d-8c48425ef4a7,https://www.inaturalist.org/observations/229568110,HUMAN_OBSERVATION,BR,São Paulo,,-46.521793,-23.567219,,,"[""COORDINATE_ROUNDED"", ""CONTINENT_DERIVED_FROM_COORDINATES"", ""TAXON_ID_NOT_FOUND""]",2024-07-10T03:03:06
4910845715,"Scytodes fusca Walckenaer, 1837",Scytodes fusca,5169044,5169044,50c9509d-22c7-4a22-a47d-8c48425ef4a7,https://www.inaturalist.org/observations/230266350,HUMAN_OBSERVATION,BR,Goiás,,-49.342554,-16.781709,,,"[""COORDINATE_ROUNDED"", ""CONTINENT_DERIVED_FROM_COORDINATES"", ""TAXON_ID_NOT_FOUND""]",2024-07-18T22:33
4910887270,"Scytodes fusca Walckenaer, 1837",Scytodes fusca,5169044,5169044,50c9509d-22c7-4a22-a47d-8c48425ef4a7,https://www.inaturalist.org/observations/230117774,HUMAN_OBSERVATION,US,Florida,,-80.176697,26.92722,6.0,,"[""COORDINATE_ROUNDED"", ""CONTINENT_DERIVED_FROM_COORDINATES"", ""TAXON_ID_NOT_FOUND""]",2024-07-18T07:33:07
4910906490,"Scytodes fusca Walckenaer, 1837",Scytodes fusca,5169044,5169044,50c9509d-22c7-4a22-a47d-8c48425ef4a7,https://www.inaturalist.org/observations/230588568,HUMAN_OBSERVATION,US,Florida,,-80.28332,25.704322,35.0,,"[""COORDINATE_ROUNDED"", ""CONTINENT_DERIVED_FROM_COORDINATES"", ""TAXON_ID_NOT_FOUND""]",2024-07-20T11:02:17
4910929516,"Scytodes fusca Walckenaer, 1837",Scytodes fusca,5169044,5169044,50c9509d-22c7-4a22-a47d-8c48425ef4a7,https://www.inaturalist.org/observations/230332319,HUMAN_OBSERVATION,BR,Paraná,,-48.532525,-25.516618,,,"[""COORDINATE_ROUNDED"", ""CONTINENT_DERIVED_FROM_COORDINATES"", ""TAXON_ID_NOT_FOUND""]",2024-07-17T14:25:06
4910964829,"Scytodes fusca Walckenaer, 1837",Scytodes fusca,5169044,5169044,50c9509d-22c7-4a22-a47d-8c48425ef4a7,https://www.inaturalist.org/observations/230757028,HUMAN_OBSERVATION,BR,Minas Gerais,,-42.877004,-20.755715,13.0,,"[""COORDINATE_ROUNDED"", ""CONTINENT_DERIVED_FROM_COORDINATES"", ""TAXON_ID_NOT_FOUND""]",2024-07-21T11:47:49
4993849346,"Scytodes fusca Walckenaer, 1837",Scytodes fusca,5169044,5169044,50c9509d-22c7-4a22-a47d-8c48425ef4a7,https://www.inaturalist.org/observations/227606821,HUMAN_OBSERVATION,HN,Francisco Morazán,,-87.007856,14.007443,4.0,,"[""COORDINATE_ROUNDED"", ""CONTINENT_DERIVED_FROM_COORDINATES"", ""TAXON_ID_NOT_FOUND""]",2024-07-01T21:10
4921566041,"Scytodes fusca Walckenaer, 1837",Scytodes fusca,5169044,5169044,50c9509d-22c7-4a22-a47d-8c48425ef4a7,https://www.inaturalist.org/observations/233764643,HUMAN_OBSERVATION,BR,São Paulo,,-46.72725,-23.570519,12.0,,"[""COORDINATE_ROUNDED"", ""CONTINENT_DERIVED_FROM_COORDINATES"", ""TAXON_ID_NOT_FOUND""]",2024-08-04T15:07:47
4921587255,"Scytodes fusca Walckenaer, 1837",Scytodes fusca,5169044,5169044,50c9509d-22c7-4a22-a47d-8c48425ef4a7,https://www.inaturalist.org/observations/233187643,HUMAN_OBSERVATION,BR,São Paulo,,-51.470712,-22.023853,30318.0,,"[""COORDINATE_ROUNDED"", ""CONTINENT_DERIVED_FROM_COORDINATES"", ""TAXON_ID_NOT_FOUND""]",2024-08-01T20:31:15
4921788334,"Scytodes fusca Walckenaer, 1837",Scytodes fusca,5169044,5169044,50c9509d-22c7-4a22-a47d-8c48425ef4a7,https://www.inaturalist.org/observations/233163313,HUMAN_OBSERVATION,BR,Rio de Janeiro,,-43.134718,-22.900211,4.0,,"[""COORDINATE_ROUNDED"", ""CONTINENT_DERIVED_FROM_COORDINATES"", ""TAXON_ID_NOT_FOUND""]",2024-08-01T15:53:36
4921844431,"Scytodes fusca Walckenaer, 1837",Scytodes fusca,5169044,5169044,50c9509d-22c7-4a22-a47d-8c48425ef4a7,https://www.inaturalist.org/observations/233842007,HUMAN_OBSERVATION,BR,São Paulo,,-47.390344,-22.359025,,,"[""COORDINATE_ROUNDED"", ""CONTINENT_DERIVED_FROM_COORDINATES"", ""TAXON_ID_NOT_FOUND""]",2024-08-04T10:50:09
4921873826,"Scytodes fusca Walckenaer, 1837",Scytodes fusca,5169044,5169044,50c9509d-22c7-4a22-a47d-8c48425ef4a7,https://www.inaturalist.org/observations/233740929,HUMAN_OBSERVATION,BR,Espírito Santo,,-40.501695,-20.674183,19.0,,"[""COORDINATE_ROUNDED"", ""CONTINENT_DERIVED_FROM_COORDINATES"", ""TAXON_ID_NOT_FOUND""]",2024-08-04T13:26:07
4924109651,"Scytodes fusca Walckenaer, 1837",Scytodes fusca,5169044,5169044,50c9509d-22c7-4a22-a47d-8c48425ef4a7,https://www.inaturalist.org/observations/234989141,HUMAN_OBSERVATION,BR,São Paulo,,-46.290858,-23.003731,6.0,,"[""COORDINATE_ROUNDED"", ""CONTINENT_DERIVED_FROM_COORDINATES"", ""TAXON_ID_NOT_FOUND""]",2024-08-10T20:05:02
4925938861,"Scytodes fusca Walckenaer, 1837",Scytodes fusca,5169044,5169044,50c9509d-22c7-4a22-a47d-8c48425ef4a7,https://www.inaturalist.org/observations/235966561,HUMAN_OBSERVATION,BR,São Paulo,,-49.135027,-22.412651,1876.0,,"[""COORDINATE_ROUNDED"", ""CONTINENT_DERIVED_FROM_COORDINATES"", ""TAXON_ID_NOT_FOUND""]",2024-08-15
4925960469,"Scytodes fusca Walckenaer, 1837",Scytodes fusca,5169044,5169044,50c9509d-22c7-4a22-a47d-8c48425ef4a7,https://www.inaturalist.org/observations/235980698,HUMAN_OBSERVATION,BR,Rio de Janeiro,,-43.390143,-22.92865,1.0,,"[""COORDINATE_ROUNDED"", ""CONTINENT_DERIVED_FROM_COORDINATES"", ""TAXON_ID_NOT_FOUND""]",2024-08-15T18:22
4926223871,"Scytodes fusca Walckenaer, 1837",Scytodes fusca,5169044,5169044,50c9509d-22c7-4a22-a47d-8c48425ef4a7,https://www.inaturalist.org/observations/236770923,HUMAN_OBSERVATION,BR,São Paulo,,-47.573349,-22.415267,13.0,,"[""COORDINATE_ROUNDED"", ""CONTINENT_DERIVED_FROM_COORDINATES"", ""TAXON_ID_NOT_FOUND""]",2024-08-19T15:55:13
4935684331,"Scytodes fusca Walckenaer, 1837",Scytodes fusca,5169044,5169044,50c9509d-22c7-4a22-a47d-8c48425ef4a7,https://www.inaturalist.org/observations/237566774,HUMAN_OBSERVATION,BR,Ceará,,-38.500208,-3.75478,272.0,,"[""COORDINATE_ROUNDED"", ""CONTINENT_DERIVED_FROM_COORDINATES"", ""TAXON_ID_NOT_FOUND""]",2024-08-22T14:09
4935685251,"Scytodes fusca Walckenaer, 1837",Scytodes fusca,5169044,5169044,50c9509d-22c7-4a22-a47d-8c48425ef4a7,https://www.inaturalist.org/observations/237962792,HUMAN_OBSERVATION,BR,Alagoas,,-35.703874,-9.63623,,,"[""COORDINATE_ROUNDED"", ""CONTINENT_DERIVED_FROM_COORDINATES"", ""TAXON_ID_NOT_FOUND""]",2024-08-25T19:47:16
4935812954,"Scytodes fusca Walckenaer, 1837",Scytodes fusca,5169044,5169044,50c9509d-22c7-4a22-a47d-8c48425ef4a7,https://www.inaturalist.org/observations/237213773,HUMAN_OBSERVATION,BR,São Paulo,,-47.847694,-21.019115,30415.0,,"[""COORDINATE_ROUNDED"", ""CONTINENT_DERIVED_FROM_COORDINATES"", ""TAXON_ID_NOT_FOUND""]",2024-08-17T10:31:40
4936734847,"Scytodes fusca Walckenaer, 1837",Scytodes fusca,5169044,5169044,50c9509d-22c7-4a22-a47d-8c48425ef4a7,https://www.inaturalist.org/observations/239077071,HUMAN_OBSERVATION,US,Florida,,-82.562637,28.799862,4.0,,"[""COORDINATE_ROUNDED"", ""CONTINENT_DERIVED_FROM_COORDINATES"", ""TAXON_ID_NOT_FOUND""]",2024-08-31T20:04:08
6413067477,"Scytodes fusca Walckenaer, 1837",Scytodes fusca,5169044,5169044,50c9509d-22c7-4a22-a47d-8c48425ef4a7,https://www.inaturalist.org/observations/237227729,HUMAN_OBSERVATION,PE,Madre de Dios,,-69.489523,-12.860998,67.0,,"[""COORDINATE_ROUNDED"", ""CONTINENT_DERIVED_FROM_COORDINATES"", ""TAXON_ID_NOT_FOUND""]",2024-08-21T21:45
4945498613,"Scytodes fusca Walckenaer, 1837",Scytodes fusca,5169044,5169044,50c9509d-22c7-4a22-a47d-8c48425ef4a7,https://www.inaturalist.org/observations/241440468,HUMAN_OBSERVATION,BR,Minas Gerais,,-41.90212,-18.843045,30.0,,"[""CONTINENT_DERIVED_FROM_COORDINATES"", ""TAXON_ID_NOT_FOUND""]",2024-09-13T08:58:13
4945640562,"Scytodes fusca Walckenaer, 1837",Scytodes fusca,5169044,5169044,50c9509d-22c7-4a22-a47d-8c48425ef4a7,https://www.inaturalist.org/observations/240411964,HUMAN_OBSERVATION,BR,Ceará,,-38.628874,-3.956093,1723.0,,"[""COORDINATE_ROUNDED"", ""CONTINENT_DERIVED_FROM_COORDINATES"", ""TAXON_ID_NOT_FOUND""]",2024-09-02T10:03
4946382714,"Scytodes fusca Walckenaer, 1837",Scytodes fusca,5169044,5169044,50c9509d-22c7-4a22-a47d-8c48425ef4a7,https://www.inaturalist.org/observations/242280348,HUMAN_OBSERVATION,BR,Minas Gerais,,-41.903001,-18.842651,201.0,,"[""COORDINATE_ROUNDED"", ""CONTINENT_DERIVED_FROM_COORDINATES"", ""TAXON_ID_NOT_FOUND""]",2024-09-17T10:07:50
4946452239,"Scytodes fusca Walckenaer, 1837",Scytodes fusca,5169044,5169044,50c9509d-22c7-4a22-a47d-8c48425ef4a7,https://www.inaturalist.org/observations/240050914,HUMAN_OBSERVATION,BR,Goiás,,-49.342539,-16.781772,,,"[""COORDINATE_ROUNDED"", ""CONTINENT_DERIVED_FROM_COORDINATES"", ""TAXON_ID_NOT_FOUND""]",2024-09-05T19:53
4946489629,"Scytodes fusca Walckenaer, 1837",Scytodes fusca,5169044,5169044,50c9509d-22c7-4a22-a47d-8c48425ef4a7,https://www.inaturalist.org/observations/242213124,HUMAN_OBSERVATION,BR,Goiás,,-49.342526,-16.781754,,,"[""COORDINATE_ROUNDED"", ""CONTINENT_DERIVED_FROM_COORDINATES"", ""TAXON_ID_NOT_FOUND""]",2024-09-16T23:11
4950096993,"Scytodes fusca Walckenaer, 1837",Scytodes fusca,5169044,5169044,50c9509d-22c7-4a22-a47d-8c48425ef4a7,https://www.inaturalist.org/observations/242802023,HUMAN_OBSERVATION,BR,Santa Catarina,,-49.297156,-26.808906,,,"[""COORDINATE_ROUNDED"", ""CONTINENT_DERIVED_FROM_COORDINATES"", ""TAXON_ID_NOT_FOUND""]",2024-09-20T00:14:18
4950183237,"Scytodes fusca Walckenaer, 1837",Scytodes fusca,5169044,5169044,50c9509d-22c7-4a22-a47d-8c48425ef4a7,https://www.inaturalist.org/observations/242614041,HUMAN_OBSERVATION,TT,Tunapuna/Piarco,,-61.408688,10.646521,2934.0,,"[""COORDINATE_ROUNDED"", ""CONTINENT_DERIVED_FROM_COORDINATES"", ""TAXON_ID_NOT_FOUND""]",2024-09-18T23:38
4952293017,"Scytodes fusca Walckenaer, 1837",Scytodes fusca,5169044,5169044,50c9509d-22c7-4a22-a47d-8c48425ef4a7,https://www.inaturalist.org/observations/244986445,HUMAN_OBSERVATION,BR,Ceará,,-38.487747,-3.811865,402.0,,"[""COORDINATE_ROUNDED"", ""CONTINENT_DERIVED_FROM_COORDINATES"", ""TAXON_ID_NOT_FOUND""]",2024-09-23T15:17
4953168229,"Scytodes fusca Walckenaer, 1837",Scytodes fusca,5169044,5169044,50c9509d-22c7-4a22-a47d-8c48425ef4a7,https://www.inaturalist.org/observations/244986633,HUMAN_OBSERVATION,BR,Ceará,,-38.487747,-3.811865,402.0,,"[""COORDINATE_ROUNDED"", ""CONTINENT_DERIVED_FROM_COORDINATES"", ""TAXON_ID_NOT_FOUND""]",2024-09-23T20:15
4973892737,"Scytodes fusca Walckenaer, 1837",Scytodes fusca,5169044,5169044,50c9509d-22c7-4a22-a47d-8c48425ef4a7,https://www.inaturalist.org/observations/248507958,HUMAN_OBSERVATION,AU,Queensland,,145.41529,-16.17416,100.0,,"[""COORDINATE_ROUNDED"", ""CONTINENT_DERIVED_FROM_COORDINATES"", ""TAXON_ID_NOT_FOUND""]",2024-09-18T10:18
4974051765,"Scytodes fusca Walckenaer, 1837",Scytodes fusca,5169044,5169044,50c9509d-22c7-4a22-a47d-8c48425ef4a7,https://www.inaturalist.org/observations/247647159,HUMAN_OBSERVATION,BR,Minas Gerais,,-43.358168,-21.771905,75.0,,"[""COORDINATE_ROUNDED"", ""CONTINENT_DERIVED_FROM_COORDINATES"", ""TAXON_ID_NOT_FOUND""]",2024-09-29T11:09:12
5133450257,"Scytodes fusca Walckenaer, 1837",Scytodes fusca,5169044,5169044,50c9509d-22c7-4a22-a47d-8c48425ef4a7,https://www.inaturalist.org/observations/242270804,HUMAN_OBSERVATION,US,Florida,,-81.311877,28.458407,29607.0,,"[""COORDINATE_ROUNDED"", ""CONTINENT_DERIVED_FROM_COORDINATES"", ""TAXON_ID_NOT_FOUND""]",2024-09-17T07:50:28
5133552062,"Scytodes fusca Walckenaer, 1837",Scytodes fusca,5169044,5169044,50c9509d-22c7-4a22-a47d-8c48425ef4a7,https://www.inaturalist.org/observations/241875757,HUMAN_OBSERVATION,US,Florida,,-80.406032,25.604305,27.0,,"[""COORDINATE_ROUNDED"", ""CONTINENT_DERIVED_FROM_COORDINATES"", ""TAXON_ID_NOT_FOUND""]",2024-09-14T09:27
5889657440,"Scytodes fusca Walckenaer, 1837",Scytodes fusca,5169044,5169044,50c9509d-22c7-4a22-a47d-8c48425ef4a7,https://www.inaturalist.org/observations/243303027,HUMAN_OBSERVATION,AU,Queensland,,145.411716,-16.170823,122.0,,"[""COORDINATE_ROUNDED"", ""CONTINENT_DERIVED_FROM_COORDINATES"", ""TAXON_ID_NOT_FOUND""]",2024-09-16T13:45
5890232023,"Scytodes fusca Walckenaer, 1837",Scytodes fusca,5169044,5169044,50c9509d-22c7-4a22-a47d-8c48425ef4a7,https://www.inaturalist.org/observations/243303218,HUMAN_OBSERVATION,AU,Queensland,,145.408856,-16.180502,111.0,,"[""COORDINATE_ROUNDED"", ""CONTINENT_DERIVED_FROM_COORDINATES"", ""TAXON_ID_NOT_FOUND""]",2024-09-16T21:00
5909043328,"Scytodes fusca Walckenaer, 1837",Scytodes fusca,5169044,5169044,50c9509d-22c7-4a22-a47d-8c48425ef4a7,https://www.inaturalist.org/observations/249387766,HUMAN_OBSERVATION,MX,Nuevo León,,-100.24706,25.67147,,,"[""COORDINATE_ROUNDED"", ""CONTINENT_DERIVED_FROM_COORDINATES"", ""TAXON_ID_NOT_FOUND""]",2024-09-20T18:16:03
4952519746,"Scytodes fusca Walckenaer, 1837",Scytodes fusca,5169044,5169044,50c9509d-22c7-4a22-a47d-8c48425ef4a7,https://www.inaturalist.org/observations/245752538,HUMAN_OBSERVATION,SG,Central,,103.815093,1.311147,,,"[""COORDINATE_ROUNDED"", ""CONTINENT_DERIVED_FROM_COORDINATES"", ""TAXON_ID_NOT_FOUND""]",2024-10-04T21:45
4952884262,"Scytodes fusca Walckenaer, 1837",Scytodes fusca,5169044,5169044,50c9509d-22c7-4a22-a47d-8c48425ef4a7,https://www.inaturalist.org/observations/245752999,HUMAN_OBSERVATION,SG,Central,,103.815093,1.311147,,,"[""COORDINATE_ROUNDED"", ""CONTINENT_DERIVED_FROM_COORDINATES"", ""TAXON_ID_NOT_FOUND""]",2024-10-04T21:46
4954315907,"Scytodes fusca Walckenaer, 1837",Scytodes fusca,5169044,5169044,50c9509d-22c7-4a22-a47d-8c48425ef4a7,https://www.inaturalist.org/observations/246553102,HUMAN_OBSERVATION,BR,Ceará,,-38.499607,-3.754673,302.0,,"[""COORDINATE_ROUNDED"", ""CONTINENT_DERIVED_FROM_COORDINATES"", ""TAXON_ID_NOT_FOUND""]",2024-10-07T14:46
4954316363,"Scytodes fusca Walckenaer, 1837",Scytodes fusca,5169044,5169044,50c9509d-22c7-4a22-a47d-8c48425ef4a7,https://www.inaturalist.org/observations/246553264,HUMAN_OBSERVATION,BR,Ceará,,-38.499607,-3.754673,302.0,,"[""COORDINATE_ROUNDED"", ""CONTINENT_DERIVED_FROM_COORDINATES"", ""TAXON_ID_NOT_FOUND""]",2024-10-07T19:41
4954448668,"Scytodes fusca Walckenaer, 1837",Scytodes fusca,5169044,5169044,50c9509d-22c7-4a22-a47d-8c48425ef4a7,https://www.inaturalist.org/observations/246553101,HUMAN_OBSERVATION,BR,Ceará,,-38.499607,-3.754673,302.0,,"[""COORDINATE_ROUNDED"", ""CONTINENT_DERIVED_FROM_COORDINATES"", ""TAXON_ID_NOT_FOUND""]",2024-10-07T14:45
4954572410,"Scytodes fusca Walckenaer, 1837",Scytodes fusca,5169044,5169044,50c9509d-22c7-4a22-a47d-8c48425ef4a7,https://www.inaturalist.org/observations/246553283,HUMAN_OBSERVATION,BR,Ceará,,-38.499607,-3.754673,302.0,,"[""COORDINATE_ROUNDED"", ""CONTINENT_DERIVED_FROM_COORDINATES"", ""TAXON_ID_NOT_FOUND""]",2024-10-07T20:13
4973827044,"Scytodes fusca Walckenaer, 1837",Scytodes fusca,5169044,5169044,50c9509d-22c7-4a22-a47d-8c48425ef4a7,https://www.inaturalist.org/observations/247990161,HUMAN_OBSERVATION,BR,Ceará,,-38.628613,-3.981921,810.0,,"[""COORDINATE_ROUNDED"", ""CONTINENT_DERIVED_FROM_COORDINATES"", ""TAXON_ID_NOT_FOUND""]",2024-10-17T16:20
4973863908,"Scytodes fusca Walckenaer, 1837",Scytodes fusca,5169044,5169044,50c9509d-22c7-4a22-a47d-8c48425ef4a7,https://www.inaturalist.org/observations/248595041,HUMAN_OBSERVATION,BR,São Paulo,,-47.175625,-23.541505,24.0,,"[""CONTINENT_DERIVED_FROM_COORDINATES"", ""TAXON_ID_NOT_FOUND""]",2024-10-03T00:31:23
4973934631,"Scytodes fusca Walckenaer, 1837",Scytodes fusca,5169044,5169044,50c9509d-22c7-4a22-a47d-8c48425ef4a7,https://www.inaturalist.org/observations/247990162,HUMAN_OBSERVATION,BR,Ceará,,-38.628613,-3.981921,810.0,,"[""COORDINATE_ROUNDED"", ""CONTINENT_DERIVED_FROM_COORDINATES"", ""TAXON_ID_NOT_FOUND""]",2024-10-17T16:20
4978457388,"Scytodes fusca Walckenaer, 1837",Scytodes fusca,5169044,5169044,50c9509d-22c7-4a22-a47d-8c48425ef4a7,https://www.inaturalist.org/observations/249226364,HUMAN_OBSERVATION,BR,Minas Gerais,,-43.82223,-19.933605,30527.0,,"[""COORDINATE_ROUNDED"", ""CONTINENT_DERIVED_FROM_COORDINATES"", ""TAXON_ID_NOT_FOUND""]",2024-10-26T18:19:56
4978477662,"Scytodes fusca Walckenaer, 1837",Scytodes fusca,5169044,5169044,50c9509d-22c7-4a22-a47d-8c48425ef4a7,https://www.inaturalist.org/observations/249746680,HUMAN_OBSERVATION,BR,Espírito Santo,,-40.61465,-19.939026,1416.0,,"[""COORDINATE_ROUNDED"", ""CONTINENT_DERIVED_FROM_COORDINATES"", ""TAXON_ID_NOT_FOUND""]",2024-10-29T23:33:55
4982125912,"Scytodes fusca Walckenaer, 1837",Scytodes fusca,5169044,5169044,50c9509d-22c7-4a22-a47d-8c48425ef4a7,https://www.inaturalist.org/observations/249935992,HUMAN_OBSERVATION,PT,Évora,,-7.570008,38.714814,4.0,,"[""COORDINATE_ROUNDED"", ""CONTINENT_DERIVED_FROM_COORDINATES"", ""TAXON_ID_NOT_FOUND""]",2024-10-31
5076783897,"Scytodes fusca Walckenaer, 1837",Scytodes fusca,5169044,5169044,50c9509d-22c7-4a22-a47d-8c48425ef4a7,https://www.inaturalist.org/observations/248185069,HUMAN_OBSERVATION,BR,Santa Catarina,,-49.278921,-26.794102,2087.0,,"[""COORDINATE_ROUNDED"", ""CONTINENT_DERIVED_FROM_COORDINATES"", ""TAXON_ID_NOT_FOUND""]",2024-10-18T04:19:49
6518730523,"Scytodes fusca Walckenaer, 1837",Scytodes fusca,5169044,5169044,50c9509d-22c7-4a22-a47d-8c48425ef4a7,https://www.inaturalist.org/observations/247243057,HUMAN_OBSERVATION,BR,Pernambuco,,-35.508894,-8.2408,75.0,,"[""COORDINATE_ROUNDED"", ""CONTINENT_DERIVED_FROM_COORDINATES"", ""TAXON_ID_NOT_FOUND""]",2024-10-13T19:43:12
6518910426,"Scytodes fusca Walckenaer, 1837",Scytodes fusca,5169044,5169044,50c9509d-22c7-4a22-a47d-8c48425ef4a7,https://www.inaturalist.org/observations/248681439,HUMAN_OBSERVATION,BR,São Paulo,,-47.396939,-22.356975,,,"[""COORDINATE_ROUNDED"", ""CONTINENT_DERIVED_FROM_COORDINATES"", ""TAXON_ID_NOT_FOUND""]",2024-10-22T22:21:27
4978665679,"Scytodes fusca Walckenaer, 1837",Scytodes fusca,5169044,5169044,50c9509d-22c7-4a22-a47d-8c48425ef4a7,https://www.inaturalist.org/observations/249995765,HUMAN_OBSERVATION,US,Florida,,-81.911112,26.543656,33.0,,"[""COORDINATE_ROUNDED"", ""CONTINENT_DERIVED_FROM_COORDINATES"", ""TAXON_ID_NOT_FOUND""]",2024-11-01T08:21:17
4980317856,"Scytodes fusca Walckenaer, 1837",Scytodes fusca,5169044,5169044,50c9509d-22c7-4a22-a47d-8c48425ef4a7,https://www.inaturalist.org/observations/251045102,HUMAN_OBSERVATION,BR,Bahia,,-38.238126,-12.833122,7.0,,"[""COORDINATE_ROUNDED"", ""CONTINENT_DERIVED_FROM_COORDINATES"", ""TAXON_ID_NOT_FOUND""]",2024-11-09T13:27:46
4987597097,"Scytodes fusca Walckenaer, 1837",Scytodes fusca,5169044,5169044,50c9509d-22c7-4a22-a47d-8c48425ef4a7,https://www.inaturalist.org/observations/252652972,HUMAN_OBSERVATION,BR,Ceará,,-38.949945,-4.224508,64.0,,"[""COORDINATE_ROUNDED"", ""CONTINENT_DERIVED_FROM_COORDINATES"", ""TAXON_ID_NOT_FOUND""]",2024-11-15T22:35
4987792369,"Scytodes fusca Walckenaer, 1837",Scytodes fusca,5169044,5169044,50c9509d-22c7-4a22-a47d-8c48425ef4a7,https://www.inaturalist.org/observations/253134958,HUMAN_OBSERVATION,BR,Espírito Santo,,-41.686956,-20.781919,24.0,,"[""COORDINATE_ROUNDED"", ""CONTINENT_DERIVED_FROM_COORDINATES"", ""TAXON_ID_NOT_FOUND""]",2024-11-26T01:40
4994020348,"Scytodes fusca Walckenaer, 1837",Scytodes fusca,5169044,5169044,50c9509d-22c7-4a22-a47d-8c48425ef4a7,https://www.inaturalist.org/observations/253667684,HUMAN_OBSERVATION,BR,Distrito Federal,,-47.834195,-15.685491,20.0,,"[""COORDINATE_ROUNDED"", ""CONTINENT_DERIVED_FROM_COORDINATES"", ""TAXON_ID_NOT_FOUND""]",2024-11-29T07:45:52
4994035840,"Scytodes fusca Walckenaer, 1837",Scytodes fusca,5169044,5169044,50c9509d-22c7-4a22-a47d-8c48425ef4a7,https://www.inaturalist.org/observations/254022999,HUMAN_OBSERVATION,VE,Carabobo,,-68.017024,10.275113,6.0,,"[""COORDINATE_ROUNDED"", ""CONTINENT_DERIVED_FROM_COORDINATES"", ""TAXON_ID_NOT_FOUND""]",2024-11-25T10:10:24
5008326494,"Scytodes fusca Walckenaer, 1837",Scytodes fusca,5169044,5169044,50c9509d-22c7-4a22-a47d-8c48425ef4a7,https://www.inaturalist.org/observations/254947709,HUMAN_OBSERVATION,BR,Espírito Santo,,-41.686956,-20.781919,24.0,,"[""COORDINATE_ROUNDED"", ""CONTINENT_DERIVED_FROM_COORDINATES"", ""TAXON_ID_NOT_FOUND""]",2024-11-29T22:25:47
5063375737,"Scytodes fusca Walckenaer, 1837",Scytodes fusca,5169044,5169044,50c9509d-22c7-4a22-a47d-8c48425ef4a7,https://www.inaturalist.org/observations/259487146,HUMAN_OBSERVATION,BR,São Paulo,,-46.640479,-23.548104,,,"[""COORDINATE_ROUNDED"", ""CONTINENT_DERIVED_FROM_COORDINATES"", ""TAXON_ID_NOT_FOUND""]",2024-11-28T22:03:54
5133516698,"Scytodes fusca Walckenaer, 1837",Scytodes fusca,5169044,5169044,50c9509d-22c7-4a22-a47d-8c48425ef4a7,https://www.inaturalist.org/observations/251351771,HUMAN_OBSERVATION,US,Florida,,-81.382712,24.709133,,,"[""COORDINATE_ROUNDED"", ""CONTINENT_DERIVED_FROM_COORDINATES"", ""TAXON_ID_NOT_FOUND""]",2024-11-09T18:45
5133671749,"Scytodes fusca Walckenaer, 1837",Scytodes fusca,5169044,5169044,50c9509d-22c7-4a22-a47d-8c48425ef4a7,https://www.inaturalist.org/observations/253288511,HUMAN_OBSERVATION,US,Florida,,-82.490504,28.120575,29656.0,,"[""COORDINATE_ROUNDED"", ""CONTINENT_DERIVED_FROM_COORDINATES"", ""TAXON_ID_NOT_FOUND""]",2024-11-27T09:12:10
5167039797,"Scytodes fusca Walckenaer, 1837",Scytodes fusca,5169044,5169044,50c9509d-22c7-4a22-a47d-8c48425ef4a7,https://www.inaturalist.org/observations/253115748,HUMAN_OBSERVATION,TT,Diego Martin,,-61.758572,10.673921,193.0,,"[""COORDINATE_ROUNDED"", ""CONTINENT_DERIVED_FROM_COORDINATES"", ""TAXON_ID_NOT_FOUND""]",2024-11-24T14:53:50
6498105216,"Scytodes fusca Walckenaer, 1837",Scytodes fusca,5169044,5169044,50c9509d-22c7-4a22-a47d-8c48425ef4a7,https://www.inaturalist.org/observations/251554512,HUMAN_OBSERVATION,BR,São Paulo,,-47.883535,-22.003412,21.0,,"[""COORDINATE_ROUNDED"", ""CONTINENT_DERIVED_FROM_COORDINATES"", ""TAXON_ID_NOT_FOUND""]",2024-11-13T09:18:26
6499320485,"Scytodes fusca Walckenaer, 1837",Scytodes fusca,5169044,5169044,50c9509d-22c7-4a22-a47d-8c48425ef4a7,https://www.inaturalist.org/observations/250851665,HUMAN_OBSERVATION,BR,São Paulo,,-47.883319,-22.00326,21.0,,"[""COORDINATE_ROUNDED"", ""CONTINENT_DERIVED_FROM_COORDINATES"", ""TAXON_ID_NOT_FOUND""]",2024-11-07T20:33:08
4993813600,"Scytodes fusca Walckenaer, 1837",Scytodes fusca,5169044,5169044,50c9509d-22c7-4a22-a47d-8c48425ef4a7,https://www.inaturalist.org/observations/254257986,HUMAN_OBSERVATION,BR,São Paulo,,-46.79765,-23.55401,32.0,,"[""COORDINATE_ROUNDED"", ""CONTINENT_DERIVED_FROM_COORDINATES"", ""TAXON_ID_NOT_FOUND""]",2024-12-05T21:44:30
4993968223,"Scytodes fusca Walckenaer, 1837",Scytodes fusca,5169044,5169044,50c9509d-22c7-4a22-a47d-8c48425ef4a7,https://www.inaturalist.org/observations/254575922,HUMAN_OBSERVATION,BR,Ceará,,-38.470775,-3.830793,273.0,,"[""COORDINATE_ROUNDED"", ""CONTINENT_DERIVED_FROM_COORDINATES"", ""TAXON_ID_NOT_FOUND""]",2024-12-06T09:10
4994005289,"Scytodes fusca Walckenaer, 1837",Scytodes fusca,5169044,5169044,50c9509d-22c7-4a22-a47d-8c48425ef4a7,https://www.inaturalist.org/observations/254318927,HUMAN_OBSERVATION,BR,São Paulo,,-47.648032,-22.734396,17881.0,,"[""COORDINATE_ROUNDED"", ""CONTINENT_DERIVED_FROM_COORDINATES"", ""TAXON_ID_NOT_FOUND""]",2024-12-06T14:46:07
4994170421,"Scytodes fusca Walckenaer, 1837",Scytodes fusca,5169044,5169044,50c9509d-22c7-4a22-a47d-8c48425ef4a7,https://www.inaturalist.org/observations/253948791,HUMAN_OBSERVATION,BR,São Paulo,,-46.627231,-23.48815,,,"[""COORDINATE_ROUNDED"", ""CONTINENT_DERIVED_FROM_COORDINATES"", ""TAXON_ID_NOT_FOUND""]",2024-12-02T21:36
5006778613,"Scytodes fusca Walckenaer, 1837",Scytodes fusca,5169044,5169044,50c9509d-22c7-4a22-a47d-8c48425ef4a7,https://www.inaturalist.org/observations/256005002,HUMAN_OBSERVATION,BR,Minas Gerais,,-44.316761,-22.023323,,,"[""COORDINATE_ROUNDED"", ""CONTINENT_DERIVED_FROM_COORDINATES"", ""TAXON_ID_NOT_FOUND""]",2024-12-23T15:24:29
5007027418,"Scytodes fusca Walckenaer, 1837",Scytodes fusca,5169044,5169044,50c9509d-22c7-4a22-a47d-8c48425ef4a7,https://www.inaturalist.org/observations/255501554,HUMAN_OBSERVATION,BR,Ceará,,-38.605038,-3.937912,394.0,,"[""COORDINATE_ROUNDED"", ""CONTINENT_DERIVED_FROM_COORDINATES"", ""TAXON_ID_NOT_FOUND""]",2024-12-12T17:21
5007134016,"Scytodes fusca Walckenaer, 1837",Scytodes fusca,5169044,5169044,50c9509d-22c7-4a22-a47d-8c48425ef4a7,https://www.inaturalist.org/observations/254846140,HUMAN_OBSERVATION,BR,Ceará,,-38.485526,-3.749818,366.0,,"[""COORDINATE_ROUNDED"", ""CONTINENT_DERIVED_FROM_COORDINATES"", ""TAXON_ID_NOT_FOUND""]",2024-12-10T08:38
5007139245,"Scytodes fusca Walckenaer, 1837",Scytodes fusca,5169044,5169044,50c9509d-22c7-4a22-a47d-8c48425ef4a7,https://www.inaturalist.org/observations/256306567,HUMAN_OBSERVATION,PT,Évora,,-7.47069,38.364279,2.0,,"[""COORDINATE_ROUNDED"", ""CONTINENT_DERIVED_FROM_COORDINATES"", ""TAXON_ID_NOT_FOUND""]",2024-12-26
5007164150,"Scytodes fusca Walckenaer, 1837",Scytodes fusca,5169044,5169044,50c9509d-22c7-4a22-a47d-8c48425ef4a7,https://www.inaturalist.org/observations/256620699,HUMAN_OBSERVATION,BR,Espírito Santo,,-40.783295,-20.890317,9.0,,"[""COORDINATE_ROUNDED"", ""CONTINENT_DERIVED_FROM_COORDINATES"", ""TAXON_ID_NOT_FOUND""]",2024-12-29T09:01:52
5007321387,"Scytodes fusca Walckenaer, 1837",Scytodes fusca,5169044,5169044,50c9509d-22c7-4a22-a47d-8c48425ef4a7,https://www.inaturalist.org/observations/254998070,HUMAN_OBSERVATION,US,Florida,,-82.812598,27.835928,283.0,,"[""COORDINATE_ROUNDED"", ""CONTINENT_DERIVED_FROM_COORDINATES"", ""TAXON_ID_NOT_FOUND""]",2024-12-13T12:11:09
5007547514,"Scytodes fusca Walckenaer, 1837",Scytodes fusca,5169044,5169044,50c9509d-22c7-4a22-a47d-8c48425ef4a7,https://www.inaturalist.org/observations/255914951,HUMAN_OBSERVATION,BR,Ceará,,-38.488231,-3.81333,112.0,,"[""COORDINATE_ROUNDED"", ""CONTINENT_DERIVED_FROM_COORDINATES"", ""TAXON_ID_NOT_FOUND""]",2024-12-17T09:46
5007695263,"Scytodes fusca Walckenaer, 1837",Scytodes fusca,5169044,5169044,50c9509d-22c7-4a22-a47d-8c48425ef4a7,https://www.inaturalist.org/observations/256826642,HUMAN_OBSERVATION,BR,São Paulo,,-45.10835,-22.726772,,,"[""COORDINATE_ROUNDED"", ""CONTINENT_DERIVED_FROM_COORDINATES"", ""TAXON_ID_NOT_FOUND""]",2024-12-30T22:06:33
5007754943,"Scytodes fusca Walckenaer, 1837",Scytodes fusca,5169044,5169044,50c9509d-22c7-4a22-a47d-8c48425ef4a7,https://www.inaturalist.org/observations/256864508,HUMAN_OBSERVATION,BR,São Paulo,,-49.053551,-22.293242,,,"[""COORDINATE_ROUNDED"", ""CONTINENT_DERIVED_FROM_COORDINATES"", ""TAXON_ID_NOT_FOUND""]",2024-12-31T06:04:06
5008047931,"Scytodes fusca Walckenaer, 1837",Scytodes fusca,5169044,5169044,50c9509d-22c7-4a22-a47d-8c48425ef4a7,https://www.inaturalist.org/observations/255403326,HUMAN_OBSERVATION,BR,São Paulo,,-46.791631,-23.531808,8748.0,,"[""COORDINATE_ROUNDED"", ""CONTINENT_DERIVED_FROM_COORDINATES"", ""TAXON_ID_NOT_FOUND""]",2024-12-17T13:32
5008089793,"Scytodes fusca Walckenaer, 1837",Scytodes fusca,5169044,5169044,50c9509d-22c7-4a22-a47d-8c48425ef4a7,https://www.inaturalist.org/observations/255216782,HUMAN_OBSERVATION,BR,São Paulo,,-46.786238,-21.96704,8.0,,"[""COORDINATE_ROUNDED"", ""CONTINENT_DERIVED_FROM_COORDINATES"", ""TAXON_ID_NOT_FOUND""]",2024-12-15T17:48:45
5008437819,"Scytodes fusca Walckenaer, 1837",Scytodes fusca,5169044,5169044,50c9509d-22c7-4a22-a47d-8c48425ef4a7,https://www.inaturalist.org/observations/256516479,HUMAN_OBSERVATION,BR,São Paulo,,-47.807862,-21.20573,19.0,,"[""COORDINATE_ROUNDED"", ""CONTINENT_DERIVED_FROM_COORDINATES"", ""TAXON_ID_NOT_FOUND""]",2024-12-28T13:46:06
5087479016,"Scytodes fusca Walckenaer, 1837",Scytodes fusca,5169044,5169044,50c9509d-22c7-4a22-a47d-8c48425ef4a7,https://www.inaturalist.org/observations/263811676,HUMAN_OBSERVATION,BR,São Paulo,,-45.565903,-23.782937,19.0,,"[""COORDINATE_ROUNDED"", ""CONTINENT_DERIVED_FROM_COORDINATES"", ""TAXON_ID_NOT_FOUND""]",2024-12-25T21:55:57
5133529988,"Scytodes fusca Walckenaer, 1837",Scytodes fusca,5169044,5169044,50c9509d-22c7-4a22-a47d-8c48425ef4a7,https://www.inaturalist.org/observations/255816619,HUMAN_OBSERVATION,US,Florida,,-80.139982,26.83628,6.0,,"[""COORDINATE_ROUNDED"", ""CONTINENT_DERIVED_FROM_COORDINATES"", ""TAXON_ID_NOT_FOUND""]",2024-12-21T18:41:44
4014887280,"Scytodes fusca Walckenaer, 1837",Scytodes fusca,5169044,5169044,50c9509d-22c7-4a22-a47d-8c48425ef4a7,https://www.inaturalist.org/observations/146148054,HUMAN_OBSERVATION,BR,Pernambuco,,-37.08418,-8.564544,244.0,,"[""COORDINATE_ROUNDED"", ""CONTINENT_DERIVED_FROM_COORDINATES"", ""TAXON_ID_NOT_FOUND""]",2023-01-06T21:38
4014920031,"Scytodes fusca Walckenaer, 1837",Scytodes fusca,5169044,5169044,50c9509d-22c7-4a22-a47d-8c48425ef4a7,https://www.inaturalist.org/observations/145956595,HUMAN_OBSERVATION,US,Florida,,-81.062707,24.638976,30047.0,,"[""COORDINATE_ROUNDED"", ""TAXON_ID_NOT_FOUND""]",2023-01-05T13:39:42
4014990733,"Scytodes fusca Walckenaer, 1837",Scytodes fusca,5169044,5169044,50c9509d-22c7-4a22-a47d-8c48425ef4a7,https://www.inaturalist.org/observations/145629091,HUMAN_OBSERVATION,US,Florida,,-80.31897,25.907875,7.0,,"[""CONTINENT_DERIVED_FROM_COORDINATES"", ""TAXON_ID_NOT_FOUND""]",2023-01-01T20:34:24
4015219006,"Scytodes fusca Walckenaer, 1837",Scytodes fusca,5169044,5169044,50c9509d-22c7-4a22-a47d-8c48425ef4a7,https://www.inaturalist.org/observations/145929958,HUMAN_OBSERVATION,US,Florida,,-81.011284,24.748552,30047.0,,"[""COORDINATE_ROUNDED"", ""CONTINENT_DERIVED_FROM_COORDINATES"", ""TAXON_ID_NOT_FOUND""]",2023-01-05T13:31:28
4015273996,"Scytodes fusca Walckenaer, 1837",Scytodes fusca,5169044,5169044,50c9509d-22c7-4a22-a47d-8c48425ef4a7,https://www.inaturalist.org/observations/145928172,HUMAN_OBSERVATION,CW,,,-68.902378,12.139139,,,"[""COORDINATE_ROUNDED"", ""CONTINENT_DERIVED_FROM_COORDINATES"", ""TAXON_ID_NOT_FOUND""]",2023-01-05T16:54:19
4018378404,"Scytodes fusca Walckenaer, 1837",Scytodes fusca,5169044,5169044,50c9509d-22c7-4a22-a47d-8c48425ef4a7,https://www.inaturalist.org/observations/146693798,HUMAN_OBSERVATION,BR,Ceará,,-38.471118,-3.831221,407.0,,"[""COORDINATE_ROUNDED"", ""CONTINENT_DERIVED_FROM_COORDINATES"", ""TAXON_ID_NOT_FOUND""]",2023-01-10T08:53
4018470390,"Scytodes fusca Walckenaer, 1837",Scytodes fusca,5169044,5169044,50c9509d-22c7-4a22-a47d-8c48425ef4a7,https://www.inaturalist.org/observations/146693818,HUMAN_OBSERVATION,BR,Ceará,,-38.471118,-3.831221,407.0,,"[""COORDINATE_ROUNDED"", ""CONTINENT_DERIVED_FROM_COORDINATES"", ""TAXON_ID_NOT_FOUND""]",2023-01-10T09:14
4018535335,"Scytodes fusca Walckenaer, 1837",Scytodes fusca,5169044,5169044,50c9509d-22c7-4a22-a47d-8c48425ef4a7,https://www.inaturalist.org/observations/146693598,HUMAN_OBSERVATION,BR,Ceará,,-38.471118,-3.831221,407.0,,"[""COORDINATE_ROUNDED"", ""CONTINENT_DERIVED_FROM_COORDINATES"", ""TAXON_ID_NOT_FOUND""]",2023-01-10T07:50
4018649377,"Scytodes fusca Walckenaer, 1837",Scytodes fusca,5169044,5169044,50c9509d-22c7-4a22-a47d-8c48425ef4a7,https://www.inaturalist.org/observations/146694078,HUMAN_OBSERVATION,BR,Ceará,,-38.471118,-3.831221,407.0,,"[""COORDINATE_ROUNDED"", ""CONTINENT_DERIVED_FROM_COORDINATES"", ""TAXON_ID_NOT_FOUND""]",2023-01-10T13:22
4021992834,"Scytodes fusca Walckenaer, 1837",Scytodes fusca,5169044,5169044,50c9509d-22c7-4a22-a47d-8c48425ef4a7,https://www.inaturalist.org/observations/146314503,HUMAN_OBSERVATION,EC,El Oro,,-79.898991,-3.290042,15.0,,"[""COORDINATE_ROUNDED"", ""CONTINENT_DERIVED_FROM_COORDINATES"", ""TAXON_ID_NOT_FOUND""]",2023-01-10T22:42:51
4022222842,"Scytodes fusca Walckenaer, 1837",Scytodes fusca,5169044,5169044,50c9509d-22c7-4a22-a47d-8c48425ef4a7,https://www.inaturalist.org/observations/146760883,HUMAN_OBSERVATION,MM,Yangon,,96.45292,16.522353,14.0,,"[""COORDINATE_ROUNDED"", ""CONTINENT_DERIVED_FROM_COORDINATES"", ""TAXON_ID_NOT_FOUND""]",2023-01-17T20:50:21
4022363734,"Scytodes fusca Walckenaer, 1837",Scytodes fusca,5169044,5169044,50c9509d-22c7-4a22-a47d-8c48425ef4a7,https://www.inaturalist.org/observations/147230584,HUMAN_OBSERVATION,BR,Pernambuco,,-35.855991,-8.693935,,,"[""COORDINATE_ROUNDED"", ""CONTINENT_DERIVED_FROM_COORDINATES"", ""TAXON_ID_NOT_FOUND""]",2023-01-23T21:34:47
4028810691,"Scytodes fusca Walckenaer, 1837",Scytodes fusca,5169044,5169044,50c9509d-22c7-4a22-a47d-8c48425ef4a7,https://www.inaturalist.org/observations/147289916,HUMAN_OBSERVATION,IN,Karnataka,,77.75033,12.908271,31057.0,,"[""COORDINATE_ROUNDED"", ""CONTINENT_DERIVED_FROM_COORDINATES"", ""TAXON_ID_NOT_FOUND""]",2023-01-25T02:07:27
4028954559,"Scytodes fusca Walckenaer, 1837",Scytodes fusca,5169044,5169044,50c9509d-22c7-4a22-a47d-8c48425ef4a7,https://www.inaturalist.org/observations/147433920,HUMAN_OBSERVATION,BR,Ceará,,-38.499886,-3.754822,272.0,,"[""COORDINATE_ROUNDED"", ""CONTINENT_DERIVED_FROM_COORDINATES"", ""TAXON_ID_NOT_FOUND""]",2023-01-17T16:31
4028956583,"Scytodes fusca Walckenaer, 1837",Scytodes fusca,5169044,5169044,50c9509d-22c7-4a22-a47d-8c48425ef4a7,https://www.inaturalist.org/observations/147364089,HUMAN_OBSERVATION,US,Florida,,-80.095024,26.37464,12.0,,"[""COORDINATE_ROUNDED"", ""CONTINENT_DERIVED_FROM_COORDINATES"", ""TAXON_ID_NOT_FOUND""]",2023-01-24
4029024670,"Scytodes fusca Walckenaer, 1837",Scytodes fusca,5169044,5169044,50c9509d-22c7-4a22-a47d-8c48425ef4a7,https://www.inaturalist.org/observations/147433862,HUMAN_OBSERVATION,BR,Ceará,,-38.499886,-3.754822,272.0,,"[""COORDINATE_ROUNDED"", ""CONTINENT_DERIVED_FROM_COORDINATES"", ""TAXON_ID_NOT_FOUND""]",2023-01-17T15:34
4029209488,"Scytodes fusca Walckenaer, 1837",Scytodes fusca,5169044,5169044,50c9509d-22c7-4a22-a47d-8c48425ef4a7,https://www.inaturalist.org/observations/147756423,HUMAN_OBSERVATION,BR,São Paulo,,-46.72101,-23.563486,2599.0,,"[""COORDINATE_ROUNDED"", ""CONTINENT_DERIVED_FROM_COORDINATES"", ""TAXON_ID_NOT_FOUND""]",2023-01-30T22:12:04
4034621677,"Scytodes fusca Walckenaer, 1837",Scytodes fusca,5169044,5169044,50c9509d-22c7-4a22-a47d-8c48425ef4a7,https://www.inaturalist.org/observations/147858773,HUMAN_OBSERVATION,MX,San Luis Potosí,,-100.986999,22.157183,,,"[""COORDINATE_ROUNDED"", ""CONTINENT_DERIVED_FROM_COORDINATES"", ""TAXON_ID_NOT_FOUND""]",2023-01-31T15:57
4512489601,"Scytodes fusca Walckenaer, 1837",Scytodes fusca,5169044,5169044,6687db33-124a-477c-8353-2fc4efb525d5,JorgenLissner-Araneae-JL13668,PRESERVED_SPECIMEN,DK,,"Skanderborg, Vestergade, Lidl blomsterafdeling",9.91401,56.03862,,,"[""TAXON_ID_NOT_FOUND"", ""OCCURRENCE_STATUS_INFERRED_FROM_INDIVIDUAL_COUNT""]",2023-01-27
4872250453,"Scytodes fusca Walckenaer, 1837",Scytodes fusca,5169044,5169044,50c9509d-22c7-4a22-a47d-8c48425ef4a7,https://www.inaturalist.org/observations/146503528,HUMAN_OBSERVATION,BR,São Paulo,,-46.383402,-23.97043,48.0,,"[""COORDINATE_ROUNDED"", ""CONTINENT_DERIVED_FROM_COORDINATES"", ""TAXON_ID_NOT_FOUND""]",2023-01-13T23:05:16
4029275602,"Scytodes fusca Walckenaer, 1837",Scytodes fusca,5169044,5169044,50c9509d-22c7-4a22-a47d-8c48425ef4a7,https://www.inaturalist.org/observations/148213036,HUMAN_OBSERVATION,US,Florida,,-82.675366,27.997642,29680.0,,"[""COORDINATE_ROUNDED"", ""CONTINENT_DERIVED_FROM_COORDINATES"", ""TAXON_ID_NOT_FOUND""]",2023-02-01T17:16
4034720808,"Scytodes fusca Walckenaer, 1837",Scytodes fusca,5169044,5169044,50c9509d-22c7-4a22-a47d-8c48425ef4a7,https://www.inaturalist.org/observations/148338571,HUMAN_OBSERVATION,BR,Ceará,,-38.607711,-3.942151,177.0,,"[""COORDINATE_ROUNDED"", ""CONTINENT_DERIVED_FROM_COORDINATES"", ""TAXON_ID_NOT_FOUND""]",2023-02-02T18:07
4034762925,"Scytodes fusca Walckenaer, 1837",Scytodes fusca,5169044,5169044,50c9509d-22c7-4a22-a47d-8c48425ef4a7,https://www.inaturalist.org/observations/148338568,HUMAN_OBSERVATION,BR,Ceará,,-38.607711,-3.942151,177.0,,"[""COORDINATE_ROUNDED"", ""CONTINENT_DERIVED_FROM_COORDINATES"", ""TAXON_ID_NOT_FOUND""]",2023-02-02T18:02
4034960676,"Scytodes fusca Walckenaer, 1837",Scytodes fusca,5169044,5169044,50c9509d-22c7-4a22-a47d-8c48425ef4a7,https://www.inaturalist.org/observations/148687403,HUMAN_OBSERVATION,US,Florida,,-80.15688,25.666697,21.0,,"[""COORDINATE_ROUNDED"", ""CONTINENT_DERIVED_FROM_COORDINATES"", ""TAXON_ID_NOT_FOUND""]",2023-02-12
4034966748,"Scytodes fusca Walckenaer, 1837",Scytodes fusca,5169044,5169044,50c9509d-22c7-4a22-a47d-8c48425ef4a7,https://www.inaturalist.org/observations/148654115,HUMAN_OBSERVATION,BR,Distrito Federal,,-47.852404,-15.671035,8.0,,"[""COORDINATE_ROUNDED"", ""CONTINENT_DERIVED_FROM_COORDINATES"", ""TAXON_ID_NOT_FOUND""]",2023-02-12T21:46:55
4035002864,"Scytodes fusca Walckenaer, 1837",Scytodes fusca,5169044,5169044,50c9509d-22c7-4a22-a47d-8c48425ef4a7,https://www.inaturalist.org/observations/148698631,HUMAN_OBSERVATION,BR,Ceará,,-38.606303,-3.936567,326.0,,"[""COORDINATE_ROUNDED"", ""CONTINENT_DERIVED_FROM_COORDINATES"", ""TAXON_ID_NOT_FOUND""]",2023-02-03T17:55
4035020752,"Scytodes fusca Walckenaer, 1837",Scytodes fusca,5169044,5169044,50c9509d-22c7-4a22-a47d-8c48425ef4a7,https://www.inaturalist.org/observations/148665777,HUMAN_OBSERVATION,US,Florida,,-80.273247,25.718637,14.0,,"[""COORDINATE_ROUNDED"", ""CONTINENT_DERIVED_FROM_COORDINATES"", ""TAXON_ID_NOT_FOUND""]",2023-02-12T22:28:02
4039160827,"Scytodes fusca Walckenaer, 1837",Scytodes fusca,5169044,5169044,50c9509d-22c7-4a22-a47d-8c48425ef4a7,https://www.inaturalist.org/observations/149144835,HUMAN_OBSERVATION,US,Florida,,-82.571119,28.057882,1860.0,,"[""CONTINENT_DERIVED_FROM_COORDINATES"", ""TAXON_ID_NOT_FOUND""]",2023-02-19T11:45:09
4039493580,"Scytodes fusca Walckenaer, 1837",Scytodes fusca,5169044,5169044,50c9509d-22c7-4a22-a47d-8c48425ef4a7,https://www.inaturalist.org/observations/149230441,HUMAN_OBSERVATION,BR,Santa Catarina,,-48.491777,-27.442647,1375.0,,"[""COORDINATE_ROUNDED"", ""CONTINENT_DERIVED_FROM_COORDINATES"", ""TAXON_ID_NOT_FOUND""]",2023-02-20T10:43:53
4046228885,"Scytodes fusca Walckenaer, 1837",Scytodes fusca,5169044,5169044,50c9509d-22c7-4a22-a47d-8c48425ef4a7,https://www.inaturalist.org/observations/149513570,HUMAN_OBSERVATION,BR,Ceará,,-38.471118,-3.831221,407.0,,"[""COORDINATE_ROUNDED"", ""CONTINENT_DERIVED_FROM_COORDINATES"", ""TAXON_ID_NOT_FOUND""]",2023-02-10T08:45
4046410855,"Scytodes fusca Walckenaer, 1837",Scytodes fusca,5169044,5169044,50c9509d-22c7-4a22-a47d-8c48425ef4a7,https://www.inaturalist.org/observations/149513636,HUMAN_OBSERVATION,BR,Ceará,,-38.471118,-3.831221,407.0,,"[""COORDINATE_ROUNDED"", ""CONTINENT_DERIVED_FROM_COORDINATES"", ""TAXON_ID_NOT_FOUND""]",2023-02-10T08:59
4046546844,"Scytodes fusca Walckenaer, 1837",Scytodes fusca,5169044,5169044,50c9509d-22c7-4a22-a47d-8c48425ef4a7,https://www.inaturalist.org/observations/149513533,HUMAN_OBSERVATION,BR,Ceará,,-38.471118,-3.831221,407.0,,"[""COORDINATE_ROUNDED"", ""CONTINENT_DERIVED_FROM_COORDINATES"", ""TAXON_ID_NOT_FOUND""]",2023-02-10T08:29
4046547020,"Scytodes fusca Walckenaer, 1837",Scytodes fusca,5169044,5169044,50c9509d-22c7-4a22-a47d-8c48425ef4a7,https://www.inaturalist.org/observations/149642813,HUMAN_OBSERVATION,BR,Espírito Santo,,-40.284063,-20.352058,11.0,,"[""COORDINATE_ROUNDED"", ""CONTINENT_DERIVED_FROM_COORDINATES"", ""TAXON_ID_NOT_FOUND""]",2023-02-25T12:52:17
4046556890,"Scytodes fusca Walckenaer, 1837",Scytodes fusca,5169044,5169044,50c9509d-22c7-4a22-a47d-8c48425ef4a7,https://www.inaturalist.org/observations/149514398,HUMAN_OBSERVATION,BR,Ceará,,-38.471118,-3.831221,407.0,,"[""COORDINATE_ROUNDED"", ""CONTINENT_DERIVED_FROM_COORDINATES"", ""TAXON_ID_NOT_FOUND""]",2023-02-10T13:30
4046670893,"Scytodes fusca Walckenaer, 1837",Scytodes fusca,5169044,5169044,50c9509d-22c7-4a22-a47d-8c48425ef4a7,https://www.inaturalist.org/observations/149513667,HUMAN_OBSERVATION,BR,Ceará,,-38.471118,-3.831221,407.0,,"[""COORDINATE_ROUNDED"", ""CONTINENT_DERIVED_FROM_COORDINATES"", ""TAXON_ID_NOT_FOUND""]",2023-02-10T09:06
4075796743,"Scytodes fusca Walckenaer, 1837",Scytodes fusca,5169044,5169044,50c9509d-22c7-4a22-a47d-8c48425ef4a7,https://www.inaturalist.org/observations/152524782,HUMAN_OBSERVATION,BR,Ceará,,-38.633333,-3.983333,2164.0,,"[""COORDINATE_ROUNDED"", ""CONTINENT_DERIVED_FROM_COORDINATES"", ""TAXON_ID_NOT_FOUND""]",2023-02-27T17:52
4075950800,"Scytodes fusca Walckenaer, 1837",Scytodes fusca,5169044,5169044,50c9509d-22c7-4a22-a47d-8c48425ef4a7,https://www.inaturalist.org/observations/152509372,HUMAN_OBSERVATION,BR,Ceará,,-38.633333,-3.983333,2164.0,,"[""COORDINATE_ROUNDED"", ""CONTINENT_DERIVED_FROM_COORDINATES"", ""TAXON_ID_NOT_FOUND""]",2023-02-27T16:50
4076369825,"Scytodes fusca Walckenaer, 1837",Scytodes fusca,5169044,5169044,50c9509d-22c7-4a22-a47d-8c48425ef4a7,https://www.inaturalist.org/observations/152524910,HUMAN_OBSERVATION,BR,Ceará,,-38.633333,-3.983333,2164.0,,"[""COORDINATE_ROUNDED"", ""CONTINENT_DERIVED_FROM_COORDINATES"", ""TAXON_ID_NOT_FOUND""]",2023-02-27T18:46
4500854760,"Scytodes fusca Walckenaer, 1837",Scytodes fusca,5169044,5169044,50c9509d-22c7-4a22-a47d-8c48425ef4a7,https://www.inaturalist.org/observations/194108059,HUMAN_OBSERVATION,BR,Rio de Janeiro,,-43.89873,-22.958228,,,"[""COORDINATE_ROUNDED"", ""CONTINENT_DERIVED_FROM_COORDINATES"", ""TAXON_ID_NOT_FOUND""]",2023-02-13T08:08
5759833594,"Scytodes fusca Walckenaer, 1837",Scytodes fusca,5169044,5169044,50c9509d-22c7-4a22-a47d-8c48425ef4a7,https://www.inaturalist.org/observations/311090456,HUMAN_OBSERVATION,BR,Santa Catarina,,-48.608005,-27.577595,17.0,,"[""CONTINENT_DERIVED_FROM_COORDINATES"", ""TAXON_ID_NOT_FOUND""]",2023-02-13T11:10:49
4062755210,"Scytodes fusca Walckenaer, 1837",Scytodes fusca,5169044,5169044,50c9509d-22c7-4a22-a47d-8c48425ef4a7,https://www.inaturalist.org/observations/150972197,HUMAN_OBSERVATION,BR,Rio de Janeiro,,-43.049738,-22.557427,1.0,,"[""COORDINATE_ROUNDED"", ""CONTINENT_DERIVED_FROM_COORDINATES"", ""TAXON_ID_NOT_FOUND""]",2023-03-11T14:44
4062914715,"Scytodes fusca Walckenaer, 1837",Scytodes fusca,5169044,5169044,50c9509d-22c7-4a22-a47d-8c48425ef4a7,https://www.inaturalist.org/observations/150608389,HUMAN_OBSERVATION,BR,Rio Grande do Norte,,-35.20972,-5.905892,1.0,,"[""COORDINATE_ROUNDED"", ""CONTINENT_DERIVED_FROM_COORDINATES"", ""TAXON_ID_NOT_FOUND""]",2023-03-08T17:57
4067236913,"Scytodes fusca Walckenaer, 1837",Scytodes fusca,5169044,5169044,50c9509d-22c7-4a22-a47d-8c48425ef4a7,https://www.inaturalist.org/observations/151229725,HUMAN_OBSERVATION,US,Florida,,-82.534248,27.305876,19.0,,"[""COORDINATE_ROUNDED"", ""CONTINENT_DERIVED_FROM_COORDINATES"", ""TAXON_ID_NOT_FOUND""]",2023-03-15T14:40:09
4067293054,"Scytodes fusca Walckenaer, 1837",Scytodes fusca,5169044,5169044,50c9509d-22c7-4a22-a47d-8c48425ef4a7,https://www.inaturalist.org/observations/151343331,HUMAN_OBSERVATION,BR,São Paulo,,-50.550484,-20.685685,87.0,,"[""COORDINATE_ROUNDED"", ""CONTINENT_DERIVED_FROM_COORDINATES"", ""TAXON_ID_NOT_FOUND""]",2023-03-16T20:20
4075748070,"Scytodes fusca Walckenaer, 1837",Scytodes fusca,5169044,5169044,50c9509d-22c7-4a22-a47d-8c48425ef4a7,https://www.inaturalist.org/observations/151945159,HUMAN_OBSERVATION,US,Florida,,-81.830555,26.571168,4023.0,,"[""COORDINATE_ROUNDED"", ""CONTINENT_DERIVED_FROM_COORDINATES"", ""TAXON_ID_NOT_FOUND""]",2023-03-22T13:46:40
4075789005,"Scytodes fusca Walckenaer, 1837",Scytodes fusca,5169044,5169044,50c9509d-22c7-4a22-a47d-8c48425ef4a7,https://www.inaturalist.org/observations/152717953,HUMAN_OBSERVATION,BR,São Paulo,,-47.315997,-22.801,15.0,,"[""COORDINATE_ROUNDED"", ""CONTINENT_DERIVED_FROM_COORDINATES"", ""TAXON_ID_NOT_FOUND""]",2023-03-28T07:26:19
4075901786,"Scytodes fusca Walckenaer, 1837",Scytodes fusca,5169044,5169044,50c9509d-22c7-4a22-a47d-8c48425ef4a7,https://www.inaturalist.org/observations/152474562,HUMAN_OBSERVATION,BR,Ceará,,-38.4533,-3.778149,,,"[""COORDINATE_ROUNDED"", ""CONTINENT_DERIVED_FROM_COORDINATES"", ""TAXON_ID_NOT_FOUND""]",2023-03-27T02:01:33
4091466216,"Scytodes fusca Walckenaer, 1837",Scytodes fusca,5169044,5169044,50c9509d-22c7-4a22-a47d-8c48425ef4a7,https://www.inaturalist.org/observations/155029282,HUMAN_OBSERVATION,CR,Cartago,,-83.702986,9.81248,32.0,,"[""COORDINATE_ROUNDED"", ""CONTINENT_DERIVED_FROM_COORDINATES"", ""TAXON_ID_NOT_FOUND""]",2023-03-29T19:18:28
4091931132,"Scytodes fusca Walckenaer, 1837",Scytodes fusca,5169044,5169044,50c9509d-22c7-4a22-a47d-8c48425ef4a7,https://www.inaturalist.org/observations/154911917,HUMAN_OBSERVATION,US,Hawaii,,-154.856403,19.553775,30562.0,,"[""COORDINATE_ROUNDED"", ""CONTINENT_DERIVED_FROM_COORDINATES"", ""TAXON_ID_NOT_FOUND""]",2023-03-31T11:25:33
4096697668,"Scytodes fusca Walckenaer, 1837",Scytodes fusca,5169044,5169044,50c9509d-22c7-4a22-a47d-8c48425ef4a7,https://www.inaturalist.org/observations/156485171,HUMAN_OBSERVATION,BR,Rio de Janeiro,,-43.208747,-22.115079,14940.0,,"[""COORDINATE_ROUNDED"", ""CONTINENT_DERIVED_FROM_COORDINATES"", ""TAXON_ID_NOT_FOUND""]",2023-03-04T01:58:38
5008150569,"Scytodes fusca Walckenaer, 1837",Scytodes fusca,5169044,5169044,50c9509d-22c7-4a22-a47d-8c48425ef4a7,https://www.inaturalist.org/observations/257647444,HUMAN_OBSERVATION,AU,Queensland,,145.57912,-17.27019,4.0,,"[""COORDINATE_ROUNDED"", ""CONTINENT_DERIVED_FROM_COORDINATES"", ""TAXON_ID_NOT_FOUND""]",2023-03-25T18:12
5133304190,"Scytodes fusca Walckenaer, 1837",Scytodes fusca,5169044,5169044,50c9509d-22c7-4a22-a47d-8c48425ef4a7,https://www.inaturalist.org/observations/151291854,HUMAN_OBSERVATION,US,Florida,,-81.904822,28.055905,4.0,,"[""COORDINATE_ROUNDED"", ""CONTINENT_DERIVED_FROM_COORDINATES"", ""TAXON_ID_NOT_FOUND""]",2023-03-16T07:55:13
4102619183,"Scytodes fusca Walckenaer, 1837",Scytodes fusca,5169044,5169044,50c9509d-22c7-4a22-a47d-8c48425ef4a7,https://www.inaturalist.org/observations/157296500,HUMAN_OBSERVATION,BR,Espírito Santo,,-41.672297,-20.769727,2353.0,,"[""COORDINATE_ROUNDED"", ""CONTINENT_DERIVED_FROM_COORDINATES"", ""TAXON_ID_NOT_FOUND""]",2023-04-12
4111857077,"Scytodes fusca Walckenaer, 1837",Scytodes fusca,5169044,5169044,50c9509d-22c7-4a22-a47d-8c48425ef4a7,https://www.inaturalist.org/observations/160663809,HUMAN_OBSERVATION,BR,São Paulo,,-48.275278,-21.34292,30396.0,,"[""COORDINATE_ROUNDED"", ""CONTINENT_DERIVED_FROM_COORDINATES"", ""TAXON_ID_NOT_FOUND""]",2023-04-18T19:16
4111902102,"Scytodes fusca Walckenaer, 1837",Scytodes fusca,5169044,5169044,50c9509d-22c7-4a22-a47d-8c48425ef4a7,https://www.inaturalist.org/observations/160622335,HUMAN_OBSERVATION,BR,Ceará,,-38.633333,-3.983333,2164.0,,"[""COORDINATE_ROUNDED"", ""CONTINENT_DERIVED_FROM_COORDINATES"", ""TAXON_ID_NOT_FOUND""]",2023-04-04T18:12
4138125037,"Scytodes fusca Walckenaer, 1837",Scytodes fusca,5169044,5169044,50c9509d-22c7-4a22-a47d-8c48425ef4a7,https://www.inaturalist.org/observations/168217786,HUMAN_OBSERVATION,DO,Independencia,,-71.575986,18.316181,,,"[""COORDINATE_ROUNDED"", ""CONTINENT_DERIVED_FROM_COORDINATES"", ""TAXON_ID_NOT_FOUND""]",2023-04-12T21:46
4405201533,"Scytodes fusca Walckenaer, 1837",Scytodes fusca,5169044,5169044,50c9509d-22c7-4a22-a47d-8c48425ef4a7,https://www.inaturalist.org/observations/157028645,HUMAN_OBSERVATION,GB,England,,-2.984571,51.356629,4.0,,"[""COORDINATE_ROUNDED"", ""CONTINENT_DERIVED_FROM_COORDINATES"", ""TAXON_ID_NOT_FOUND""]",2023-04-27T15:26
4405206537,"Scytodes fusca Walckenaer, 1837",Scytodes fusca,5169044,5169044,50c9509d-22c7-4a22-a47d-8c48425ef4a7,https://www.inaturalist.org/observations/157028212,HUMAN_OBSERVATION,GB,England,,-2.984571,51.356629,4.0,,"[""COORDINATE_ROUNDED"", ""CONTINENT_DERIVED_FROM_COORDINATES"", ""TAXON_ID_NOT_FOUND""]",2023-04-27T15:21
4937093366,"Scytodes fusca Walckenaer, 1837",Scytodes fusca,5169044,5169044,50c9509d-22c7-4a22-a47d-8c48425ef4a7,https://www.inaturalist.org/observations/153923453,HUMAN_OBSERVATION,BR,Goiás,,-47.773258,-16.112306,3.0,,"[""COORDINATE_ROUNDED"", ""CONTINENT_DERIVED_FROM_COORDINATES"", ""TAXON_ID_NOT_FOUND""]",2023-04-08T08:40:34
4111989322,"Scytodes fusca Walckenaer, 1837",Scytodes fusca,5169044,5169044,50c9509d-22c7-4a22-a47d-8c48425ef4a7,https://www.inaturalist.org/observations/159839290,HUMAN_OBSERVATION,BR,Minas Gerais,,-46.102463,-15.904808,,,"[""COORDINATE_ROUNDED"", ""CONTINENT_DERIVED_FROM_COORDINATES"", ""TAXON_ID_NOT_FOUND""]",2023-05-04T20:24:54
4112135245,"Scytodes fusca Walckenaer, 1837",Scytodes fusca,5169044,5169044,50c9509d-22c7-4a22-a47d-8c48425ef4a7,https://www.inaturalist.org/observations/159737829,HUMAN_OBSERVATION,BR,Minas Gerais,,-46.102441,-15.904786,,,"[""COORDINATE_ROUNDED"", ""CONTINENT_DERIVED_FROM_COORDINATES"", ""TAXON_ID_NOT_FOUND""]",2023-05-04T18:27:57
4121277126,"Scytodes fusca Walckenaer, 1837",Scytodes fusca,5169044,5169044,50c9509d-22c7-4a22-a47d-8c48425ef4a7,https://www.inaturalist.org/observations/162774641,HUMAN_OBSERVATION,BR,São Paulo,,-47.240015,-20.594437,30472.0,,"[""COORDINATE_ROUNDED"", ""CONTINENT_DERIVED_FROM_COORDINATES"", ""TAXON_ID_NOT_FOUND""]",2023-05-19T08:50:23
4127253146,"Scytodes fusca Walckenaer, 1837",Scytodes fusca,5169044,5169044,50c9509d-22c7-4a22-a47d-8c48425ef4a7,https://www.inaturalist.org/observations/164536280,HUMAN_OBSERVATION,BR,Espírito Santo,,-40.370124,-20.321246,30490.0,,"[""COORDINATE_ROUNDED"", ""CONTINENT_DERIVED_FROM_COORDINATES"", ""TAXON_ID_NOT_FOUND""]",2023-05-18T18:59:10
4127372840,"Scytodes fusca Walckenaer, 1837",Scytodes fusca,5169044,5169044,50c9509d-22c7-4a22-a47d-8c48425ef4a7,https://www.inaturalist.org/observations/164192194,HUMAN_OBSERVATION,CO,Risaralda,,-75.777782,4.801867,,,"[""COORDINATE_ROUNDED"", ""CONTINENT_DERIVED_FROM_COORDINATES"", ""TAXON_ID_NOT_FOUND""]",2023-05-26T07:08:08
4133754651,"Scytodes fusca Walckenaer, 1837",Scytodes fusca,5169044,5169044,50c9509d-22c7-4a22-a47d-8c48425ef4a7,https://www.inaturalist.org/observations/166083643,HUMAN_OBSERVATION,BR,Rio de Janeiro,,-41.405892,-21.444668,789.0,,"[""COORDINATE_ROUNDED"", ""CONTINENT_DERIVED_FROM_COORDINATES"", ""TAXON_ID_NOT_FOUND""]",2023-05-20T16:52:39
4145266430,"Scytodes fusca Walckenaer, 1837",Scytodes fusca,5169044,5169044,50c9509d-22c7-4a22-a47d-8c48425ef4a7,https://www.inaturalist.org/observations/166033948,HUMAN_OBSERVATION,GB,England,,-2.984571,51.356629,4.0,,"[""COORDINATE_ROUNDED"", ""CONTINENT_DERIVED_FROM_COORDINATES"", ""TAXON_ID_NOT_FOUND""]",2023-05-19T19:36
4405133419,"Scytodes fusca Walckenaer, 1837",Scytodes fusca,5169044,5169044,50c9509d-22c7-4a22-a47d-8c48425ef4a7,https://www.inaturalist.org/observations/163480725,HUMAN_OBSERVATION,VE,Miranda,,-66.831212,10.464822,15.0,,"[""COORDINATE_ROUNDED"", ""CONTINENT_DERIVED_FROM_COORDINATES"", ""TAXON_ID_NOT_FOUND""]",2023-05-24T08:38:18
4436063746,"Scytodes fusca Walckenaer, 1837",Scytodes fusca,5169044,5169044,50c9509d-22c7-4a22-a47d-8c48425ef4a7,https://www.inaturalist.org/observations/164852993,HUMAN_OBSERVATION,BR,São Paulo,,-46.710359,-23.611043,,,"[""COORDINATE_ROUNDED"", ""CONTINENT_DERIVED_FROM_COORDINATES"", ""TAXON_ID_NOT_FOUND""]",2023-05-31T15:57:56
4512490286,"Scytodes fusca Walckenaer, 1837",Scytodes fusca,5169044,5169044,6687db33-124a-477c-8353-2fc4efb525d5,JorgenLissner-Araneae-JL13794,PRESERVED_SPECIMEN,DK,,"Kastrup, Den Blå Planet",12.65633,55.63829,,,"[""TAXON_ID_NOT_FOUND"", ""OCCURRENCE_STATUS_INFERRED_FROM_INDIVIDUAL_COUNT""]",2023-05-23
5069726905,"Scytodes fusca Walckenaer, 1837",Scytodes fusca,5169044,5169044,50c9509d-22c7-4a22-a47d-8c48425ef4a7,https://www.inaturalist.org/observations/164215402,HUMAN_OBSERVATION,US,Florida,,-80.25663,25.70698,33.0,,"[""CONTINENT_DERIVED_FROM_COORDINATES"", ""TAXON_ID_NOT_FOUND""]",2023-05-28T11:11:11
5176997249,"Scytodes fusca Walckenaer, 1837",Scytodes fusca,5169044,5169044,50c9509d-22c7-4a22-a47d-8c48425ef4a7,https://www.inaturalist.org/observations/286580292,HUMAN_OBSERVATION,US,Florida,,-81.348289,28.600129,2389.0,,"[""CONTINENT_DERIVED_FROM_COORDINATES"", ""TAXON_ID_NOT_FOUND""]",2023-05-28T21:20:52
4133948597,"Scytodes fusca Walckenaer, 1837",Scytodes fusca,5169044,5169044,50c9509d-22c7-4a22-a47d-8c48425ef4a7,https://www.inaturalist.org/observations/166504017,HUMAN_OBSERVATION,BR,São Paulo,,-46.698801,-23.5473,4712.0,,"[""COORDINATE_ROUNDED"", ""CONTINENT_DERIVED_FROM_COORDINATES"", ""TAXON_ID_NOT_FOUND""]",2023-06-09T16:23:49
4138124296,"Scytodes fusca Walckenaer, 1837",Scytodes fusca,5169044,5169044,50c9509d-22c7-4a22-a47d-8c48425ef4a7,https://www.inaturalist.org/observations/168504308,HUMAN_OBSERVATION,BR,Espírito Santo,,-40.070246,-19.151753,,,"[""COORDINATE_ROUNDED"", ""CONTINENT_DERIVED_FROM_COORDINATES"", ""TAXON_ID_NOT_FOUND""]",2023-06-20T12:41:21
4138618159,"Scytodes fusca Walckenaer, 1837",Scytodes fusca,5169044,5169044,50c9509d-22c7-4a22-a47d-8c48425ef4a7,https://www.inaturalist.org/observations/168511710,HUMAN_OBSERVATION,BR,São Paulo,,-46.744156,-23.568727,324.0,,"[""COORDINATE_ROUNDED"", ""CONTINENT_DERIVED_FROM_COORDINATES"", ""TAXON_ID_NOT_FOUND""]",2023-06-20T13:28
4145254603,"Scytodes fusca Walckenaer, 1837",Scytodes fusca,5169044,5169044,50c9509d-22c7-4a22-a47d-8c48425ef4a7,https://www.inaturalist.org/observations/170388456,HUMAN_OBSERVATION,BR,São Paulo,,-46.718425,-23.582475,9.0,,"[""CONTINENT_DERIVED_FROM_COORDINATES"", ""TAXON_ID_NOT_FOUND""]",2023-06-30T23:43:51
4442351731,"Scytodes fusca Walckenaer, 1837",Scytodes fusca,5169044,5169044,50c9509d-22c7-4a22-a47d-8c48425ef4a7,https://www.inaturalist.org/observations/167978800,HUMAN_OBSERVATION,BR,Espírito Santo,,-40.322415,-20.246817,30490.0,,"[""COORDINATE_ROUNDED"", ""CONTINENT_DERIVED_FROM_COORDINATES"", ""TAXON_ID_NOT_FOUND""]",2023-06-13T18:54
4442370772,"Scytodes fusca Walckenaer, 1837",Scytodes fusca,5169044,5169044,50c9509d-22c7-4a22-a47d-8c48425ef4a7,https://www.inaturalist.org/observations/170726791,HUMAN_OBSERVATION,BR,Espírito Santo,,-40.347755,-20.314805,30490.0,,"[""COORDINATE_ROUNDED"", ""CONTINENT_DERIVED_FROM_COORDINATES"", ""TAXON_ID_NOT_FOUND""]",2023-06-20T20:07:34
4442405700,"Scytodes fusca Walckenaer, 1837",Scytodes fusca,5169044,5169044,50c9509d-22c7-4a22-a47d-8c48425ef4a7,https://www.inaturalist.org/observations/167979526,HUMAN_OBSERVATION,BR,Espírito Santo,,-40.212575,-20.205845,30490.0,,"[""COORDINATE_ROUNDED"", ""CONTINENT_DERIVED_FROM_COORDINATES"", ""TAXON_ID_NOT_FOUND""]",2023-06-14T20:44:59
4442620702,"Scytodes fusca Walckenaer, 1837",Scytodes fusca,5169044,5169044,50c9509d-22c7-4a22-a47d-8c48425ef4a7,https://www.inaturalist.org/observations/167979312,HUMAN_OBSERVATION,BR,Espírito Santo,,-40.279108,-20.331647,30490.0,,"[""COORDINATE_ROUNDED"", ""CONTINENT_DERIVED_FROM_COORDINATES"", ""TAXON_ID_NOT_FOUND""]",2023-06-15T18:31:27
4153417656,"Scytodes fusca Walckenaer, 1837",Scytodes fusca,5169044,5169044,50c9509d-22c7-4a22-a47d-8c48425ef4a7,https://www.inaturalist.org/observations/171877345,HUMAN_OBSERVATION,BR,Espírito Santo,,-40.896792,-20.146803,18.0,,"[""COORDINATE_ROUNDED"", ""CONTINENT_DERIVED_FROM_COORDINATES"", ""TAXON_ID_NOT_FOUND""]",2023-07-01T13:01:28
4153872977,"Scytodes fusca Walckenaer, 1837",Scytodes fusca,5169044,5169044,50c9509d-22c7-4a22-a47d-8c48425ef4a7,https://www.inaturalist.org/observations/172246630,HUMAN_OBSERVATION,BR,São Paulo,,-50.892204,-22.2294,2468.0,,"[""COORDINATE_ROUNDED"", ""CONTINENT_DERIVED_FROM_COORDINATES"", ""TAXON_ID_NOT_FOUND""]",2023-07-09T20:28
4153884305,"Scytodes fusca Walckenaer, 1837",Scytodes fusca,5169044,5169044,50c9509d-22c7-4a22-a47d-8c48425ef4a7,https://www.inaturalist.org/observations/172079335,HUMAN_OBSERVATION,EC,Pastaza,,-77.995772,-1.53331,8.0,,"[""COORDINATE_ROUNDED"", ""CONTINENT_DERIVED_FROM_COORDINATES"", ""TAXON_ID_NOT_FOUND""]",2023-07-09T19:58:20
4162130734,"Scytodes fusca Walckenaer, 1837",Scytodes fusca,5169044,5169044,50c9509d-22c7-4a22-a47d-8c48425ef4a7,https://www.inaturalist.org/observations/172614286,HUMAN_OBSERVATION,BR,Distrito Federal,,-47.852456,-15.671032,6.0,,"[""COORDINATE_ROUNDED"", ""CONTINENT_DERIVED_FROM_COORDINATES"", ""TAXON_ID_NOT_FOUND""]",2023-07-12T23:47:39
4162223204,"Scytodes fusca Walckenaer, 1837",Scytodes fusca,5169044,5169044,50c9509d-22c7-4a22-a47d-8c48425ef4a7,https://www.inaturalist.org/observations/172861956,HUMAN_OBSERVATION,BR,Distrito Federal,,-47.67392,-15.616174,215.0,,"[""COORDINATE_ROUNDED"", ""CONTINENT_DERIVED_FROM_COORDINATES"", ""TAXON_ID_NOT_FOUND""]",2023-07-14T12:55:25
4162342836,"Scytodes fusca Walckenaer, 1837",Scytodes fusca,5169044,5169044,50c9509d-22c7-4a22-a47d-8c48425ef4a7,https://www.inaturalist.org/observations/172924748,HUMAN_OBSERVATION,BR,Espírito Santo,,-41.127587,-20.332072,350.0,,"[""COORDINATE_ROUNDED"", ""CONTINENT_DERIVED_FROM_COORDINATES"", ""TAXON_ID_NOT_FOUND""]",2023-07-13T20:11:30
4165619732,"Scytodes fusca Walckenaer, 1837",Scytodes fusca,5169044,5169044,50c9509d-22c7-4a22-a47d-8c48425ef4a7,https://www.inaturalist.org/observations/173888482,HUMAN_OBSERVATION,BR,Espírito Santo,,-41.672297,-20.769727,2353.0,,"[""COORDINATE_ROUNDED"", ""CONTINENT_DERIVED_FROM_COORDINATES"", ""TAXON_ID_NOT_FOUND""]",2023-07-18T23:50
4165762324,"Scytodes fusca Walckenaer, 1837",Scytodes fusca,5169044,5169044,50c9509d-22c7-4a22-a47d-8c48425ef4a7,https://www.inaturalist.org/observations/173960430,HUMAN_OBSERVATION,BR,Distrito Federal,,-48.002228,-15.80672,9.0,,"[""COORDINATE_ROUNDED"", ""CONTINENT_DERIVED_FROM_COORDINATES"", ""TAXON_ID_NOT_FOUND""]",2023-07-20T13:41:25
4165810236,"Scytodes fusca Walckenaer, 1837",Scytodes fusca,5169044,5169044,50c9509d-22c7-4a22-a47d-8c48425ef4a7,https://www.inaturalist.org/observations/174554299,HUMAN_OBSERVATION,BR,Distrito Federal,,-47.673953,-15.616067,,,"[""COORDINATE_ROUNDED"", ""CONTINENT_DERIVED_FROM_COORDINATES"", ""TAXON_ID_NOT_FOUND""]",2023-07-23T12:10:44
4171814687,"Scytodes fusca Walckenaer, 1837",Scytodes fusca,5169044,5169044,50c9509d-22c7-4a22-a47d-8c48425ef4a7,https://www.inaturalist.org/observations/176005076,HUMAN_OBSERVATION,BR,Rio de Janeiro,,-41.297336,-21.764537,14.0,,"[""COORDINATE_ROUNDED"", ""CONTINENT_DERIVED_FROM_COORDINATES"", ""TAXON_ID_NOT_FOUND""]",2023-07-31T18:36:15
4172032697,"Scytodes fusca Walckenaer, 1837",Scytodes fusca,5169044,5169044,50c9509d-22c7-4a22-a47d-8c48425ef4a7,https://www.inaturalist.org/observations/176067573,HUMAN_OBSERVATION,BR,São Paulo,,-47.811085,-21.169372,14709.0,,"[""COORDINATE_ROUNDED"", ""CONTINENT_DERIVED_FROM_COORDINATES"", ""TAXON_ID_NOT_FOUND""]",2023-07-30
4172157515,"Scytodes fusca Walckenaer, 1837",Scytodes fusca,5169044,5169044,50c9509d-22c7-4a22-a47d-8c48425ef4a7,https://www.inaturalist.org/observations/177092909,HUMAN_OBSERVATION,BR,Espírito Santo,,-41.126955,-20.332876,,,"[""COORDINATE_ROUNDED"", ""CONTINENT_DERIVED_FROM_COORDINATES"", ""TAXON_ID_NOT_FOUND""]",2023-07-30T00:55:49
4436470944,"Scytodes fusca Walckenaer, 1837",Scytodes fusca,5169044,5169044,50c9509d-22c7-4a22-a47d-8c48425ef4a7,https://www.inaturalist.org/observations/189600757,HUMAN_OBSERVATION,BR,São Paulo,,-46.749033,-23.541847,30175.0,,"[""COORDINATE_ROUNDED"", ""CONTINENT_DERIVED_FROM_COORDINATES"", ""TAXON_ID_NOT_FOUND""]",2023-07-26T15:25
4442464800,"Scytodes fusca Walckenaer, 1837",Scytodes fusca,5169044,5169044,50c9509d-22c7-4a22-a47d-8c48425ef4a7,https://www.inaturalist.org/observations/173807655,HUMAN_OBSERVATION,BR,Espírito Santo,,-40.318212,-20.356377,30490.0,,"[""COORDINATE_ROUNDED"", ""CONTINENT_DERIVED_FROM_COORDINATES"", ""TAXON_ID_NOT_FOUND""]",2023-07-17T18:09:51
4994216084,"Scytodes fusca Walckenaer, 1837",Scytodes fusca,5169044,5169044,50c9509d-22c7-4a22-a47d-8c48425ef4a7,https://www.inaturalist.org/observations/254151140,HUMAN_OBSERVATION,BR,São Paulo,,-46.626562,-23.572865,,,"[""COORDINATE_ROUNDED"", ""CONTINENT_DERIVED_FROM_COORDINATES"", ""TAXON_ID_NOT_FOUND""]",2023-07-15T02:46
5133405749,"Scytodes fusca Walckenaer, 1837",Scytodes fusca,5169044,5169044,50c9509d-22c7-4a22-a47d-8c48425ef4a7,https://www.inaturalist.org/observations/175617132,HUMAN_OBSERVATION,US,Florida,,-81.967133,26.584872,4.0,,"[""COORDINATE_ROUNDED"", ""CONTINENT_DERIVED_FROM_COORDINATES"", ""TAXON_ID_NOT_FOUND""]",2023-07-29T16:48:50
6236151717,"Scytodes fusca Walckenaer, 1837",Scytodes fusca,5169044,5169044,50c9509d-22c7-4a22-a47d-8c48425ef4a7,https://www.inaturalist.org/observations/170836638,HUMAN_OBSERVATION,TT,Tobago,,-60.727798,11.180233,19.0,,"[""COORDINATE_ROUNDED"", ""CONTINENT_DERIVED_FROM_COORDINATES"", ""TAXON_ID_NOT_FOUND""]",2023-07-02T04:24:05
4171467613,"Scytodes fusca Walckenaer, 1837",Scytodes fusca,5169044,5169044,50c9509d-22c7-4a22-a47d-8c48425ef4a7,https://www.inaturalist.org/observations/176372909,HUMAN_OBSERVATION,US,Florida,,-81.302097,28.613681,,,"[""COORDINATE_ROUNDED"", ""CONTINENT_DERIVED_FROM_COORDINATES"", ""TAXON_ID_NOT_FOUND""]",2023-08-02T21:36:39
4177054216,"Scytodes fusca Walckenaer, 1837",Scytodes fusca,5169044,5169044,50c9509d-22c7-4a22-a47d-8c48425ef4a7,https://www.inaturalist.org/observations/177415787,HUMAN_OBSERVATION,BR,Espírito Santo,,-41.127427,-20.332536,123.0,,"[""COORDINATE_ROUNDED"", ""CONTINENT_DERIVED_FROM_COORDINATES"", ""TAXON_ID_NOT_FOUND""]",2023-08-08T09:40
4177225114,"Scytodes fusca Walckenaer, 1837",Scytodes fusca,5169044,5169044,50c9509d-22c7-4a22-a47d-8c48425ef4a7,https://www.inaturalist.org/observations/177782988,HUMAN_OBSERVATION,BR,Minas Gerais,,-43.978685,-19.920963,701.0,,"[""COORDINATE_ROUNDED"", ""CONTINENT_DERIVED_FROM_COORDINATES"", ""TAXON_ID_NOT_FOUND""]",2023-08-11T03:12:27
4177408326,"Scytodes fusca Walckenaer, 1837",Scytodes fusca,5169044,5169044,50c9509d-22c7-4a22-a47d-8c48425ef4a7,https://www.inaturalist.org/observations/177623484,HUMAN_OBSERVATION,BR,Espírito Santo,,-41.672297,-20.769727,2356.0,,"[""COORDINATE_ROUNDED"", ""CONTINENT_DERIVED_FROM_COORDINATES"", ""TAXON_ID_NOT_FOUND""]",2023-08-10T01:17
4400021036,"Scytodes fusca Walckenaer, 1837",Scytodes fusca,5169044,5169044,50c9509d-22c7-4a22-a47d-8c48425ef4a7,https://www.inaturalist.org/observations/178600881,HUMAN_OBSERVATION,BR,Espírito Santo,,-41.12778,-20.332387,117.0,,"[""COORDINATE_ROUNDED"", ""CONTINENT_DERIVED_FROM_COORDINATES"", ""TAXON_ID_NOT_FOUND""]",2023-08-14T22:38:02
4400185029,"Scytodes fusca Walckenaer, 1837",Scytodes fusca,5169044,5169044,50c9509d-22c7-4a22-a47d-8c48425ef4a7,https://www.inaturalist.org/observations/179701656,HUMAN_OBSERVATION,BR,Ceará,,-38.554409,-3.790057,454.0,,"[""COORDINATE_ROUNDED"", ""CONTINENT_DERIVED_FROM_COORDINATES"", ""TAXON_ID_NOT_FOUND""]",2023-08-12T10:40
4400234065,"Scytodes fusca Walckenaer, 1837",Scytodes fusca,5169044,5169044,50c9509d-22c7-4a22-a47d-8c48425ef4a7,https://www.inaturalist.org/observations/179090869,HUMAN_OBSERVATION,US,Florida,,-80.759071,27.812643,29680.0,,"[""COORDINATE_ROUNDED"", ""CONTINENT_DERIVED_FROM_COORDINATES"", ""TAXON_ID_NOT_FOUND""]",2023-08-18T17:04:34
4400235624,"Scytodes fusca Walckenaer, 1837",Scytodes fusca,5169044,5169044,50c9509d-22c7-4a22-a47d-8c48425ef4a7,https://www.inaturalist.org/observations/179122939,HUMAN_OBSERVATION,US,Florida,,-82.64212,27.876926,18.0,,"[""COORDINATE_ROUNDED"", ""CONTINENT_DERIVED_FROM_COORDINATES"", ""TAXON_ID_NOT_FOUND""]",2023-08-19T06:24:26
4405051660,"Scytodes fusca Walckenaer, 1837",Scytodes fusca,5169044,5169044,50c9509d-22c7-4a22-a47d-8c48425ef4a7,https://www.inaturalist.org/observations/180015361,HUMAN_OBSERVATION,BR,São Paulo,,-47.036305,-22.887078,2.0,,"[""COORDINATE_ROUNDED"", ""CONTINENT_DERIVED_FROM_COORDINATES"", ""TAXON_ID_NOT_FOUND""]",2023-08-24T09:19
4405185282,"Scytodes fusca Walckenaer, 1837",Scytodes fusca,5169044,5169044,50c9509d-22c7-4a22-a47d-8c48425ef4a7,https://www.inaturalist.org/observations/180537368,HUMAN_OBSERVATION,BR,Minas Gerais,,-44.048557,-19.884205,14.0,,"[""COORDINATE_ROUNDED"", ""CONTINENT_DERIVED_FROM_COORDINATES"", ""TAXON_ID_NOT_FOUND""]",2023-08-27T19:55:04
4405193014,"Scytodes fusca Walckenaer, 1837",Scytodes fusca,5169044,5169044,50c9509d-22c7-4a22-a47d-8c48425ef4a7,https://www.inaturalist.org/observations/180456461,HUMAN_OBSERVATION,BR,Ceará,,-38.471118,-3.831221,407.0,,"[""COORDINATE_ROUNDED"", ""CONTINENT_DERIVED_FROM_COORDINATES"", ""TAXON_ID_NOT_FOUND""]",2023-08-23T07:37
4405315608,"Scytodes fusca Walckenaer, 1837",Scytodes fusca,5169044,5169044,50c9509d-22c7-4a22-a47d-8c48425ef4a7,https://www.inaturalist.org/observations/180035536,HUMAN_OBSERVATION,US,Florida,,-80.145741,27.086776,35.0,,"[""COORDINATE_ROUNDED"", ""CONTINENT_DERIVED_FROM_COORDINATES"", ""TAXON_ID_NOT_FOUND""]",2023-08-24T17:49:27
4405442349,"Scytodes fusca Walckenaer, 1837",Scytodes fusca,5169044,5169044,50c9509d-22c7-4a22-a47d-8c48425ef4a7,https://www.inaturalist.org/observations/179952483,HUMAN_OBSERVATION,BR,São Paulo,,-46.561783,-23.637133,15.0,,"[""COORDINATE_ROUNDED"", ""CONTINENT_DERIVED_FROM_COORDINATES"", ""TAXON_ID_NOT_FOUND""]",2023-08-22T21:06:11
4405491581,"Scytodes fusca Walckenaer, 1837",Scytodes fusca,5169044,5169044,50c9509d-22c7-4a22-a47d-8c48425ef4a7,https://www.inaturalist.org/observations/180457269,HUMAN_OBSERVATION,BR,Ceará,,-38.471118,-3.831221,407.0,,"[""COORDINATE_ROUNDED"", ""CONTINENT_DERIVED_FROM_COORDINATES"", ""TAXON_ID_NOT_FOUND""]",2023-08-23T09:22
4405503562,"Scytodes fusca Walckenaer, 1837",Scytodes fusca,5169044,5169044,50c9509d-22c7-4a22-a47d-8c48425ef4a7,https://www.inaturalist.org/observations/180457555,HUMAN_OBSERVATION,BR,Ceará,,-38.471118,-3.831221,407.0,,"[""COORDINATE_ROUNDED"", ""CONTINENT_DERIVED_FROM_COORDINATES"", ""TAXON_ID_NOT_FOUND""]",2023-08-23T13:13
4407119752,"Scytodes fusca Walckenaer, 1837",Scytodes fusca,5169044,5169044,50c9509d-22c7-4a22-a47d-8c48425ef4a7,https://www.inaturalist.org/observations/181208560,HUMAN_OBSERVATION,BR,Ceará,,-38.485697,-3.748662,547.0,,"[""COORDINATE_ROUNDED"", ""CONTINENT_DERIVED_FROM_COORDINATES"", ""TAXON_ID_NOT_FOUND""]",2023-08-29T10:32
4407317593,"Scytodes fusca Walckenaer, 1837",Scytodes fusca,5169044,5169044,50c9509d-22c7-4a22-a47d-8c48425ef4a7,https://www.inaturalist.org/observations/180931161,HUMAN_OBSERVATION,BR,Minas Gerais,,-43.343467,-21.762355,16350.0,,"[""COORDINATE_ROUNDED"", ""CONTINENT_DERIVED_FROM_COORDINATES"", ""TAXON_ID_NOT_FOUND""]",2023-08-30T13:15:19
4407480637,"Scytodes fusca Walckenaer, 1837",Scytodes fusca,5169044,5169044,50c9509d-22c7-4a22-a47d-8c48425ef4a7,https://www.inaturalist.org/observations/181338469,HUMAN_OBSERVATION,PT,Faro,,-8.378564,37.363058,49.0,,"[""COORDINATE_ROUNDED"", ""CONTINENT_DERIVED_FROM_COORDINATES"", ""TAXON_ID_NOT_FOUND""]",2023-08-27T12:00
4413594271,"Scytodes fusca Walckenaer, 1837",Scytodes fusca,5169044,5169044,50c9509d-22c7-4a22-a47d-8c48425ef4a7,https://www.inaturalist.org/observations/181788833,HUMAN_OBSERVATION,GT,Guatemala,,-90.289759,14.682382,15625.0,,"[""COORDINATE_ROUNDED"", ""CONTINENT_DERIVED_FROM_COORDINATES"", ""TAXON_ID_NOT_FOUND""]",2023-08-30T14:03
4416756839,"Scytodes fusca Walckenaer, 1837",Scytodes fusca,5169044,5169044,50c9509d-22c7-4a22-a47d-8c48425ef4a7,https://www.inaturalist.org/observations/184424283,HUMAN_OBSERVATION,BR,São Paulo,,-46.587748,-23.038133,3723.0,,"[""COORDINATE_ROUNDED"", ""CONTINENT_DERIVED_FROM_COORDINATES"", ""TAXON_ID_NOT_FOUND""]",2023-08-31T11:40
4442355851,"Scytodes fusca Walckenaer, 1837",Scytodes fusca,5169044,5169044,50c9509d-22c7-4a22-a47d-8c48425ef4a7,https://www.inaturalist.org/observations/178922921,HUMAN_OBSERVATION,BR,Espírito Santo,,-40.315824,-20.220972,30490.0,,"[""COORDINATE_ROUNDED"", ""CONTINENT_DERIVED_FROM_COORDINATES"", ""TAXON_ID_NOT_FOUND""]",2023-08-17T18:58:53
4453890298,"Scytodes fusca Walckenaer, 1837",Scytodes fusca,5169044,5169044,50c9509d-22c7-4a22-a47d-8c48425ef4a7,https://www.inaturalist.org/observations/191840301,HUMAN_OBSERVATION,BR,Rio de Janeiro,,-41.929697,-22.777804,3656.0,,"[""COORDINATE_ROUNDED"", ""CONTINENT_DERIVED_FROM_COORDINATES"", ""TAXON_ID_NOT_FOUND""]",2023-08-01T07:57
4908720632,"Scytodes fusca Walckenaer, 1837",Scytodes fusca,5169044,5169044,50c9509d-22c7-4a22-a47d-8c48425ef4a7,https://www.inaturalist.org/observations/178285416,HUMAN_OBSERVATION,AU,Queensland,,152.955208,-26.623925,19.0,,"[""COORDINATE_ROUNDED"", ""CONTINENT_DERIVED_FROM_COORDINATES"", ""TAXON_ID_NOT_FOUND""]",2023-08-14T10:02:32
5292387003,"Scytodes fusca Walckenaer, 1837",Scytodes fusca,5169044,5169044,50c9509d-22c7-4a22-a47d-8c48425ef4a7,https://www.inaturalist.org/observations/305975939,HUMAN_OBSERVATION,AU,Queensland,,146.934395,-19.428394,20.0,,"[""COORDINATE_ROUNDED"", ""CONTINENT_DERIVED_FROM_COORDINATES"", ""TAXON_ID_NOT_FOUND""]",2023-08-08
4407110112,"Scytodes fusca Walckenaer, 1837",Scytodes fusca,5169044,5169044,50c9509d-22c7-4a22-a47d-8c48425ef4a7,https://www.inaturalist.org/observations/181455271,HUMAN_OBSERVATION,MX,Guanajuato,,-100.712006,20.048658,,,"[""COORDINATE_ROUNDED"", ""CONTINENT_DERIVED_FROM_COORDINATES"", ""TAXON_ID_NOT_FOUND""]",2023-09-02T11:33
4407500099,"Scytodes fusca Walckenaer, 1837",Scytodes fusca,5169044,5169044,50c9509d-22c7-4a22-a47d-8c48425ef4a7,https://www.inaturalist.org/observations/181557821,HUMAN_OBSERVATION,BR,São Paulo,,-47.1758,-23.541345,38.0,,"[""CONTINENT_DERIVED_FROM_COORDINATES"", ""TAXON_ID_NOT_FOUND""]",2023-09-03T10:58:59
4413470057,"Scytodes fusca Walckenaer, 1837",Scytodes fusca,5169044,5169044,50c9509d-22c7-4a22-a47d-8c48425ef4a7,https://www.inaturalist.org/observations/182719764,HUMAN_OBSERVATION,BR,Ceará,,-38.499886,-3.754822,272.0,,"[""COORDINATE_ROUNDED"", ""CONTINENT_DERIVED_FROM_COORDINATES"", ""TAXON_ID_NOT_FOUND""]",2023-09-05T19:05
4413653591,"Scytodes fusca Walckenaer, 1837",Scytodes fusca,5169044,5169044,50c9509d-22c7-4a22-a47d-8c48425ef4a7,https://www.inaturalist.org/observations/183538582,HUMAN_OBSERVATION,US,Florida,,-82.660622,27.513722,4.0,,"[""COORDINATE_ROUNDED"", ""CONTINENT_DERIVED_FROM_COORDINATES"", ""TAXON_ID_NOT_FOUND""]",2023-09-16T10:17:08
4413668649,"Scytodes fusca Walckenaer, 1837",Scytodes fusca,5169044,5169044,50c9509d-22c7-4a22-a47d-8c48425ef4a7,https://www.inaturalist.org/observations/183101816,HUMAN_OBSERVATION,BR,Distrito Federal,,-47.881179,-15.764161,215.0,,"[""COORDINATE_ROUNDED"", ""CONTINENT_DERIVED_FROM_COORDINATES"", ""TAXON_ID_NOT_FOUND""]",2023-09-13T13:23:20
4413918932,"Scytodes fusca Walckenaer, 1837",Scytodes fusca,5169044,5169044,50c9509d-22c7-4a22-a47d-8c48425ef4a7,https://www.inaturalist.org/observations/182719769,HUMAN_OBSERVATION,BR,Ceará,,-38.499886,-3.754822,272.0,,"[""COORDINATE_ROUNDED"", ""CONTINENT_DERIVED_FROM_COORDINATES"", ""TAXON_ID_NOT_FOUND""]",2023-09-05T19:08
4414209618,"Scytodes fusca Walckenaer, 1837",Scytodes fusca,5169044,5169044,50c9509d-22c7-4a22-a47d-8c48425ef4a7,https://www.inaturalist.org/observations/183155277,HUMAN_OBSERVATION,BR,São Paulo,,-47.062633,-22.909845,25099.0,,"[""COORDINATE_ROUNDED"", ""CONTINENT_DERIVED_FROM_COORDINATES"", ""TAXON_ID_NOT_FOUND""]",2023-09-13T21:27:50
4416756038,"Scytodes fusca Walckenaer, 1837",Scytodes fusca,5169044,5169044,50c9509d-22c7-4a22-a47d-8c48425ef4a7,https://www.inaturalist.org/observations/184125549,HUMAN_OBSERVATION,US,Florida,,-81.999108,26.589417,6.0,,"[""COORDINATE_ROUNDED"", ""CONTINENT_DERIVED_FROM_COORDINATES"", ""TAXON_ID_NOT_FOUND""]",2023-09-20T10:57:41
4416781924,"Scytodes fusca Walckenaer, 1837",Scytodes fusca,5169044,5169044,50c9509d-22c7-4a22-a47d-8c48425ef4a7,https://www.inaturalist.org/observations/184059823,HUMAN_OBSERVATION,BR,São Paulo,,-46.786326,-21.96711,9.0,,"[""COORDINATE_ROUNDED"", ""CONTINENT_DERIVED_FROM_COORDINATES"", ""TAXON_ID_NOT_FOUND""]",2023-09-19T21:41:40
4417003068,"Scytodes fusca Walckenaer, 1837",Scytodes fusca,5169044,5169044,50c9509d-22c7-4a22-a47d-8c48425ef4a7,https://www.inaturalist.org/observations/184791098,HUMAN_OBSERVATION,BR,São Paulo,,-46.930438,-23.149527,19.0,,"[""COORDINATE_ROUNDED"", ""CONTINENT_DERIVED_FROM_COORDINATES"", ""TAXON_ID_NOT_FOUND""]",2023-09-24T21:27:57
4420901800,"Scytodes fusca Walckenaer, 1837",Scytodes fusca,5169044,5169044,50c9509d-22c7-4a22-a47d-8c48425ef4a7,https://www.inaturalist.org/observations/182392352,HUMAN_OBSERVATION,US,Massachusetts,,-71.090003,42.306838,35.0,,"[""COORDINATE_ROUNDED"", ""CONTINENT_DERIVED_FROM_COORDINATES"", ""TAXON_ID_NOT_FOUND""]",2023-09-07T08:57:48
4421235848,"Scytodes fusca Walckenaer, 1837",Scytodes fusca,5169044,5169044,50c9509d-22c7-4a22-a47d-8c48425ef4a7,https://www.inaturalist.org/observations/185503219,HUMAN_OBSERVATION,BR,Distrito Federal,,-47.779532,-15.74939,1109.0,,"[""COORDINATE_ROUNDED"", ""CONTINENT_DERIVED_FROM_COORDINATES"", ""TAXON_ID_NOT_FOUND""]",2023-09-19T23:03
4440978854,"Scytodes fusca Walckenaer, 1837",Scytodes fusca,5169044,5169044,50c9509d-22c7-4a22-a47d-8c48425ef4a7,https://www.inaturalist.org/observations/190615962,HUMAN_OBSERVATION,BR,Rio de Janeiro,,-41.973727,-22.740734,488.0,,"[""CONTINENT_DERIVED_FROM_COORDINATES"", ""TAXON_ID_NOT_FOUND""]",2023-09-27T07:49
4442392894,"Scytodes fusca Walckenaer, 1837",Scytodes fusca,5169044,5169044,50c9509d-22c7-4a22-a47d-8c48425ef4a7,https://www.inaturalist.org/observations/182810768,HUMAN_OBSERVATION,BR,Espírito Santo,,-40.647543,-18.881656,30615.0,,"[""COORDINATE_ROUNDED"", ""CONTINENT_DERIVED_FROM_COORDINATES"", ""TAXON_ID_NOT_FOUND""]",2023-09-07T11:45:39
4442395906,"Scytodes fusca Walckenaer, 1837",Scytodes fusca,5169044,5169044,50c9509d-22c7-4a22-a47d-8c48425ef4a7,https://www.inaturalist.org/observations/182479546,HUMAN_OBSERVATION,BR,Espírito Santo,,-40.696651,-18.96956,30615.0,,"[""COORDINATE_ROUNDED"", ""CONTINENT_DERIVED_FROM_COORDINATES"", ""TAXON_ID_NOT_FOUND""]",2023-09-09T12:32:41
4923642838,"Scytodes fusca Walckenaer, 1837",Scytodes fusca,5169044,5169044,50c9509d-22c7-4a22-a47d-8c48425ef4a7,https://www.inaturalist.org/observations/182255745,HUMAN_OBSERVATION,BR,Santa Catarina,,-49.27856,-26.794462,9.0,,"[""COORDINATE_ROUNDED"", ""CONTINENT_DERIVED_FROM_COORDINATES"", ""TAXON_ID_NOT_FOUND""]",2023-09-07T20:27:44
4923690258,"Scytodes fusca Walckenaer, 1837",Scytodes fusca,5169044,5169044,50c9509d-22c7-4a22-a47d-8c48425ef4a7,https://www.inaturalist.org/observations/182262403,HUMAN_OBSERVATION,BR,Santa Catarina,,-49.280738,-26.798399,1433.0,,"[""COORDINATE_ROUNDED"", ""CONTINENT_DERIVED_FROM_COORDINATES"", ""TAXON_ID_NOT_FOUND""]",2023-09-07T21:22:13
5133289979,"Scytodes fusca Walckenaer, 1837",Scytodes fusca,5169044,5169044,50c9509d-22c7-4a22-a47d-8c48425ef4a7,https://www.inaturalist.org/observations/185473472,HUMAN_OBSERVATION,US,Florida,,-82.444263,27.119219,3388.0,,"[""COORDINATE_ROUNDED"", ""CONTINENT_DERIVED_FROM_COORDINATES"", ""TAXON_ID_NOT_FOUND""]",2023-09-28T22:55:30
5908617111,"Scytodes fusca Walckenaer, 1837",Scytodes fusca,5169044,5169044,50c9509d-22c7-4a22-a47d-8c48425ef4a7,https://www.inaturalist.org/observations/328184178,HUMAN_OBSERVATION,BR,Distrito Federal,,-47.660304,-15.611535,24.0,,"[""COORDINATE_ROUNDED"", ""CONTINENT_DERIVED_FROM_COORDINATES"", ""TAXON_ID_NOT_FOUND""]",2023-09-14T23:32
6116698561,BOLD:AAG5665,Scytodes fusca,10546508,10546508,040c5662-da76-4782-a48e-cdea1892d14c,PERMV9550-24,MATERIAL_SAMPLE,PE,Cuzco Department,San Pedro,-71.55417,-13.064167,,,"[""GEODETIC_DATUM_ASSUMED_WGS84"", ""CONTINENT_DERIVED_FROM_COORDINATES"", ""TAXON_CONCEPT_ID_NOT_FOUND"", ""TAXON_ID_NOT_FOUND"", ""COLLECTION_MATCH_NONE"", ""INSTITUTION_MATCH_FUZZY""]",2023-09-25
6163022530,"Scytodes fusca Walckenaer, 1837",Scytodes fusca,5169044,5169044,50c9509d-22c7-4a22-a47d-8c48425ef4a7,https://www.inaturalist.org/observations/182139073,HUMAN_OBSERVATION,PR,Cayey,,-66.163825,18.117558,7.0,,"[""COORDINATE_ROUNDED"", ""CONTINENT_DERIVED_FROM_COORDINATES"", ""TAXON_ID_NOT_FOUND""]",2023-09-06T20:07:19
4420935451,"Scytodes fusca Walckenaer, 1837",Scytodes fusca,5169044,5169044,50c9509d-22c7-4a22-a47d-8c48425ef4a7,https://www.inaturalist.org/observations/185840039,HUMAN_OBSERVATION,BR,São Paulo,,-46.902014,-23.181014,,,"[""COORDINATE_ROUNDED"", ""CONTINENT_DERIVED_FROM_COORDINATES"", ""TAXON_ID_NOT_FOUND""]",2023-10-01T22:16
4424495306,"Scytodes fusca Walckenaer, 1837",Scytodes fusca,5169044,5169044,50c9509d-22c7-4a22-a47d-8c48425ef4a7,https://www.inaturalist.org/observations/186358661,HUMAN_OBSERVATION,US,Florida,,-82.571119,28.057882,1864.0,,"[""CONTINENT_DERIVED_FROM_COORDINATES"", ""TAXON_ID_NOT_FOUND""]",2023-10-05T21:46:32
4424609365,"Scytodes fusca Walckenaer, 1837",Scytodes fusca,5169044,5169044,50c9509d-22c7-4a22-a47d-8c48425ef4a7,https://www.inaturalist.org/observations/186443319,HUMAN_OBSERVATION,BR,Ceará,,-38.471118,-3.831221,407.0,,"[""COORDINATE_ROUNDED"", ""CONTINENT_DERIVED_FROM_COORDINATES"", ""TAXON_ID_NOT_FOUND""]",2023-10-04T12:27
4430579220,"Scytodes fusca Walckenaer, 1837",Scytodes fusca,5169044,5169044,50c9509d-22c7-4a22-a47d-8c48425ef4a7,https://www.inaturalist.org/observations/187587897,HUMAN_OBSERVATION,BR,Ceará,,-38.48899,-3.813191,254.0,,"[""COORDINATE_ROUNDED"", ""CONTINENT_DERIVED_FROM_COORDINATES"", ""TAXON_ID_NOT_FOUND""]",2023-10-11T15:40
4430611686,"Scytodes fusca Walckenaer, 1837",Scytodes fusca,5169044,5169044,50c9509d-22c7-4a22-a47d-8c48425ef4a7,https://www.inaturalist.org/observations/187429826,HUMAN_OBSERVATION,BR,São Paulo,,-47.306033,-20.424039,30472.0,,"[""COORDINATE_ROUNDED"", ""CONTINENT_DERIVED_FROM_COORDINATES"", ""TAXON_ID_NOT_FOUND""]",2023-10-12T22:20:40
4430657910,"Scytodes fusca Walckenaer, 1837",Scytodes fusca,5169044,5169044,50c9509d-22c7-4a22-a47d-8c48425ef4a7,https://www.inaturalist.org/observations/187799785,HUMAN_OBSERVATION,BR,Minas Gerais,,-43.358293,-21.771619,,,"[""COORDINATE_ROUNDED"", ""CONTINENT_DERIVED_FROM_COORDINATES"", ""TAXON_ID_NOT_FOUND""]",2023-10-04T01:27:02
4430679440,"Scytodes fusca Walckenaer, 1837",Scytodes fusca,5169044,5169044,50c9509d-22c7-4a22-a47d-8c48425ef4a7,https://www.inaturalist.org/observations/187976057,HUMAN_OBSERVATION,BR,Distrito Federal,,-47.859659,-15.729922,208.0,,"[""COORDINATE_ROUNDED"", ""CONTINENT_DERIVED_FROM_COORDINATES"", ""TAXON_ID_NOT_FOUND""]",2023-10-17T08:04
4430689887,"Scytodes fusca Walckenaer, 1837",Scytodes fusca,5169044,5169044,50c9509d-22c7-4a22-a47d-8c48425ef4a7,https://www.inaturalist.org/observations/188156057,HUMAN_OBSERVATION,BR,Rio de Janeiro,,-42.283005,-22.937853,11.0,,"[""COORDINATE_ROUNDED"", ""CONTINENT_DERIVED_FROM_COORDINATES"", ""TAXON_ID_NOT_FOUND""]",2023-10-19T09:28:41
4430756744,"Scytodes fusca Walckenaer, 1837",Scytodes fusca,5169044,5169044,50c9509d-22c7-4a22-a47d-8c48425ef4a7,https://www.inaturalist.org/observations/188539750,HUMAN_OBSERVATION,BR,São Paulo,,-47.770203,-21.212913,238.0,,"[""COORDINATE_ROUNDED"", ""CONTINENT_DERIVED_FROM_COORDINATES"", ""TAXON_ID_NOT_FOUND""]",2023-10-21T16:41:49
4430764723,"Scytodes fusca Walckenaer, 1837",Scytodes fusca,5169044,5169044,50c9509d-22c7-4a22-a47d-8c48425ef4a7,https://www.inaturalist.org/observations/188415138,HUMAN_OBSERVATION,BR,Ceará,,-38.485697,-3.748662,571.0,,"[""COORDINATE_ROUNDED"", ""CONTINENT_DERIVED_FROM_COORDINATES"", ""TAXON_ID_NOT_FOUND""]",2023-10-18T10:19
4430772957,"Scytodes fusca Walckenaer, 1837",Scytodes fusca,5169044,5169044,50c9509d-22c7-4a22-a47d-8c48425ef4a7,https://www.inaturalist.org/observations/188614858,HUMAN_OBSERVATION,BR,São Paulo,,-51.530178,-22.033942,30318.0,,"[""COORDINATE_ROUNDED"", ""CONTINENT_DERIVED_FROM_COORDINATES"", ""TAXON_ID_NOT_FOUND""]",2023-10-22T23:26:10
4431050377,"Scytodes fusca Walckenaer, 1837",Scytodes fusca,5169044,5169044,50c9509d-22c7-4a22-a47d-8c48425ef4a7,https://www.inaturalist.org/observations/187278655,HUMAN_OBSERVATION,BR,Ceará,,-38.499886,-3.754822,272.0,,"[""COORDINATE_ROUNDED"", ""CONTINENT_DERIVED_FROM_COORDINATES"", ""TAXON_ID_NOT_FOUND""]",2023-10-09T16:29
4431067242,"Scytodes fusca Walckenaer, 1837",Scytodes fusca,5169044,5169044,50c9509d-22c7-4a22-a47d-8c48425ef4a7,https://www.inaturalist.org/observations/187588045,HUMAN_OBSERVATION,BR,Ceará,,-38.48899,-3.813191,254.0,,"[""COORDINATE_ROUNDED"", ""CONTINENT_DERIVED_FROM_COORDINATES"", ""TAXON_ID_NOT_FOUND""]",2023-10-11T19:32
4431202657,"Scytodes fusca Walckenaer, 1837",Scytodes fusca,5169044,5169044,50c9509d-22c7-4a22-a47d-8c48425ef4a7,https://www.inaturalist.org/observations/188415078,HUMAN_OBSERVATION,BR,Ceará,,-38.485697,-3.748662,571.0,,"[""COORDINATE_ROUNDED"", ""CONTINENT_DERIVED_FROM_COORDINATES"", ""TAXON_ID_NOT_FOUND""]",2023-10-18T08:30
4431260563,"Scytodes fusca Walckenaer, 1837",Scytodes fusca,5169044,5169044,50c9509d-22c7-4a22-a47d-8c48425ef4a7,https://www.inaturalist.org/observations/188771786,HUMAN_OBSERVATION,BR,Rio de Janeiro,,-43.195778,-22.955022,,,"[""COORDINATE_ROUNDED"", ""CONTINENT_DERIVED_FROM_COORDINATES"", ""TAXON_ID_NOT_FOUND""]",2023-10-24T09:01:44
4436189278,"Scytodes fusca Walckenaer, 1837",Scytodes fusca,5169044,5169044,50c9509d-22c7-4a22-a47d-8c48425ef4a7,https://www.inaturalist.org/observations/189572749,HUMAN_OBSERVATION,BR,Ceará,,-38.633333,-3.983333,2164.0,,"[""COORDINATE_ROUNDED"", ""CONTINENT_DERIVED_FROM_COORDINATES"", ""TAXON_ID_NOT_FOUND""]",2023-10-26T15:48
4436192697,"Scytodes fusca Walckenaer, 1837",Scytodes fusca,5169044,5169044,50c9509d-22c7-4a22-a47d-8c48425ef4a7,https://www.inaturalist.org/observations/189272018,HUMAN_OBSERVATION,BR,Ceará,,-38.471118,-3.831221,407.0,,"[""COORDINATE_ROUNDED"", ""CONTINENT_DERIVED_FROM_COORDINATES"", ""TAXON_ID_NOT_FOUND""]",2023-10-24T09:22
4436271532,"Scytodes fusca Walckenaer, 1837",Scytodes fusca,5169044,5169044,50c9509d-22c7-4a22-a47d-8c48425ef4a7,https://www.inaturalist.org/observations/189422571,HUMAN_OBSERVATION,BR,São Paulo,,-46.764867,-23.583793,,,"[""CONTINENT_DERIVED_FROM_COORDINATES"", ""TAXON_ID_NOT_FOUND""]",2023-10-29T21:50:51
4436282421,"Scytodes fusca Walckenaer, 1837",Scytodes fusca,5169044,5169044,50c9509d-22c7-4a22-a47d-8c48425ef4a7,https://www.inaturalist.org/observations/188838484,HUMAN_OBSERVATION,BR,Distrito Federal,,-47.879101,-15.782769,9.0,,"[""COORDINATE_ROUNDED"", ""CONTINENT_DERIVED_FROM_COORDINATES"", ""TAXON_ID_NOT_FOUND""]",2023-10-24T20:15:03
4436300150,"Scytodes fusca Walckenaer, 1837",Scytodes fusca,5169044,5169044,50c9509d-22c7-4a22-a47d-8c48425ef4a7,https://www.inaturalist.org/observations/189280015,HUMAN_OBSERVATION,BR,São Paulo,,-47.547766,-22.405313,,,"[""COORDINATE_ROUNDED"", ""CONTINENT_DERIVED_FROM_COORDINATES"", ""TAXON_ID_NOT_FOUND""]",2023-10-28T19:07:38
4436376167,"Scytodes fusca Walckenaer, 1837",Scytodes fusca,5169044,5169044,50c9509d-22c7-4a22-a47d-8c48425ef4a7,https://www.inaturalist.org/observations/189129701,HUMAN_OBSERVATION,BR,Ceará,,-38.642881,-3.711164,623.0,,"[""COORDINATE_ROUNDED"", ""CONTINENT_DERIVED_FROM_COORDINATES"", ""TAXON_ID_NOT_FOUND""]",2023-10-22T09:42
4436432706,"Scytodes fusca Walckenaer, 1837",Scytodes fusca,5169044,5169044,50c9509d-22c7-4a22-a47d-8c48425ef4a7,https://www.inaturalist.org/observations/189271986,HUMAN_OBSERVATION,BR,Ceará,,-38.471118,-3.831221,407.0,,"[""COORDINATE_ROUNDED"", ""CONTINENT_DERIVED_FROM_COORDINATES"", ""TAXON_ID_NOT_FOUND""]",2023-10-24T08:56
4924053523,"Scytodes fusca Walckenaer, 1837",Scytodes fusca,5169044,5169044,50c9509d-22c7-4a22-a47d-8c48425ef4a7,https://www.inaturalist.org/observations/189689791,HUMAN_OBSERVATION,BR,Santa Catarina,,-49.279483,-26.797057,2349.0,,"[""COORDINATE_ROUNDED"", ""CONTINENT_DERIVED_FROM_COORDINATES"", ""TAXON_ID_NOT_FOUND""]",2023-10-31T21:32:35
5837861450,"Scytodes fusca Walckenaer, 1837",Scytodes fusca,5169044,5169044,50c9509d-22c7-4a22-a47d-8c48425ef4a7,https://www.inaturalist.org/observations/317073537,HUMAN_OBSERVATION,BR,São Paulo,,-47.910653,-22.030262,,,"[""COORDINATE_ROUNDED"", ""CONTINENT_DERIVED_FROM_COORDINATES"", ""TAXON_ID_NOT_FOUND""]",2023-10-05T01:33:29
4438931823,"Scytodes fusca Walckenaer, 1837",Scytodes fusca,5169044,5169044,50c9509d-22c7-4a22-a47d-8c48425ef4a7,https://www.inaturalist.org/observations/189793476,HUMAN_OBSERVATION,BR,Goiás,,-49.261112,-16.728231,,,"[""COORDINATE_ROUNDED"", ""CONTINENT_DERIVED_FROM_COORDINATES"", ""TAXON_ID_NOT_FOUND""]",2023-11-02T17:30:16
4440739664,"Scytodes fusca Walckenaer, 1837",Scytodes fusca,5169044,5169044,50c9509d-22c7-4a22-a47d-8c48425ef4a7,https://www.inaturalist.org/observations/190643126,HUMAN_OBSERVATION,BR,São Paulo,,-46.70345,-23.532488,13.0,,"[""COORDINATE_ROUNDED"", ""CONTINENT_DERIVED_FROM_COORDINATES"", ""TAXON_ID_NOT_FOUND""]",2023-11-11T01:05:49
4441000459,"Scytodes fusca Walckenaer, 1837",Scytodes fusca,5169044,5169044,50c9509d-22c7-4a22-a47d-8c48425ef4a7,https://www.inaturalist.org/observations/190859731,HUMAN_OBSERVATION,BR,São Paulo,,-47.438918,-22.763064,23.0,,"[""COORDINATE_ROUNDED"", ""CONTINENT_DERIVED_FROM_COORDINATES"", ""TAXON_ID_NOT_FOUND""]",2023-11-12T21:50
4441003348,"Scytodes fusca Walckenaer, 1837",Scytodes fusca,5169044,5169044,50c9509d-22c7-4a22-a47d-8c48425ef4a7,https://www.inaturalist.org/observations/190951092,HUMAN_OBSERVATION,BR,Distrito Federal,,-47.878873,-15.782763,9.0,,"[""COORDINATE_ROUNDED"", ""CONTINENT_DERIVED_FROM_COORDINATES"", ""TAXON_ID_NOT_FOUND""]",2023-11-13T21:02:38
4442698688,"Scytodes fusca Walckenaer, 1837",Scytodes fusca,5169044,5169044,50c9509d-22c7-4a22-a47d-8c48425ef4a7,https://www.inaturalist.org/observations/191404501,HUMAN_OBSERVATION,US,Florida,,-80.421678,25.673187,8.0,,"[""COORDINATE_ROUNDED"", ""CONTINENT_DERIVED_FROM_COORDINATES"", ""TAXON_ID_NOT_FOUND""]",2023-11-18T14:15:10
4442730563,"Scytodes fusca Walckenaer, 1837",Scytodes fusca,5169044,5169044,50c9509d-22c7-4a22-a47d-8c48425ef4a7,https://www.inaturalist.org/observations/191368715,HUMAN_OBSERVATION,BR,Ceará,,-38.487532,-3.812722,402.0,,"[""COORDINATE_ROUNDED"", ""CONTINENT_DERIVED_FROM_COORDINATES"", ""TAXON_ID_NOT_FOUND""]",2023-11-16T16:55
4453735723,"Scytodes fusca Walckenaer, 1837",Scytodes fusca,5169044,5169044,50c9509d-22c7-4a22-a47d-8c48425ef4a7,https://www.inaturalist.org/observations/191803903,HUMAN_OBSERVATION,BR,Ceará,,-38.605289,-3.9368,245.0,,"[""COORDINATE_ROUNDED"", ""CONTINENT_DERIVED_FROM_COORDINATES"", ""TAXON_ID_NOT_FOUND""]",2023-11-21T16:09
4453783895,"Scytodes fusca Walckenaer, 1837",Scytodes fusca,5169044,5169044,50c9509d-22c7-4a22-a47d-8c48425ef4a7,https://www.inaturalist.org/observations/191812786,HUMAN_OBSERVATION,BR,Rio de Janeiro,,-44.716022,-23.218863,7.0,,"[""COORDINATE_ROUNDED"", ""CONTINENT_DERIVED_FROM_COORDINATES"", ""TAXON_ID_NOT_FOUND""]",2023-11-22T22:08:41
4453813728,"Scytodes fusca Walckenaer, 1837",Scytodes fusca,5169044,5169044,50c9509d-22c7-4a22-a47d-8c48425ef4a7,https://www.inaturalist.org/observations/192122287,HUMAN_OBSERVATION,BR,Ceará,,-38.499715,-3.754908,272.0,,"[""COORDINATE_ROUNDED"", ""CONTINENT_DERIVED_FROM_COORDINATES"", ""TAXON_ID_NOT_FOUND""]",2023-11-24T19:44
4453908711,"Scytodes fusca Walckenaer, 1837",Scytodes fusca,5169044,5169044,50c9509d-22c7-4a22-a47d-8c48425ef4a7,https://www.inaturalist.org/observations/192012708,HUMAN_OBSERVATION,BR,Espírito Santo,,-40.307568,-20.354338,,,"[""COORDINATE_ROUNDED"", ""CONTINENT_DERIVED_FROM_COORDINATES"", ""TAXON_ID_NOT_FOUND""]",2023-11-24T19:57:14
4453975427,"Scytodes fusca Walckenaer, 1837",Scytodes fusca,5169044,5169044,50c9509d-22c7-4a22-a47d-8c48425ef4a7,https://www.inaturalist.org/observations/191891622,HUMAN_OBSERVATION,BR,Distrito Federal,,-47.878041,-15.780821,6.0,,"[""COORDINATE_ROUNDED"", ""CONTINENT_DERIVED_FROM_COORDINATES"", ""TAXON_ID_NOT_FOUND""]",2023-11-23T21:24:22
4454012649,"Scytodes fusca Walckenaer, 1837",Scytodes fusca,5169044,5169044,50c9509d-22c7-4a22-a47d-8c48425ef4a7,https://www.inaturalist.org/observations/191803912,HUMAN_OBSERVATION,BR,Ceará,,-38.605289,-3.9368,245.0,,"[""COORDINATE_ROUNDED"", ""CONTINENT_DERIVED_FROM_COORDINATES"", ""TAXON_ID_NOT_FOUND""]",2023-11-21T16:24
4454081598,"Scytodes fusca Walckenaer, 1837",Scytodes fusca,5169044,5169044,50c9509d-22c7-4a22-a47d-8c48425ef4a7,https://www.inaturalist.org/observations/192407377,HUMAN_OBSERVATION,UY,Soriano,,-58.030253,-33.24585,1.0,,"[""COORDINATE_ROUNDED"", ""CONTINENT_DERIVED_FROM_COORDINATES"", ""TAXON_ID_NOT_FOUND""]",2023-11-24T22:46
4458443833,"Scytodes fusca Walckenaer, 1837",Scytodes fusca,5169044,5169044,50c9509d-22c7-4a22-a47d-8c48425ef4a7,https://www.inaturalist.org/observations/192921821,HUMAN_OBSERVATION,BR,Distrito Federal,,-47.8789,-15.782672,5.0,,"[""COORDINATE_ROUNDED"", ""CONTINENT_DERIVED_FROM_COORDINATES"", ""TAXON_ID_NOT_FOUND""]",2023-11-27T22:03:31
4458495580,"Scytodes fusca Walckenaer, 1837",Scytodes fusca,5169044,5169044,50c9509d-22c7-4a22-a47d-8c48425ef4a7,https://www.inaturalist.org/observations/192844776,HUMAN_OBSERVATION,BR,Ceará,,-38.470796,-3.831286,407.0,,"[""COORDINATE_ROUNDED"", ""CONTINENT_DERIVED_FROM_COORDINATES"", ""TAXON_ID_NOT_FOUND""]",2023-11-25T08:06
4465668994,"Scytodes fusca Walckenaer, 1837",Scytodes fusca,5169044,5169044,50c9509d-22c7-4a22-a47d-8c48425ef4a7,https://www.inaturalist.org/observations/193316993,HUMAN_OBSERVATION,BR,Ceará,,-38.488562,-3.813236,301.0,,"[""COORDINATE_ROUNDED"", ""CONTINENT_DERIVED_FROM_COORDINATES"", ""TAXON_ID_NOT_FOUND""]",2023-11-27T18:59
4516283928,"Scytodes fusca Walckenaer, 1837",Scytodes fusca,5169044,5169044,50c9509d-22c7-4a22-a47d-8c48425ef4a7,https://www.inaturalist.org/observations/197496013,HUMAN_OBSERVATION,BR,Goiás,,-49.23762,-16.678699,20.0,,"[""COORDINATE_ROUNDED"", ""CONTINENT_DERIVED_FROM_COORDINATES"", ""TAXON_ID_NOT_FOUND""]",2023-11-18
4535592996,"Scytodes fusca Walckenaer, 1837",Scytodes fusca,5169044,5169044,50c9509d-22c7-4a22-a47d-8c48425ef4a7,https://www.inaturalist.org/observations/191570392,HUMAN_OBSERVATION,TW,Taiwan,,120.721233,22.45543,30278.0,,"[""COORDINATE_ROUNDED"", ""CONTINENT_DERIVED_FROM_COORDINATES"", ""TAXON_ID_NOT_FOUND""]",2023-11-18T20:45:19
4607429683,"Scytodes fusca Walckenaer, 1837",Scytodes fusca,5169044,5169044,50c9509d-22c7-4a22-a47d-8c48425ef4a7,https://www.inaturalist.org/observations/192278459,HUMAN_OBSERVATION,BO,Santa Cruz,,-63.126227,-17.775327,201.0,,"[""COORDINATE_ROUNDED"", ""CONTINENT_DERIVED_FROM_COORDINATES"", ""TAXON_ID_NOT_FOUND""]",2023-11-26T21:36:27
4852348567,"Scytodes fusca Walckenaer, 1837",Scytodes fusca,5169044,5169044,50c9509d-22c7-4a22-a47d-8c48425ef4a7,https://www.inaturalist.org/observations/190512050,HUMAN_OBSERVATION,BR,Rio de Janeiro,,-43.100487,-22.953534,30237.0,,"[""COORDINATE_ROUNDED"", ""CONTINENT_DERIVED_FROM_COORDINATES"", ""TAXON_ID_NOT_FOUND""]",2023-11-09T15:31:24
5133266010,"Scytodes fusca Walckenaer, 1837",Scytodes fusca,5169044,5169044,50c9509d-22c7-4a22-a47d-8c48425ef4a7,https://www.inaturalist.org/observations/189923677,HUMAN_OBSERVATION,US,Florida,,-82.478026,27.177194,122.0,,"[""COORDINATE_ROUNDED"", ""CONTINENT_DERIVED_FROM_COORDINATES"", ""TAXON_ID_NOT_FOUND""]",2023-11-04T00:42:20
5139923896,"Scytodes fusca Walckenaer, 1837",Scytodes fusca,5169044,5169044,50c9509d-22c7-4a22-a47d-8c48425ef4a7,https://www.inaturalist.org/observations/190853106,HUMAN_OBSERVATION,BR,Minas Gerais,,-43.864847,-19.814684,17588.0,,"[""COORDINATE_ROUNDED"", ""CONTINENT_DERIVED_FROM_COORDINATES"", ""TAXON_ID_NOT_FOUND""]",2023-11-12T17:31
5229969461,"Scytodes fusca Walckenaer, 1837",Scytodes fusca,5169044,5169044,50c9509d-22c7-4a22-a47d-8c48425ef4a7,https://www.inaturalist.org/observations/192225076,HUMAN_OBSERVATION,EC,El Oro,,-79.970152,-3.258066,1001.0,,"[""COORDINATE_ROUNDED"", ""CONTINENT_DERIVED_FROM_COORDINATES"", ""TAXON_ID_NOT_FOUND""]",2023-11-25T18:47
4465481398,"Scytodes fusca Walckenaer, 1837",Scytodes fusca,5169044,5169044,50c9509d-22c7-4a22-a47d-8c48425ef4a7,https://www.inaturalist.org/observations/193452127,HUMAN_OBSERVATION,BR,Pará,,-46.801391,-1.63228,212.0,,"[""COORDINATE_ROUNDED"", ""CONTINENT_DERIVED_FROM_COORDINATES"", ""TAXON_ID_NOT_FOUND""]",2023-12-02T15:59
4465483403,"Scytodes fusca Walckenaer, 1837",Scytodes fusca,5169044,5169044,50c9509d-22c7-4a22-a47d-8c48425ef4a7,https://www.inaturalist.org/observations/193452128,HUMAN_OBSERVATION,BR,Pará,,-46.801391,-1.63228,212.0,,"[""COORDINATE_ROUNDED"", ""CONTINENT_DERIVED_FROM_COORDINATES"", ""TAXON_ID_NOT_FOUND""]",2023-12-02T15:59
4500806298,"Scytodes fusca Walckenaer, 1837",Scytodes fusca,5169044,5169044,50c9509d-22c7-4a22-a47d-8c48425ef4a7,https://www.inaturalist.org/observations/193985062,HUMAN_OBSERVATION,BR,São Paulo,,-46.72101,-23.563486,2603.0,,"[""COORDINATE_ROUNDED"", ""CONTINENT_DERIVED_FROM_COORDINATES"", ""TAXON_ID_NOT_FOUND""]",2023-12-14T21:16:44
4506522394,"Scytodes fusca Walckenaer, 1837",Scytodes fusca,5169044,5169044,50c9509d-22c7-4a22-a47d-8c48425ef4a7,https://www.inaturalist.org/observations/194682608,HUMAN_OBSERVATION,BR,Ceará,,-38.48574,-3.749004,600.0,,"[""COORDINATE_ROUNDED"", ""CONTINENT_DERIVED_FROM_COORDINATES"", ""TAXON_ID_NOT_FOUND""]",2023-12-22T08:17
4507728821,"Scytodes fusca Walckenaer, 1837",Scytodes fusca,5169044,5169044,50c9509d-22c7-4a22-a47d-8c48425ef4a7,https://www.inaturalist.org/observations/195372453,HUMAN_OBSERVATION,PR,Rincón,,-67.249718,18.36298,,,"[""COORDINATE_ROUNDED"", ""CONTINENT_DERIVED_FROM_COORDINATES"", ""TAXON_ID_NOT_FOUND""]",2023-12-31T11:12:32
4519215101,"Scytodes fusca Walckenaer, 1837",Scytodes fusca,5169044,5169044,50c9509d-22c7-4a22-a47d-8c48425ef4a7,https://www.inaturalist.org/observations/198379792,HUMAN_OBSERVATION,ID,Sulawesi Tengah,,119.87274,-0.901713,31449.0,,"[""COORDINATE_ROUNDED"", ""CONTINENT_DERIVED_FROM_COORDINATES"", ""TAXON_ID_NOT_FOUND""]",2023-12-26T22:50
3456267748,"Scytodes fusca Walckenaer, 1837",Scytodes fusca,5169044,5169044,50c9509d-22c7-4a22-a47d-8c48425ef4a7,https://www.inaturalist.org/observations/104807278,HUMAN_OBSERVATION,US,Florida,,-80.369259,25.693238,,,"[""COORDINATE_ROUNDED"", ""CONTINENT_DERIVED_FROM_COORDINATES"", ""TAXON_ID_NOT_FOUND""]",2022-01-11T11:35:09Z
3456418952,"Scytodes fusca Walckenaer, 1837",Scytodes fusca,5169044,5169044,50c9509d-22c7-4a22-a47d-8c48425ef4a7,https://www.inaturalist.org/observations/104433371,HUMAN_OBSERVATION,BR,Paraná,,-48.455002,-25.65471,20.0,,"[""COORDINATE_ROUNDED"", ""CONTINENT_DERIVED_FROM_COORDINATES"", ""TAXON_ID_NOT_FOUND""]",2022-01-05T20:53:44
3456541783,"Scytodes fusca Walckenaer, 1837",Scytodes fusca,5169044,5169044,50c9509d-22c7-4a22-a47d-8c48425ef4a7,https://www.inaturalist.org/observations/104407822,HUMAN_OBSERVATION,BR,Minas Gerais,,-43.867074,-16.728932,10192.0,,"[""COORDINATE_ROUNDED"", ""CONTINENT_DERIVED_FROM_COORDINATES"", ""TAXON_ID_NOT_FOUND""]",2022-01-05
3468869861,"Scytodes fusca Walckenaer, 1837",Scytodes fusca,5169044,5169044,50c9509d-22c7-4a22-a47d-8c48425ef4a7,https://www.inaturalist.org/observations/106334607,HUMAN_OBSERVATION,BR,Bahia,,-39.371702,-17.900796,2600.0,,"[""COORDINATE_ROUNDED"", ""CONTINENT_DERIVED_FROM_COORDINATES"", ""TAXON_ID_NOT_FOUND""]",2022-01-09T20:12:28Z
3468941663,"Scytodes fusca Walckenaer, 1837",Scytodes fusca,5169044,5169044,50c9509d-22c7-4a22-a47d-8c48425ef4a7,https://www.inaturalist.org/observations/106147310,HUMAN_OBSERVATION,BR,São Paulo,,-46.48372,-23.491213,65.0,,"[""COORDINATE_ROUNDED"", ""CONTINENT_DERIVED_FROM_COORDINATES"", ""TAXON_ID_NOT_FOUND""]",2022-01-27T21:41:25
3698414452,"Scytodes fusca Walckenaer, 1837",Scytodes fusca,5169044,5169044,50c9509d-22c7-4a22-a47d-8c48425ef4a7,https://www.inaturalist.org/observations/107355413,HUMAN_OBSERVATION,BR,Mato Grosso do Sul,,-54.6471,-20.514136,731.0,,"[""COORDINATE_ROUNDED"", ""CONTINENT_DERIVED_FROM_COORDINATES"", ""TAXON_ID_NOT_FOUND""]",2022-01-07T23:58
3712672812,"Scytodes fusca Walckenaer, 1837",Scytodes fusca,5169044,5169044,50c9509d-22c7-4a22-a47d-8c48425ef4a7,https://www.inaturalist.org/observations/108080167,HUMAN_OBSERVATION,BR,São Paulo,,-48.515278,-21.258056,,,"[""COORDINATE_ROUNDED"", ""CONTINENT_DERIVED_FROM_COORDINATES"", ""TAXON_ID_NOT_FOUND""]",2022-01-27T22:53
3747082054,"Scytodes fusca Walckenaer, 1837",Scytodes fusca,5169044,5169044,50c9509d-22c7-4a22-a47d-8c48425ef4a7,https://www.inaturalist.org/observations/109329838,HUMAN_OBSERVATION,BR,Ceará,,-38.471118,-3.831221,407.0,,"[""COORDINATE_ROUNDED"", ""CONTINENT_DERIVED_FROM_COORDINATES"", ""TAXON_ID_NOT_FOUND""]",2022-01-15T08:29
3747177357,"Scytodes fusca Walckenaer, 1837",Scytodes fusca,5169044,5169044,50c9509d-22c7-4a22-a47d-8c48425ef4a7,https://www.inaturalist.org/observations/109337515,HUMAN_OBSERVATION,BR,Ceará,,-38.471118,-3.831221,407.0,,"[""COORDINATE_ROUNDED"", ""CONTINENT_DERIVED_FROM_COORDINATES"", ""TAXON_ID_NOT_FOUND""]",2022-01-15T12:36
3764112395,"Scytodes fusca Walckenaer, 1837",Scytodes fusca,5169044,5169044,50c9509d-22c7-4a22-a47d-8c48425ef4a7,https://www.inaturalist.org/observations/105428210,HUMAN_OBSERVATION,BR,Rio de Janeiro,,-42.103254,-22.837614,8415.0,,"[""COORDINATE_ROUNDED"", ""CONTINENT_DERIVED_FROM_COORDINATES"", ""TAXON_ID_NOT_FOUND""]",2022-01-18T05:27:57
3784712405,"Scytodes fusca Walckenaer, 1837",Scytodes fusca,5169044,5169044,50c9509d-22c7-4a22-a47d-8c48425ef4a7,https://www.inaturalist.org/observations/105664282,HUMAN_OBSERVATION,PA,Colón,,-79.698983,9.119105,13.0,,"[""COORDINATE_ROUNDED"", ""CONTINENT_DERIVED_FROM_COORDINATES"", ""TAXON_ID_NOT_FOUND""]",2022-01-24T21:09
3784736385,"Scytodes fusca Walckenaer, 1837",Scytodes fusca,5169044,5169044,50c9509d-22c7-4a22-a47d-8c48425ef4a7,https://www.inaturalist.org/observations/105307643,HUMAN_OBSERVATION,HN,El Paraíso,,-86.55371,14.03723,977.0,,"[""COORDINATE_ROUNDED"", ""CONTINENT_DERIVED_FROM_COORDINATES"", ""TAXON_ID_NOT_FOUND""]",2022-01-21T05:46Z
3802561720,"Scytodes fusca Walckenaer, 1837",Scytodes fusca,5169044,5169044,50c9509d-22c7-4a22-a47d-8c48425ef4a7,https://www.inaturalist.org/observations/118163052,HUMAN_OBSERVATION,VE,Miranda,,-66.881431,10.406081,87.0,,"[""COORDINATE_ROUNDED"", ""CONTINENT_DERIVED_FROM_COORDINATES"", ""TAXON_ID_NOT_FOUND""]",2022-01-13T08:49:27
3892473938,"Scytodes fusca Walckenaer, 1837",Scytodes fusca,5169044,5169044,50c9509d-22c7-4a22-a47d-8c48425ef4a7,https://www.inaturalist.org/observations/130721560,HUMAN_OBSERVATION,BR,Minas Gerais,,-43.867074,-16.728932,10192.0,,"[""COORDINATE_ROUNDED"", ""CONTINENT_DERIVED_FROM_COORDINATES"", ""TAXON_ID_NOT_FOUND""]",2022-01-31T17:23:20
3698152529,"Scytodes fusca Walckenaer, 1837",Scytodes fusca,5169044,5169044,50c9509d-22c7-4a22-a47d-8c48425ef4a7,https://www.inaturalist.org/observations/106967674,HUMAN_OBSERVATION,BR,Goiás,,-48.947685,-16.380491,,,"[""COORDINATE_ROUNDED"", ""CONTINENT_DERIVED_FROM_COORDINATES"", ""TAXON_ID_NOT_FOUND""]",2022-02-16T11:26:10
3698320220,"Scytodes fusca Walckenaer, 1837",Scytodes fusca,5169044,5169044,50c9509d-22c7-4a22-a47d-8c48425ef4a7,https://www.inaturalist.org/observations/107355417,HUMAN_OBSERVATION,BR,Mato Grosso do Sul,,-54.6471,-20.514136,731.0,,"[""COORDINATE_ROUNDED"", ""CONTINENT_DERIVED_FROM_COORDINATES"", ""TAXON_ID_NOT_FOUND""]",2022-02-10T23:58
3759962849,"Scytodes fusca Walckenaer, 1837",Scytodes fusca,5169044,5169044,50c9509d-22c7-4a22-a47d-8c48425ef4a7,https://www.inaturalist.org/observations/112309384,HUMAN_OBSERVATION,BR,Ceará,,-38.633333,-3.983333,2164.0,,"[""COORDINATE_ROUNDED"", ""CONTINENT_DERIVED_FROM_COORDINATES"", ""TAXON_ID_NOT_FOUND""]",2022-02-11T18:35
3760042492,"Scytodes fusca Walckenaer, 1837",Scytodes fusca,5169044,5169044,50c9509d-22c7-4a22-a47d-8c48425ef4a7,https://www.inaturalist.org/observations/110978948,HUMAN_OBSERVATION,BR,Ceará,,-38.485697,-3.748662,443.0,,"[""COORDINATE_ROUNDED"", ""CONTINENT_DERIVED_FROM_COORDINATES"", ""TAXON_ID_NOT_FOUND""]",2022-02-05T13:22
3760087833,"Scytodes fusca Walckenaer, 1837",Scytodes fusca,5169044,5169044,50c9509d-22c7-4a22-a47d-8c48425ef4a7,https://www.inaturalist.org/observations/112309389,HUMAN_OBSERVATION,BR,Ceará,,-38.633333,-3.983333,2164.0,,"[""COORDINATE_ROUNDED"", ""CONTINENT_DERIVED_FROM_COORDINATES"", ""TAXON_ID_NOT_FOUND""]",2022-02-11T18:39
3764116410,"Scytodes fusca Walckenaer, 1837",Scytodes fusca,5169044,5169044,50c9509d-22c7-4a22-a47d-8c48425ef4a7,https://www.inaturalist.org/observations/107156125,HUMAN_OBSERVATION,TT,Tunapuna/Piarco,,-61.257185,10.739116,12.0,,"[""COORDINATE_ROUNDED"", ""CONTINENT_DERIVED_FROM_COORDINATES"", ""TAXON_ID_NOT_FOUND""]",2022-02-18T21:52
3764486427,"Scytodes fusca Walckenaer, 1837",Scytodes fusca,5169044,5169044,50c9509d-22c7-4a22-a47d-8c48425ef4a7,https://www.inaturalist.org/observations/107035255,HUMAN_OBSERVATION,BR,Rio de Janeiro,,-43.155018,-22.48557,,,"[""COORDINATE_ROUNDED"", ""CONTINENT_DERIVED_FROM_COORDINATES"", ""TAXON_ID_NOT_FOUND""]",2022-02-19T09:55:24
3764545405,"Scytodes fusca Walckenaer, 1837",Scytodes fusca,5169044,5169044,50c9509d-22c7-4a22-a47d-8c48425ef4a7,https://www.inaturalist.org/observations/106749445,HUMAN_OBSERVATION,TT,Penal-Debe,,-61.487105,10.233997,320.0,,"[""COORDINATE_ROUNDED"", ""CONTINENT_DERIVED_FROM_COORDINATES"", ""TAXON_ID_NOT_FOUND""]",2022-02-11T22:24
3784654387,"Scytodes fusca Walckenaer, 1837",Scytodes fusca,5169044,5169044,50c9509d-22c7-4a22-a47d-8c48425ef4a7,https://www.inaturalist.org/observations/106442871,HUMAN_OBSERVATION,CR,Heredia,,-84.00477,10.431263,657.0,,"[""COORDINATE_ROUNDED"", ""CONTINENT_DERIVED_FROM_COORDINATES"", ""TAXON_ID_NOT_FOUND""]",2022-02-06T19:47
3802313919,"Scytodes fusca Walckenaer, 1837",Scytodes fusca,5169044,5169044,50c9509d-22c7-4a22-a47d-8c48425ef4a7,https://www.inaturalist.org/observations/118846956,HUMAN_OBSERVATION,BR,Ceará,,-38.642881,-3.711164,623.0,,"[""COORDINATE_ROUNDED"", ""CONTINENT_DERIVED_FROM_COORDINATES"", ""TAXON_ID_NOT_FOUND""]",2022-02-27T09:02
3802355020,"Scytodes fusca Walckenaer, 1837",Scytodes fusca,5169044,5169044,50c9509d-22c7-4a22-a47d-8c48425ef4a7,https://www.inaturalist.org/observations/118847099,HUMAN_OBSERVATION,BR,Ceará,,-38.642881,-3.711164,623.0,,"[""COORDINATE_ROUNDED"", ""CONTINENT_DERIVED_FROM_COORDINATES"", ""TAXON_ID_NOT_FOUND""]",2022-02-27T09:52
3802479985,"Scytodes fusca Walckenaer, 1837",Scytodes fusca,5169044,5169044,50c9509d-22c7-4a22-a47d-8c48425ef4a7,https://www.inaturalist.org/observations/118847117,HUMAN_OBSERVATION,BR,Ceará,,-38.642881,-3.711164,623.0,,"[""COORDINATE_ROUNDED"", ""CONTINENT_DERIVED_FROM_COORDINATES"", ""TAXON_ID_NOT_FOUND""]",2022-02-27T09:53
3802626742,"Scytodes fusca Walckenaer, 1837",Scytodes fusca,5169044,5169044,50c9509d-22c7-4a22-a47d-8c48425ef4a7,https://www.inaturalist.org/observations/118847111,HUMAN_OBSERVATION,BR,Ceará,,-38.642881,-3.711164,623.0,,"[""COORDINATE_ROUNDED"", ""CONTINENT_DERIVED_FROM_COORDINATES"", ""TAXON_ID_NOT_FOUND""]",2022-02-27T09:53
4075628583,"Scytodes fusca Walckenaer, 1837",Scytodes fusca,5169044,5169044,50c9509d-22c7-4a22-a47d-8c48425ef4a7,https://www.inaturalist.org/observations/108195039,HUMAN_OBSERVATION,CR,Puntarenas,,-83.212179,8.702999,1785.0,,"[""COORDINATE_ROUNDED"", ""CONTINENT_DERIVED_FROM_COORDINATES"", ""TAXON_ID_NOT_FOUND""]",2022-02-14T22:50
4846770843,"Scytodes fusca Walckenaer, 1837",Scytodes fusca,5169044,5169044,50c9509d-22c7-4a22-a47d-8c48425ef4a7,https://www.inaturalist.org/observations/131921502,HUMAN_OBSERVATION,DK,Hovedstaden,,12.656599,55.637982,15.0,,"[""COORDINATE_ROUNDED"", ""CONTINENT_DERIVED_FROM_COORDINATES"", ""TAXON_ID_NOT_FOUND""]",2022-02-28T14:25
4909176104,"Scytodes fusca Walckenaer, 1837",Scytodes fusca,5169044,5169044,50c9509d-22c7-4a22-a47d-8c48425ef4a7,https://www.inaturalist.org/observations/151717982,HUMAN_OBSERVATION,CR,Heredia,,-84.003855,10.430822,,,"[""COORDINATE_ROUNDED"", ""CONTINENT_DERIVED_FROM_COORDINATES"", ""TAXON_ID_NOT_FOUND""]",2022-02-06T20:16
5133214246,"Scytodes fusca Walckenaer, 1837",Scytodes fusca,5169044,5169044,50c9509d-22c7-4a22-a47d-8c48425ef4a7,https://www.inaturalist.org/observations/152121263,HUMAN_OBSERVATION,CR,Cartago,,-83.751751,9.784103,25.0,,"[""COORDINATE_ROUNDED"", ""CONTINENT_DERIVED_FROM_COORDINATES"", ""TAXON_ID_NOT_FOUND""]",2022-02-10T23:15
5133254172,"Scytodes fusca Walckenaer, 1837",Scytodes fusca,5169044,5169044,50c9509d-22c7-4a22-a47d-8c48425ef4a7,https://www.inaturalist.org/observations/152121245,HUMAN_OBSERVATION,CR,Cartago,,-83.751751,9.784103,25.0,,"[""COORDINATE_ROUNDED"", ""CONTINENT_DERIVED_FROM_COORDINATES"", ""TAXON_ID_NOT_FOUND""]",2022-02-10T21:22
5827899763,"Scytodes fusca Walckenaer, 1837",Scytodes fusca,5169044,5169044,50c9509d-22c7-4a22-a47d-8c48425ef4a7,https://www.inaturalist.org/observations/106617656,HUMAN_OBSERVATION,US,Florida,,-80.212937,26.305807,4.0,,"[""COORDINATE_ROUNDED"", ""CONTINENT_DERIVED_FROM_COORDINATES"", ""TAXON_ID_NOT_FOUND""]",2022-02-10T21:03
3759600528,"Scytodes fusca Walckenaer, 1837",Scytodes fusca,5169044,5169044,50c9509d-22c7-4a22-a47d-8c48425ef4a7,https://www.inaturalist.org/observations/110033837,HUMAN_OBSERVATION,DK,Hovedstaden,,12.656457,55.637972,8.0,,"[""COORDINATE_ROUNDED"", ""CONTINENT_DERIVED_FROM_COORDINATES"", ""TAXON_ID_NOT_FOUND""]",2022-03-28T22:24
3759931520,"Scytodes fusca Walckenaer, 1837",Scytodes fusca,5169044,5169044,50c9509d-22c7-4a22-a47d-8c48425ef4a7,https://www.inaturalist.org/observations/110020049,HUMAN_OBSERVATION,DK,Hovedstaden,,12.656519,55.637981,8.0,,"[""COORDINATE_ROUNDED"", ""CONTINENT_DERIVED_FROM_COORDINATES"", ""TAXON_ID_NOT_FOUND""]",2022-03-29T03:57
3759959536,"Scytodes fusca Walckenaer, 1837",Scytodes fusca,5169044,5169044,50c9509d-22c7-4a22-a47d-8c48425ef4a7,https://www.inaturalist.org/observations/110098708,HUMAN_OBSERVATION,DK,Hovedstaden,,12.656558,55.637948,8.0,,"[""COORDINATE_ROUNDED"", ""CONTINENT_DERIVED_FROM_COORDINATES"", ""TAXON_ID_NOT_FOUND""]",2022-03-28T18:25
3759969535,"Scytodes fusca Walckenaer, 1837",Scytodes fusca,5169044,5169044,50c9509d-22c7-4a22-a47d-8c48425ef4a7,https://www.inaturalist.org/observations/110098709,HUMAN_OBSERVATION,DK,Hovedstaden,,12.656607,55.637967,2.0,,"[""COORDINATE_ROUNDED"", ""CONTINENT_DERIVED_FROM_COORDINATES"", ""TAXON_ID_NOT_FOUND""]",2022-03-28T18:25
3773290428,"Scytodes fusca Walckenaer, 1837",Scytodes fusca,5169044,5169044,50c9509d-22c7-4a22-a47d-8c48425ef4a7,https://www.inaturalist.org/observations/116045069,HUMAN_OBSERVATION,BR,Minas Gerais,,-43.975121,-19.916125,4.0,,"[""COORDINATE_ROUNDED"", ""CONTINENT_DERIVED_FROM_COORDINATES"", ""TAXON_ID_NOT_FOUND""]",2022-03-03T08:30
3858531944,"Scytodes fusca Walckenaer, 1837",Scytodes fusca,5169044,5169044,50c9509d-22c7-4a22-a47d-8c48425ef4a7,https://www.inaturalist.org/observations/122059243,HUMAN_OBSERVATION,BR,Ceará,,-38.471118,-3.831221,407.0,,"[""COORDINATE_ROUNDED"", ""CONTINENT_DERIVED_FROM_COORDINATES"", ""TAXON_ID_NOT_FOUND""]",2022-03-24T09:31
3858590810,"Scytodes fusca Walckenaer, 1837",Scytodes fusca,5169044,5169044,50c9509d-22c7-4a22-a47d-8c48425ef4a7,https://www.inaturalist.org/observations/122059011,HUMAN_OBSERVATION,BR,Ceará,,-38.471118,-3.831221,407.0,,"[""COORDINATE_ROUNDED"", ""CONTINENT_DERIVED_FROM_COORDINATES"", ""TAXON_ID_NOT_FOUND""]",2022-03-24T08:13
3858668949,"Scytodes fusca Walckenaer, 1837",Scytodes fusca,5169044,5169044,50c9509d-22c7-4a22-a47d-8c48425ef4a7,https://www.inaturalist.org/observations/122059410,HUMAN_OBSERVATION,BR,Ceará,,-38.471118,-3.831221,407.0,,"[""COORDINATE_ROUNDED"", ""CONTINENT_DERIVED_FROM_COORDINATES"", ""TAXON_ID_NOT_FOUND""]",2022-03-24T13:04
3858831020,"Scytodes fusca Walckenaer, 1837",Scytodes fusca,5169044,5169044,50c9509d-22c7-4a22-a47d-8c48425ef4a7,https://www.inaturalist.org/observations/122059043,HUMAN_OBSERVATION,BR,Ceará,,-38.471118,-3.831221,407.0,,"[""COORDINATE_ROUNDED"", ""CONTINENT_DERIVED_FROM_COORDINATES"", ""TAXON_ID_NOT_FOUND""]",2022-03-24T08:25
3858915024,"Scytodes fusca Walckenaer, 1837",Scytodes fusca,5169044,5169044,50c9509d-22c7-4a22-a47d-8c48425ef4a7,https://www.inaturalist.org/observations/122059183,HUMAN_OBSERVATION,BR,Ceará,,-38.471118,-3.831221,407.0,,"[""COORDINATE_ROUNDED"", ""CONTINENT_DERIVED_FROM_COORDINATES"", ""TAXON_ID_NOT_FOUND""]",2022-03-24T08:49
3859271975,"Scytodes fusca Walckenaer, 1837",Scytodes fusca,5169044,5169044,50c9509d-22c7-4a22-a47d-8c48425ef4a7,https://www.inaturalist.org/observations/122059179,HUMAN_OBSERVATION,BR,Ceará,,-38.471118,-3.831221,407.0,,"[""COORDINATE_ROUNDED"", ""CONTINENT_DERIVED_FROM_COORDINATES"", ""TAXON_ID_NOT_FOUND""]",2022-03-24T08:46
4018275616,"Scytodes fusca Walckenaer, 1837",Scytodes fusca,5169044,5169044,50c9509d-22c7-4a22-a47d-8c48425ef4a7,https://www.inaturalist.org/observations/127910523,HUMAN_OBSERVATION,DK,Hovedstaden,,12.65661,55.637943,2.0,,"[""COORDINATE_ROUNDED"", ""CONTINENT_DERIVED_FROM_COORDINATES"", ""TAXON_ID_NOT_FOUND""]",2022-03-28T22:11
4018561600,"Scytodes fusca Walckenaer, 1837",Scytodes fusca,5169044,5169044,50c9509d-22c7-4a22-a47d-8c48425ef4a7,https://www.inaturalist.org/observations/127910515,HUMAN_OBSERVATION,DK,Hovedstaden,,12.656603,55.637973,8.0,,"[""COORDINATE_ROUNDED"", ""CONTINENT_DERIVED_FROM_COORDINATES"", ""TAXON_ID_NOT_FOUND""]",2022-03-28T21:55
4067177552,"Scytodes fusca Walckenaer, 1837",Scytodes fusca,5169044,5169044,50c9509d-22c7-4a22-a47d-8c48425ef4a7,https://www.inaturalist.org/observations/109374604,HUMAN_OBSERVATION,ID,Jawa Tengah,,110.376369,-7.393196,,,"[""COORDINATE_ROUNDED"", ""CONTINENT_DERIVED_FROM_COORDINATES"", ""TAXON_ID_NOT_FOUND""]",2022-03-24T09:14
4465732633,"Scytodes fusca Walckenaer, 1837",Scytodes fusca,5169044,5169044,50c9509d-22c7-4a22-a47d-8c48425ef4a7,https://www.inaturalist.org/observations/193540718,HUMAN_OBSERVATION,BR,Rio de Janeiro,,-43.205661,-22.801194,14.0,,"[""COORDINATE_ROUNDED"", ""CONTINENT_DERIVED_FROM_COORDINATES"", ""TAXON_ID_NOT_FOUND""]",2022-03-19T19:11
4846728510,"Scytodes fusca Walckenaer, 1837",Scytodes fusca,5169044,5169044,50c9509d-22c7-4a22-a47d-8c48425ef4a7,https://www.inaturalist.org/observations/131925374,HUMAN_OBSERVATION,DK,Hovedstaden,,12.656653,55.63797,14.0,,"[""COORDINATE_ROUNDED"", ""CONTINENT_DERIVED_FROM_COORDINATES"", ""TAXON_ID_NOT_FOUND""]",2022-03-28T14:22
4846729793,"Scytodes fusca Walckenaer, 1837",Scytodes fusca,5169044,5169044,50c9509d-22c7-4a22-a47d-8c48425ef4a7,https://www.inaturalist.org/observations/127905658,HUMAN_OBSERVATION,DK,Hovedstaden,,12.656645,55.63796,8.0,,"[""COORDINATE_ROUNDED"", ""CONTINENT_DERIVED_FROM_COORDINATES"", ""TAXON_ID_NOT_FOUND""]",2022-03-28T11:30
4846759606,"Scytodes fusca Walckenaer, 1837",Scytodes fusca,5169044,5169044,50c9509d-22c7-4a22-a47d-8c48425ef4a7,https://www.inaturalist.org/observations/132193523,HUMAN_OBSERVATION,DK,Hovedstaden,,12.656682,55.637955,4.0,,"[""COORDINATE_ROUNDED"", ""CONTINENT_DERIVED_FROM_COORDINATES"", ""TAXON_ID_NOT_FOUND""]",2022-03-28T13:00
4846770824,"Scytodes fusca Walckenaer, 1837",Scytodes fusca,5169044,5169044,50c9509d-22c7-4a22-a47d-8c48425ef4a7,https://www.inaturalist.org/observations/127905655,HUMAN_OBSERVATION,DK,Hovedstaden,,12.656644,55.637981,31.0,,"[""COORDINATE_ROUNDED"", ""CONTINENT_DERIVED_FROM_COORDINATES"", ""TAXON_ID_NOT_FOUND""]",2022-03-28T11:21
4846771747,"Scytodes fusca Walckenaer, 1837",Scytodes fusca,5169044,5169044,50c9509d-22c7-4a22-a47d-8c48425ef4a7,https://www.inaturalist.org/observations/132193464,HUMAN_OBSERVATION,DK,Hovedstaden,,12.656576,55.637952,4.0,,"[""COORDINATE_ROUNDED"", ""CONTINENT_DERIVED_FROM_COORDINATES"", ""TAXON_ID_NOT_FOUND""]",2022-03-28T13:43
4846927850,"Scytodes fusca Walckenaer, 1837",Scytodes fusca,5169044,5169044,50c9509d-22c7-4a22-a47d-8c48425ef4a7,https://www.inaturalist.org/observations/132193382,HUMAN_OBSERVATION,DK,Hovedstaden,,12.656578,55.637998,15.0,,"[""COORDINATE_ROUNDED"", ""CONTINENT_DERIVED_FROM_COORDINATES"", ""TAXON_ID_NOT_FOUND""]",2022-03-28T16:29
4846996798,"Scytodes fusca Walckenaer, 1837",Scytodes fusca,5169044,5169044,50c9509d-22c7-4a22-a47d-8c48425ef4a7,https://www.inaturalist.org/observations/127903255,HUMAN_OBSERVATION,DK,Hovedstaden,,12.656546,55.637971,17.0,,"[""COORDINATE_ROUNDED"", ""CONTINENT_DERIVED_FROM_COORDINATES"", ""TAXON_ID_NOT_FOUND""]",2022-03-28T11:37
4847120794,"Scytodes fusca Walckenaer, 1837",Scytodes fusca,5169044,5169044,50c9509d-22c7-4a22-a47d-8c48425ef4a7,https://www.inaturalist.org/observations/127906800,HUMAN_OBSERVATION,DK,Hovedstaden,,12.656601,55.637993,31.0,,"[""COORDINATE_ROUNDED"", ""CONTINENT_DERIVED_FROM_COORDINATES"", ""TAXON_ID_NOT_FOUND""]",2022-03-28T11:18
4937150991,"Scytodes fusca Walckenaer, 1837",Scytodes fusca,5169044,5169044,50c9509d-22c7-4a22-a47d-8c48425ef4a7,https://www.inaturalist.org/observations/108319622,HUMAN_OBSERVATION,BR,São Paulo,,-46.706693,-23.653663,4143.0,,"[""COORDINATE_ROUNDED"", ""CONTINENT_DERIVED_FROM_COORDINATES"", ""TAXON_ID_NOT_FOUND""]",2022-03-06T16:47
5893930102,"Scytodes fusca Walckenaer, 1837",Scytodes fusca,5169044,5169044,963a6b96-4d22-4428-86e4-afee52cf4a8e,https://arter.dk//fund/30505368,HUMAN_OBSERVATION,DK,,,12.656538,55.637959,0.5,,"[""CONTINENT_DERIVED_FROM_COORDINATES"", ""TAXON_ID_NOT_FOUND""]",2022-03-28
3759296176,"Scytodes fusca Walckenaer, 1837",Scytodes fusca,5169044,5169044,50c9509d-22c7-4a22-a47d-8c48425ef4a7,https://www.inaturalist.org/observations/111707680,HUMAN_OBSERVATION,BR,Goiás,,-47.932145,-16.264655,5.0,,"[""CONTINENT_DERIVED_FROM_COORDINATES"", ""TAXON_ID_NOT_FOUND""]",2022-04-16T19:13:35
3772604195,"Scytodes fusca Walckenaer, 1837",Scytodes fusca,5169044,5169044,50c9509d-22c7-4a22-a47d-8c48425ef4a7,https://www.inaturalist.org/observations/115648087,HUMAN_OBSERVATION,MX,Sinaloa,,-106.426017,23.180126,219.0,,"[""COORDINATE_ROUNDED"", ""CONTINENT_DERIVED_FROM_COORDINATES"", ""TAXON_ID_NOT_FOUND""]",2022-04-29T10:00
3772753512,"Scytodes fusca Walckenaer, 1837",Scytodes fusca,5169044,5169044,50c9509d-22c7-4a22-a47d-8c48425ef4a7,https://www.inaturalist.org/observations/111746818,HUMAN_OBSERVATION,BM,Paget,,-64.775585,32.281575,,,"[""CONTINENT_DERIVED_FROM_COORDINATES"", ""TAXON_ID_NOT_FOUND""]",2022-04-01T00:34
3784922451,"Scytodes fusca Walckenaer, 1837",Scytodes fusca,5169044,5169044,50c9509d-22c7-4a22-a47d-8c48425ef4a7,https://www.inaturalist.org/observations/112641124,HUMAN_OBSERVATION,CR,Puntarenas,,-83.20159,8.701021,300.0,,"[""COORDINATE_ROUNDED"", ""CONTINENT_DERIVED_FROM_COORDINATES"", ""TAXON_ID_NOT_FOUND""]",2022-04-05T13:25
3858282119,"Scytodes fusca Walckenaer, 1837",Scytodes fusca,5169044,5169044,50c9509d-22c7-4a22-a47d-8c48425ef4a7,https://www.inaturalist.org/observations/115737476,HUMAN_OBSERVATION,MX,Sinaloa,,-106.426752,23.178507,,,"[""COORDINATE_ROUNDED"", ""CONTINENT_DERIVED_FROM_COORDINATES"", ""TAXON_ID_NOT_FOUND""]",2022-04-29T09:59
3873664613,"Scytodes fusca Walckenaer, 1837",Scytodes fusca,5169044,5169044,50c9509d-22c7-4a22-a47d-8c48425ef4a7,https://www.inaturalist.org/observations/112763870,HUMAN_OBSERVATION,US,Florida,,-80.1376,26.988905,2.0,,"[""COORDINATE_ROUNDED"", ""CONTINENT_DERIVED_FROM_COORDINATES"", ""TAXON_ID_NOT_FOUND""]",2022-04-22T20:53
4607348952,"Scytodes fusca Walckenaer, 1837",Scytodes fusca,5169044,5169044,50c9509d-22c7-4a22-a47d-8c48425ef4a7,https://www.inaturalist.org/observations/112487030,HUMAN_OBSERVATION,AU,Queensland,,152.89185,-25.293715,39.0,,"[""COORDINATE_ROUNDED"", ""CONTINENT_DERIVED_FROM_COORDINATES"", ""TAXON_ID_NOT_FOUND""]",2022-04-18T09:29:38
5859889794,BOLD:AAG5665,Scytodes fusca,10546508,10546508,040c5662-da76-4782-a48e-cdea1892d14c,EMISA10365-22,MATERIAL_SAMPLE,EC,Galapagos,,-90.9986,-0.84564,,,"[""COORDINATE_ROUNDED"", ""GEODETIC_DATUM_ASSUMED_WGS84"", ""CONTINENT_DERIVED_FROM_COORDINATES"", ""TAXON_CONCEPT_ID_NOT_FOUND"", ""TAXON_ID_NOT_FOUND"", ""COLLECTION_MATCH_NONE"", ""INSTITUTION_MATCH_FUZZY""]",2022-04-06
5864209507,BOLD:AAG5665,Scytodes fusca,10546508,10546508,040c5662-da76-4782-a48e-cdea1892d14c,MATRX1530-22,MATERIAL_SAMPLE,EC,Galapagos,,-90.9986,-0.84564,,,"[""COORDINATE_ROUNDED"", ""GEODETIC_DATUM_ASSUMED_WGS84"", ""CONTINENT_DERIVED_FROM_COORDINATES"", ""TAXON_CONCEPT_ID_NOT_FOUND"", ""TAXON_ID_NOT_FOUND"", ""COLLECTION_MATCH_NONE"", ""INSTITUTION_MATCH_FUZZY""]",2022-04-06
3772806115,"Scytodes fusca Walckenaer, 1837",Scytodes fusca,5169044,5169044,50c9509d-22c7-4a22-a47d-8c48425ef4a7,https://www.inaturalist.org/observations/114349549,HUMAN_OBSERVATION,US,Florida,,-80.194113,25.85377,8.0,,"[""COORDINATE_ROUNDED"", ""CONTINENT_DERIVED_FROM_COORDINATES"", ""TAXON_ID_NOT_FOUND""]",2022-05-01T12:05:19
3773182158,"Scytodes fusca Walckenaer, 1837",Scytodes fusca,5169044,5169044,50c9509d-22c7-4a22-a47d-8c48425ef4a7,https://www.inaturalist.org/observations/116418415,HUMAN_OBSERVATION,ID,Jawa Barat,,107.75795,-6.977106,8.0,,"[""CONTINENT_DERIVED_FROM_COORDINATES"", ""TAXON_ID_NOT_FOUND""]",2022-05-10T20:10
3858528614,"Scytodes fusca Walckenaer, 1837",Scytodes fusca,5169044,5169044,50c9509d-22c7-4a22-a47d-8c48425ef4a7,https://www.inaturalist.org/observations/120506165,HUMAN_OBSERVATION,BR,São Paulo,,-46.624005,-23.501112,30175.0,,"[""COORDINATE_ROUNDED"", ""CONTINENT_DERIVED_FROM_COORDINATES"", ""TAXON_ID_NOT_FOUND""]",2022-05-23T19:00
3859997545,"Scytodes fusca Walckenaer, 1837",Scytodes fusca,5169044,5169044,50c9509d-22c7-4a22-a47d-8c48425ef4a7,https://www.inaturalist.org/observations/119220167,HUMAN_OBSERVATION,US,Florida,,-82.556114,27.26911,35.0,,"[""COORDINATE_ROUNDED"", ""CONTINENT_DERIVED_FROM_COORDINATES"", ""TAXON_ID_NOT_FOUND""]",2022-05-29T07:35:45
3860707424,"Scytodes fusca Walckenaer, 1837",Scytodes fusca,5169044,5169044,50c9509d-22c7-4a22-a47d-8c48425ef4a7,https://www.inaturalist.org/observations/120265555,HUMAN_OBSERVATION,US,Florida,,-80.370058,25.692616,,,"[""COORDINATE_ROUNDED"", ""CONTINENT_DERIVED_FROM_COORDINATES"", ""TAXON_ID_NOT_FOUND""]",2022-05-20T07:47:18
3873150656,"Scytodes fusca Walckenaer, 1837",Scytodes fusca,5169044,5169044,50c9509d-22c7-4a22-a47d-8c48425ef4a7,https://www.inaturalist.org/observations/127248129,HUMAN_OBSERVATION,BR,Ceará,,-38.529515,-3.757377,283.0,,"[""COORDINATE_ROUNDED"", ""CONTINENT_DERIVED_FROM_COORDINATES"", ""TAXON_ID_NOT_FOUND""]",2022-05-14T10:12
3873434366,"Scytodes fusca Walckenaer, 1837",Scytodes fusca,5169044,5169044,50c9509d-22c7-4a22-a47d-8c48425ef4a7,https://www.inaturalist.org/observations/127248106,HUMAN_OBSERVATION,BR,Ceará,,-38.529515,-3.757377,283.0,,"[""COORDINATE_ROUNDED"", ""CONTINENT_DERIVED_FROM_COORDINATES"", ""TAXON_ID_NOT_FOUND""]",2022-05-14T10:04
4075616633,"Scytodes fusca Walckenaer, 1837",Scytodes fusca,5169044,5169044,50c9509d-22c7-4a22-a47d-8c48425ef4a7,https://www.inaturalist.org/observations/117527487,HUMAN_OBSERVATION,US,Florida,,-82.566597,27.4973,5.0,,"[""COORDINATE_ROUNDED"", ""CONTINENT_DERIVED_FROM_COORDINATES"", ""TAXON_ID_NOT_FOUND""]",2022-05-17T20:20
3858517326,"Scytodes fusca Walckenaer, 1837",Scytodes fusca,5169044,5169044,50c9509d-22c7-4a22-a47d-8c48425ef4a7,https://www.inaturalist.org/observations/121249795,HUMAN_OBSERVATION,BR,São Paulo,,-46.671334,-23.660296,44.0,,"[""COORDINATE_ROUNDED"", ""CONTINENT_DERIVED_FROM_COORDINATES"", ""TAXON_ID_NOT_FOUND""]",2022-06-10T23:46:58
3858857691,"Scytodes fusca Walckenaer, 1837",Scytodes fusca,5169044,5169044,50c9509d-22c7-4a22-a47d-8c48425ef4a7,https://www.inaturalist.org/observations/121747683,HUMAN_OBSERVATION,US,Florida,,-80.330513,26.053386,65.0,,"[""COORDINATE_ROUNDED"", ""CONTINENT_DERIVED_FROM_COORDINATES"", ""TAXON_ID_NOT_FOUND""]",2022-06-14T11:53:50
3860473686,"Scytodes fusca Walckenaer, 1837",Scytodes fusca,5169044,5169044,50c9509d-22c7-4a22-a47d-8c48425ef4a7,https://www.inaturalist.org/observations/123008723,HUMAN_OBSERVATION,EC,El Oro,,-79.953628,-3.266875,43.0,,"[""COORDINATE_ROUNDED"", ""CONTINENT_DERIVED_FROM_COORDINATES"", ""TAXON_ID_NOT_FOUND""]",2022-06-17T12:08:12
3860500479,"Scytodes fusca Walckenaer, 1837",Scytodes fusca,5169044,5169044,50c9509d-22c7-4a22-a47d-8c48425ef4a7,https://www.inaturalist.org/observations/122647287,HUMAN_OBSERVATION,BR,São Paulo,,-49.03141,-22.348653,84.0,,"[""COORDINATE_ROUNDED"", ""CONTINENT_DERIVED_FROM_COORDINATES"", ""TAXON_ID_NOT_FOUND""]",2022-06-20T09:05:15
3860533786,"Scytodes fusca Walckenaer, 1837",Scytodes fusca,5169044,5169044,50c9509d-22c7-4a22-a47d-8c48425ef4a7,https://www.inaturalist.org/observations/123040480,HUMAN_OBSERVATION,US,Florida,,-82.176588,28.044889,75.0,,"[""COORDINATE_ROUNDED"", ""CONTINENT_DERIVED_FROM_COORDINATES"", ""TAXON_ID_NOT_FOUND""]",2022-06-22T23:25:12
3860727463,"Scytodes fusca Walckenaer, 1837",Scytodes fusca,5169044,5169044,50c9509d-22c7-4a22-a47d-8c48425ef4a7,https://www.inaturalist.org/observations/123852907,HUMAN_OBSERVATION,US,Florida,,-82.374873,27.106609,11.0,,"[""COORDINATE_ROUNDED"", ""CONTINENT_DERIVED_FROM_COORDINATES"", ""TAXON_ID_NOT_FOUND""]",2022-06-28T12:53:47
3912057106,"Scytodes fusca Walckenaer, 1837",Scytodes fusca,5169044,5169044,50c9509d-22c7-4a22-a47d-8c48425ef4a7,https://www.inaturalist.org/observations/135041143,HUMAN_OBSERVATION,US,Florida,,-82.577228,27.331684,3.0,,"[""COORDINATE_ROUNDED"", ""CONTINENT_DERIVED_FROM_COORDINATES"", ""TAXON_ID_NOT_FOUND""]",2022-06-27T11:46
4407337464,"Scytodes fusca Walckenaer, 1837",Scytodes fusca,5169044,5169044,50c9509d-22c7-4a22-a47d-8c48425ef4a7,https://www.inaturalist.org/observations/122214166,HUMAN_OBSERVATION,PT,Santarém,,-8.486459,39.403497,22.0,,"[""COORDINATE_ROUNDED"", ""CONTINENT_DERIVED_FROM_COORDINATES"", ""TAXON_ID_NOT_FOUND""]",2022-06-17T13:07:49
4512075706,"Scytodes fusca Walckenaer, 1837",Scytodes fusca,5169044,5169044,50c9509d-22c7-4a22-a47d-8c48425ef4a7,https://www.inaturalist.org/observations/123550902,HUMAN_OBSERVATION,US,Florida,,-82.60236,27.885541,29680.0,,"[""COORDINATE_ROUNDED"", ""CONTINENT_DERIVED_FROM_COORDINATES"", ""TAXON_ID_NOT_FOUND""]",2022-06-26T12:37:14
5086977372,"Scytodes fusca Walckenaer, 1837",Scytodes fusca,5169044,5169044,50c9509d-22c7-4a22-a47d-8c48425ef4a7,https://www.inaturalist.org/observations/121575433,HUMAN_OBSERVATION,BM,Saint George's,,-64.663163,32.347572,71.0,,"[""COORDINATE_ROUNDED"", ""CONTINENT_DERIVED_FROM_COORDINATES"", ""TAXON_ID_NOT_FOUND""]",2022-06-12T13:23:40
3860824199,"Scytodes fusca Walckenaer, 1837",Scytodes fusca,5169044,5169044,50c9509d-22c7-4a22-a47d-8c48425ef4a7,https://www.inaturalist.org/observations/124836723,HUMAN_OBSERVATION,US,Florida,,-80.262726,25.742717,8.0,,"[""COORDINATE_ROUNDED"", ""CONTINENT_DERIVED_FROM_COORDINATES"", ""TAXON_ID_NOT_FOUND""]",2022-07-04T23:31:24
3873617481,"Scytodes fusca Walckenaer, 1837",Scytodes fusca,5169044,5169044,50c9509d-22c7-4a22-a47d-8c48425ef4a7,https://www.inaturalist.org/observations/126172158,HUMAN_OBSERVATION,ID,Jawa Barat,,107.771212,-6.931855,2.0,,"[""COORDINATE_ROUNDED"", ""CONTINENT_DERIVED_FROM_COORDINATES"", ""TAXON_ID_NOT_FOUND""]",2022-07-13T07:54
3881493140,"Scytodes fusca Walckenaer, 1837",Scytodes fusca,5169044,5169044,50c9509d-22c7-4a22-a47d-8c48425ef4a7,https://www.inaturalist.org/observations/128634756,HUMAN_OBSERVATION,US,Florida,,-81.377725,28.526122,14.0,,"[""COORDINATE_ROUNDED"", ""CONTINENT_DERIVED_FROM_COORDINATES"", ""TAXON_ID_NOT_FOUND""]",2022-07-29T21:54:39
3881831283,"Scytodes fusca Walckenaer, 1837",Scytodes fusca,5169044,5169044,50c9509d-22c7-4a22-a47d-8c48425ef4a7,https://www.inaturalist.org/observations/129146501,HUMAN_OBSERVATION,BR,Ceará,,-38.485697,-3.748662,443.0,,"[""COORDINATE_ROUNDED"", ""CONTINENT_DERIVED_FROM_COORDINATES"", ""TAXON_ID_NOT_FOUND""]",2022-07-16T11:31
3892375486,"Scytodes fusca Walckenaer, 1837",Scytodes fusca,5169044,5169044,50c9509d-22c7-4a22-a47d-8c48425ef4a7,https://www.inaturalist.org/observations/128216774,HUMAN_OBSERVATION,MX,Michoacán,,-101.221455,19.712302,5.0,,"[""COORDINATE_ROUNDED"", ""CONTINENT_DERIVED_FROM_COORDINATES"", ""TAXON_ID_NOT_FOUND""]",2022-07-16T23:43:31
3923563565,"Scytodes fusca Walckenaer, 1837",Scytodes fusca,5169044,5169044,50c9509d-22c7-4a22-a47d-8c48425ef4a7,https://www.inaturalist.org/observations/127688700,HUMAN_OBSERVATION,BR,Mato Grosso do Sul,,-57.55336,-17.831497,,,"[""COORDINATE_ROUNDED"", ""CONTINENT_DERIVED_FROM_COORDINATES"", ""TAXON_ID_NOT_FOUND""]",2022-07-24T05:57:50
4413560647,"Scytodes fusca Walckenaer, 1837",Scytodes fusca,5169044,5169044,50c9509d-22c7-4a22-a47d-8c48425ef4a7,https://www.inaturalist.org/observations/142640530,HUMAN_OBSERVATION,CR,Alajuela,,-84.651976,10.452494,512.0,,"[""COORDINATE_ROUNDED"", ""CONTINENT_DERIVED_FROM_COORDINATES"", ""TAXON_ID_NOT_FOUND""]",2022-07-11T22:43
3892424954,"Scytodes fusca Walckenaer, 1837",Scytodes fusca,5169044,5169044,50c9509d-22c7-4a22-a47d-8c48425ef4a7,https://www.inaturalist.org/observations/130661953,HUMAN_OBSERVATION,BR,Ceará,,-38.471118,-3.831221,407.0,,"[""COORDINATE_ROUNDED"", ""CONTINENT_DERIVED_FROM_COORDINATES"", ""TAXON_ID_NOT_FOUND""]",2022-08-09T08:24
3892679160,"Scytodes fusca Walckenaer, 1837",Scytodes fusca,5169044,5169044,50c9509d-22c7-4a22-a47d-8c48425ef4a7,https://www.inaturalist.org/observations/130995102,HUMAN_OBSERVATION,US,Florida,,-80.166035,26.66746,17.0,,"[""COORDINATE_ROUNDED"", ""CONTINENT_DERIVED_FROM_COORDINATES"", ""TAXON_ID_NOT_FOUND""]",2022-08-15
3902252461,"Scytodes fusca Walckenaer, 1837",Scytodes fusca,5169044,5169044,50c9509d-22c7-4a22-a47d-8c48425ef4a7,https://www.inaturalist.org/observations/131957071,HUMAN_OBSERVATION,US,Florida,,-82.176572,28.044861,,,"[""COORDINATE_ROUNDED"", ""CONTINENT_DERIVED_FROM_COORDINATES"", ""TAXON_ID_NOT_FOUND""]",2022-08-22T20:50:10
3902538371,"Scytodes fusca Walckenaer, 1837",Scytodes fusca,5169044,5169044,50c9509d-22c7-4a22-a47d-8c48425ef4a7,https://www.inaturalist.org/observations/131450954,HUMAN_OBSERVATION,GT,Guatemala,,-90.52793,14.655656,12.0,,"[""COORDINATE_ROUNDED"", ""CONTINENT_DERIVED_FROM_COORDINATES"", ""TAXON_ID_NOT_FOUND""]",2022-08-17
3902749725,"Scytodes fusca Walckenaer, 1837",Scytodes fusca,5169044,5169044,50c9509d-22c7-4a22-a47d-8c48425ef4a7,https://www.inaturalist.org/observations/131747109,HUMAN_OBSERVATION,BR,São Paulo,,-46.686992,-23.471481,,,"[""COORDINATE_ROUNDED"", ""CONTINENT_DERIVED_FROM_COORDINATES"", ""TAXON_ID_NOT_FOUND""]",2022-08-15T08:19:34
3903379416,"Scytodes fusca Walckenaer, 1837",Scytodes fusca,5169044,5169044,50c9509d-22c7-4a22-a47d-8c48425ef4a7,https://www.inaturalist.org/observations/132543285,HUMAN_OBSERVATION,BR,São Paulo,,-46.690306,-23.610488,24.0,,"[""COORDINATE_ROUNDED"", ""CONTINENT_DERIVED_FROM_COORDINATES"", ""TAXON_ID_NOT_FOUND""]",2022-08-27T18:41:55
3903525699,"Scytodes fusca Walckenaer, 1837",Scytodes fusca,5169044,5169044,50c9509d-22c7-4a22-a47d-8c48425ef4a7,https://www.inaturalist.org/observations/133207549,HUMAN_OBSERVATION,IN,Chhattisgarh,,83.377902,21.829353,30338.0,,"[""COORDINATE_ROUNDED"", ""CONTINENT_DERIVED_FROM_COORDINATES"", ""TAXON_ID_NOT_FOUND""]",2022-08-28T16:22:34
4923911208,"Scytodes fusca Walckenaer, 1837",Scytodes fusca,5169044,5169044,50c9509d-22c7-4a22-a47d-8c48425ef4a7,https://www.inaturalist.org/observations/130615665,HUMAN_OBSERVATION,IN,Maharashtra,,75.591247,19.993272,,,"[""COORDINATE_ROUNDED"", ""CONTINENT_DERIVED_FROM_COORDINATES"", ""TAXON_ID_NOT_FOUND""]",2022-08-13T09:51:50
5176355340,"Scytodes fusca Walckenaer, 1837",Scytodes fusca,5169044,5169044,50c9509d-22c7-4a22-a47d-8c48425ef4a7,https://www.inaturalist.org/observations/131159681,HUMAN_OBSERVATION,US,Florida,,-82.518478,27.27697,190.0,,"[""COORDINATE_ROUNDED"", ""CONTINENT_DERIVED_FROM_COORDINATES"", ""TAXON_ID_NOT_FOUND""]",2022-08-16T23:55:34
3903612639,"Scytodes fusca Walckenaer, 1837",Scytodes fusca,5169044,5169044,50c9509d-22c7-4a22-a47d-8c48425ef4a7,https://www.inaturalist.org/observations/133730721,HUMAN_OBSERVATION,SG,North-East,,103.969127,1.408479,61.0,,"[""COORDINATE_ROUNDED"", ""CONTINENT_DERIVED_FROM_COORDINATES"", ""TAXON_ID_NOT_FOUND""]",2022-09-04T12:17
3915275198,"Scytodes fusca Walckenaer, 1837",Scytodes fusca,5169044,5169044,50c9509d-22c7-4a22-a47d-8c48425ef4a7,https://www.inaturalist.org/observations/136021001,HUMAN_OBSERVATION,HN,El Paraíso,,-86.55371,14.03723,977.0,,"[""COORDINATE_ROUNDED"", ""CONTINENT_DERIVED_FROM_COORDINATES"", ""TAXON_ID_NOT_FOUND""]",2022-09-21T18:05
3915522793,"Scytodes fusca Walckenaer, 1837",Scytodes fusca,5169044,5169044,50c9509d-22c7-4a22-a47d-8c48425ef4a7,https://www.inaturalist.org/observations/136635133,HUMAN_OBSERVATION,BR,Ceará,,-38.499886,-3.754822,272.0,,"[""COORDINATE_ROUNDED"", ""CONTINENT_DERIVED_FROM_COORDINATES"", ""TAXON_ID_NOT_FOUND""]",2022-09-10T17:48
3915566389,"Scytodes fusca Walckenaer, 1837",Scytodes fusca,5169044,5169044,50c9509d-22c7-4a22-a47d-8c48425ef4a7,https://www.inaturalist.org/observations/136101772,HUMAN_OBSERVATION,BR,Minas Gerais,,-44.990387,-19.871616,,,"[""COORDINATE_ROUNDED"", ""CONTINENT_DERIVED_FROM_COORDINATES"", ""TAXON_ID_NOT_FOUND""]",2022-09-09T11:51
4050781071,"Scytodes fusca Walckenaer, 1837",Scytodes fusca,5169044,5169044,d22e84ea-9d91-4c2a-afec-dee11a1b20fe,EEAFA46D-3C83-3342-E053-0514A8C027ED,HUMAN_OBSERVATION,MQ,,Ilet ceron,-60.97952,14.47621,,,"[""COUNTRY_MISMATCH"", ""CONTINENT_DERIVED_FROM_COORDINATES"", ""TAXON_ID_NOT_FOUND""]",2022-09-20
4512491489,"Scytodes fusca Walckenaer, 1837",Scytodes fusca,5169044,5169044,6687db33-124a-477c-8353-2fc4efb525d5,JorgenLissner-Araneae-JL13510,PRESERVED_SPECIMEN,DK,,"Kastrup, Den Blå Planet",12.65633,55.63829,,,"[""TAXON_ID_NOT_FOUND"", ""OCCURRENCE_STATUS_INFERRED_FROM_INDIVIDUAL_COUNT""]",2022-09-25
4868090430,"Scytodes fusca Walckenaer, 1837",Scytodes fusca,5169044,5169044,50c9509d-22c7-4a22-a47d-8c48425ef4a7,https://www.inaturalist.org/observations/134833294,HUMAN_OBSERVATION,PF,Îles du Vent,,-149.827067,-17.490236,4.0,,"[""COORDINATE_ROUNDED"", ""CONTINENT_DERIVED_FROM_COORDINATES"", ""TAXON_ID_NOT_FOUND""]",2022-09-12T15:09:27
5133210926,"Scytodes fusca Walckenaer, 1837",Scytodes fusca,5169044,5169044,50c9509d-22c7-4a22-a47d-8c48425ef4a7,https://www.inaturalist.org/observations/136242065,HUMAN_OBSERVATION,US,Florida,,-81.950578,28.031033,,,"[""COORDINATE_ROUNDED"", ""CONTINENT_DERIVED_FROM_COORDINATES"", ""TAXON_ID_NOT_FOUND""]",2022-09-24T01:19:41
3925071085,"Scytodes fusca Walckenaer, 1837",Scytodes fusca,5169044,5169044,50c9509d-22c7-4a22-a47d-8c48425ef4a7,https://www.inaturalist.org/observations/137873138,HUMAN_OBSERVATION,BR,Minas Gerais,,-43.297371,-20.684257,,,"[""COORDINATE_ROUNDED"", ""CONTINENT_DERIVED_FROM_COORDINATES"", ""TAXON_ID_NOT_FOUND""]",2022-10-07T13:32:25
3947789733,"Scytodes fusca Walckenaer, 1837",Scytodes fusca,5169044,5169044,50c9509d-22c7-4a22-a47d-8c48425ef4a7,https://www.inaturalist.org/observations/139922925,HUMAN_OBSERVATION,BR,Distrito Federal,,-47.879094,-15.782726,5.0,,"[""COORDINATE_ROUNDED"", ""CONTINENT_DERIVED_FROM_COORDINATES"", ""TAXON_ID_NOT_FOUND""]",2022-10-24T21:43:57
3961097992,"Scytodes fusca Walckenaer, 1837",Scytodes fusca,5169044,5169044,50c9509d-22c7-4a22-a47d-8c48425ef4a7,https://www.inaturalist.org/observations/140218841,HUMAN_OBSERVATION,BR,São Paulo,,-46.737629,-23.385445,,,"[""COORDINATE_ROUNDED"", ""CONTINENT_DERIVED_FROM_COORDINATES"", ""TAXON_ID_NOT_FOUND""]",2022-10-28T00:19:22
3961500453,"Scytodes fusca Walckenaer, 1837",Scytodes fusca,5169044,5169044,50c9509d-22c7-4a22-a47d-8c48425ef4a7,https://www.inaturalist.org/observations/140669529,HUMAN_OBSERVATION,PT,Lisboa,,-9.168348,38.743606,60.0,,"[""COORDINATE_ROUNDED"", ""CONTINENT_DERIVED_FROM_COORDINATES"", ""TAXON_ID_NOT_FOUND""]",2022-10-31T16:19:49Z
3966408859,"Scytodes fusca Walckenaer, 1837",Scytodes fusca,5169044,5169044,50c9509d-22c7-4a22-a47d-8c48425ef4a7,https://www.inaturalist.org/observations/141640107,HUMAN_OBSERVATION,BR,Ceará,,-38.471118,-3.831221,407.0,,"[""COORDINATE_ROUNDED"", ""CONTINENT_DERIVED_FROM_COORDINATES"", ""TAXON_ID_NOT_FOUND""]",2022-10-30T12:44
4091522499,"Scytodes fusca Walckenaer, 1837",Scytodes fusca,5169044,5169044,50c9509d-22c7-4a22-a47d-8c48425ef4a7,https://www.inaturalist.org/observations/139699993,HUMAN_OBSERVATION,US,Florida,,-80.243599,26.795084,,,"[""COORDINATE_ROUNDED"", ""CONTINENT_DERIVED_FROM_COORDINATES"", ""TAXON_ID_NOT_FOUND""]",2022-10-22T21:32:25
4512155687,"Scytodes fusca Walckenaer, 1837",Scytodes fusca,5169044,5169044,50c9509d-22c7-4a22-a47d-8c48425ef4a7,https://www.inaturalist.org/observations/138329068,HUMAN_OBSERVATION,MX,Chihuahua,,-105.484072,28.229281,2301.0,,"[""CONTINENT_DERIVED_FROM_COORDINATES"", ""TAXON_ID_NOT_FOUND""]",2022-10-10T08:56
3963536163,"Scytodes fusca Walckenaer, 1837",Scytodes fusca,5169044,5169044,50c9509d-22c7-4a22-a47d-8c48425ef4a7,https://www.inaturalist.org/observations/141289295,HUMAN_OBSERVATION,BR,Pernambuco,,-34.991876,-7.974777,,,"[""COORDINATE_ROUNDED"", ""CONTINENT_DERIVED_FROM_COORDINATES"", ""TAXON_ID_NOT_FOUND""]",2022-11-05T10:19:45
3966649766,"Scytodes fusca Walckenaer, 1837",Scytodes fusca,5169044,5169044,50c9509d-22c7-4a22-a47d-8c48425ef4a7,https://www.inaturalist.org/observations/141537885,HUMAN_OBSERVATION,US,Florida,,-82.485625,27.999233,18.0,,"[""COORDINATE_ROUNDED"", ""CONTINENT_DERIVED_FROM_COORDINATES"", ""TAXON_ID_NOT_FOUND""]",2022-11-09T09:51:34
3985608233,"Scytodes fusca Walckenaer, 1837",Scytodes fusca,5169044,5169044,50c9509d-22c7-4a22-a47d-8c48425ef4a7,https://www.inaturalist.org/observations/142253511,HUMAN_OBSERVATION,BR,Santa Catarina,,-49.275144,-26.932929,,,"[""COORDINATE_ROUNDED"", ""CONTINENT_DERIVED_FROM_COORDINATES"", ""TAXON_ID_NOT_FOUND""]",2022-11-17T20:40:53
3985865630,"Scytodes fusca Walckenaer, 1837",Scytodes fusca,5169044,5169044,50c9509d-22c7-4a22-a47d-8c48425ef4a7,https://www.inaturalist.org/observations/142540321,HUMAN_OBSERVATION,BR,Ceará,,-38.485697,-3.748662,533.0,,"[""COORDINATE_ROUNDED"", ""CONTINENT_DERIVED_FROM_COORDINATES"", ""TAXON_ID_NOT_FOUND""]",2022-11-01T09:23
3988493871,"Scytodes fusca Walckenaer, 1837",Scytodes fusca,5169044,5169044,50c9509d-22c7-4a22-a47d-8c48425ef4a7,https://www.inaturalist.org/observations/143459671,HUMAN_OBSERVATION,EC,Orellana,,-76.149899,-0.637069,4.0,,"[""COORDINATE_ROUNDED"", ""CONTINENT_DERIVED_FROM_COORDINATES"", ""TAXON_ID_NOT_FOUND""]",2022-11-15T02:08
3988600976,"Scytodes fusca Walckenaer, 1837",Scytodes fusca,5169044,5169044,50c9509d-22c7-4a22-a47d-8c48425ef4a7,https://www.inaturalist.org/observations/143545691,HUMAN_OBSERVATION,EC,Orellana,,-76.149853,-0.637091,4.0,,"[""COORDINATE_ROUNDED"", ""CONTINENT_DERIVED_FROM_COORDINATES"", ""TAXON_ID_NOT_FOUND""]",2022-11-16T23:51
4009827572,"Scytodes fusca Walckenaer, 1837",Scytodes fusca,5169044,5169044,50c9509d-22c7-4a22-a47d-8c48425ef4a7,https://www.inaturalist.org/observations/141440945,HUMAN_OBSERVATION,AU,Queensland,,152.6957,-25.790107,20.0,,"[""COORDINATE_ROUNDED"", ""CONTINENT_DERIVED_FROM_COORDINATES"", ""TAXON_ID_NOT_FOUND""]",2022-11-08T14:22
4054832662,"Scytodes fusca Walckenaer, 1837",Scytodes fusca,5169044,5169044,50c9509d-22c7-4a22-a47d-8c48425ef4a7,https://www.inaturalist.org/observations/150000672,HUMAN_OBSERVATION,BR,São Paulo,,-47.298905,-22.803281,,,"[""COORDINATE_ROUNDED"", ""CONTINENT_DERIVED_FROM_COORDINATES"", ""TAXON_ID_NOT_FOUND""]",2022-11-27T18:06:32
4413532697,"Scytodes fusca Walckenaer, 1837",Scytodes fusca,5169044,5169044,50c9509d-22c7-4a22-a47d-8c48425ef4a7,https://www.inaturalist.org/observations/142063771,HUMAN_OBSERVATION,CR,Cartago,,-83.563972,9.832025,,,"[""COORDINATE_ROUNDED"", ""CONTINENT_DERIVED_FROM_COORDINATES"", ""TAXON_ID_NOT_FOUND""]",2022-11-11T07:33:26
4006547762,"Scytodes fusca Walckenaer, 1837",Scytodes fusca,5169044,5169044,50c9509d-22c7-4a22-a47d-8c48425ef4a7,https://www.inaturalist.org/observations/144395692,HUMAN_OBSERVATION,BR,Minas Gerais,,-48.281087,-18.910305,10.0,,"[""COORDINATE_ROUNDED"", ""CONTINENT_DERIVED_FROM_COORDINATES"", ""TAXON_ID_NOT_FOUND""]",2022-12-14T23:36:48
4006601827,"Scytodes fusca Walckenaer, 1837",Scytodes fusca,5169044,5169044,50c9509d-22c7-4a22-a47d-8c48425ef4a7,https://www.inaturalist.org/observations/144407503,HUMAN_OBSERVATION,US,Florida,,-80.20709,26.097781,1561.0,,"[""COORDINATE_ROUNDED"", ""CONTINENT_DERIVED_FROM_COORDINATES"", ""TAXON_ID_NOT_FOUND""]",2022-12-15T02:58:38
4009672143,"Scytodes fusca Walckenaer, 1837",Scytodes fusca,5169044,5169044,50c9509d-22c7-4a22-a47d-8c48425ef4a7,https://www.inaturalist.org/observations/145120156,HUMAN_OBSERVATION,BR,Ceará,,-38.642881,-3.711164,966.0,,"[""COORDINATE_ROUNDED"", ""CONTINENT_DERIVED_FROM_COORDINATES"", ""TAXON_ID_NOT_FOUND""]",2022-12-11T11:48
4009719015,"Scytodes fusca Walckenaer, 1837",Scytodes fusca,5169044,5169044,50c9509d-22c7-4a22-a47d-8c48425ef4a7,https://www.inaturalist.org/observations/144989556,HUMAN_OBSERVATION,BR,Ceará,,-38.485697,-3.748662,557.0,,"[""COORDINATE_ROUNDED"", ""CONTINENT_DERIVED_FROM_COORDINATES"", ""TAXON_ID_NOT_FOUND""]",2022-12-10T10:57
4009728200,"Scytodes fusca Walckenaer, 1837",Scytodes fusca,5169044,5169044,50c9509d-22c7-4a22-a47d-8c48425ef4a7,https://www.inaturalist.org/observations/145120090,HUMAN_OBSERVATION,BR,Ceará,,-38.642881,-3.711164,966.0,,"[""COORDINATE_ROUNDED"", ""CONTINENT_DERIVED_FROM_COORDINATES"", ""TAXON_ID_NOT_FOUND""]",2022-12-11T09:36
4009869970,"Scytodes fusca Walckenaer, 1837",Scytodes fusca,5169044,5169044,50c9509d-22c7-4a22-a47d-8c48425ef4a7,https://www.inaturalist.org/observations/144989524,HUMAN_OBSERVATION,BR,Ceará,,-38.485697,-3.748662,557.0,,"[""COORDINATE_ROUNDED"", ""CONTINENT_DERIVED_FROM_COORDINATES"", ""TAXON_ID_NOT_FOUND""]",2022-12-10T09:13
4009913191,"Scytodes fusca Walckenaer, 1837",Scytodes fusca,5169044,5169044,50c9509d-22c7-4a22-a47d-8c48425ef4a7,https://www.inaturalist.org/observations/145092257,HUMAN_OBSERVATION,ID,Jawa Barat,,107.771225,-6.931863,,,"[""COORDINATE_ROUNDED"", ""CONTINENT_DERIVED_FROM_COORDINATES"", ""TAXON_ID_NOT_FOUND""]",2022-12-26T11:19
4009937006,"Scytodes fusca Walckenaer, 1837",Scytodes fusca,5169044,5169044,50c9509d-22c7-4a22-a47d-8c48425ef4a7,https://www.inaturalist.org/observations/144989526,HUMAN_OBSERVATION,BR,Ceará,,-38.485697,-3.748662,557.0,,"[""COORDINATE_ROUNDED"", ""CONTINENT_DERIVED_FROM_COORDINATES"", ""TAXON_ID_NOT_FOUND""]",2022-12-10T09:15
4011505943,"Scytodes fusca Walckenaer, 1837",Scytodes fusca,5169044,5169044,50c9509d-22c7-4a22-a47d-8c48425ef4a7,https://www.inaturalist.org/observations/145432030,HUMAN_OBSERVATION,BR,Ceará,,-38.48899,-3.813191,254.0,,"[""COORDINATE_ROUNDED"", ""CONTINENT_DERIVED_FROM_COORDINATES"", ""TAXON_ID_NOT_FOUND""]",2022-12-29T16:42
4014867033,"Scytodes fusca Walckenaer, 1837",Scytodes fusca,5169044,5169044,50c9509d-22c7-4a22-a47d-8c48425ef4a7,https://www.inaturalist.org/observations/145959369,HUMAN_OBSERVATION,IN,Karnataka,,74.367881,15.33146,299.0,,"[""COORDINATE_ROUNDED"", ""CONTINENT_DERIVED_FROM_COORDINATES"", ""TAXON_ID_NOT_FOUND""]",2022-12-28T17:55
4872360859,"Scytodes fusca Walckenaer, 1837",Scytodes fusca,5169044,5169044,50c9509d-22c7-4a22-a47d-8c48425ef4a7,https://www.inaturalist.org/observations/144267871,HUMAN_OBSERVATION,BR,São Paulo,,-46.3842,-23.969062,35.0,,"[""COORDINATE_ROUNDED"", ""CONTINENT_DERIVED_FROM_COORDINATES"", ""TAXON_ID_NOT_FOUND""]",2022-12-12T22:36:20
4909029313,"Scytodes fusca Walckenaer, 1837",Scytodes fusca,5169044,5169044,50c9509d-22c7-4a22-a47d-8c48425ef4a7,https://www.inaturalist.org/observations/228051792,HUMAN_OBSERVATION,BR,Rio de Janeiro,,-43.041188,-22.813016,1639.0,,"[""COORDINATE_ROUNDED"", ""CONTINENT_DERIVED_FROM_COORDINATES"", ""TAXON_ID_NOT_FOUND""]",2022-12-14
5920092625,"Scytodes fusca Walckenaer, 1837",Scytodes fusca,5169044,5169044,50c9509d-22c7-4a22-a47d-8c48425ef4a7,https://www.inaturalist.org/observations/144449540,HUMAN_OBSERVATION,BR,Minas Gerais,,-43.906637,-19.943814,30527.0,,"[""COORDINATE_ROUNDED"", ""CONTINENT_DERIVED_FROM_COORDINATES"", ""TAXON_ID_NOT_FOUND""]",2022-12-15T22:08:03
3031719376,"Scytodes fusca Walckenaer, 1837",Scytodes fusca,5169044,5169044,50c9509d-22c7-4a22-a47d-8c48425ef4a7,https://www.inaturalist.org/observations/67830335,HUMAN_OBSERVATION,AU,Queensland,,152.830754,-26.948131,29798.0,,"[""COORDINATE_ROUNDED"", ""CONTINENT_DERIVED_FROM_COORDINATES"", ""TAXON_ID_NOT_FOUND""]",2021-01-09T19:33
3031894762,"Scytodes fusca Walckenaer, 1837",Scytodes fusca,5169044,5169044,50c9509d-22c7-4a22-a47d-8c48425ef4a7,https://www.inaturalist.org/observations/68023617,HUMAN_OBSERVATION,BR,Minas Gerais,,-44.183742,-19.96262,,,"[""CONTINENT_DERIVED_FROM_COORDINATES"", ""TAXON_ID_NOT_FOUND""]",2021-01-13T16:27:46
3032043969,"Scytodes fusca Walckenaer, 1837",Scytodes fusca,5169044,5169044,50c9509d-22c7-4a22-a47d-8c48425ef4a7,https://www.inaturalist.org/observations/68139308,HUMAN_OBSERVATION,BR,Paraná,,-48.443311,-25.650364,,,"[""COORDINATE_ROUNDED"", ""CONTINENT_DERIVED_FROM_COORDINATES"", ""TAXON_ID_NOT_FOUND""]",2021-01-16T01:38:35
3032135551,"Scytodes fusca Walckenaer, 1837",Scytodes fusca,5169044,5169044,50c9509d-22c7-4a22-a47d-8c48425ef4a7,https://www.inaturalist.org/observations/67943737,HUMAN_OBSERVATION,BR,Minas Gerais,,-42.417353,-18.185567,44.0,,"[""COORDINATE_ROUNDED"", ""CONTINENT_DERIVED_FROM_COORDINATES"", ""TAXON_ID_NOT_FOUND""]",2021-01-12T01:36:58
3070403452,"Scytodes fusca Walckenaer, 1837",Scytodes fusca,5169044,5169044,50c9509d-22c7-4a22-a47d-8c48425ef4a7,https://www.inaturalist.org/observations/67930692,HUMAN_OBSERVATION,MX,Oaxaca,,-96.726589,17.073178,7703.0,,"[""COORDINATE_ROUNDED"", ""CONTINENT_DERIVED_FROM_COORDINATES"", ""TAXON_ID_NOT_FOUND""]",2021-01-11T17:54:28Z
3079522132,"Scytodes fusca Walckenaer, 1837",Scytodes fusca,5169044,5169044,50c9509d-22c7-4a22-a47d-8c48425ef4a7,https://www.inaturalist.org/observations/68545457,HUMAN_OBSERVATION,VE,Trujillo,,-70.275827,9.23588,265.0,,"[""COORDINATE_ROUNDED"", ""CONTINENT_DERIVED_FROM_COORDINATES"", ""TAXON_ID_NOT_FOUND""]",2021-01-24T08:45:50
3355337361,"Scytodes fusca Walckenaer, 1837",Scytodes fusca,5169044,5169044,50c9509d-22c7-4a22-a47d-8c48425ef4a7,https://www.inaturalist.org/observations/93110094,HUMAN_OBSERVATION,BR,Minas Gerais,,-43.867074,-16.728932,10192.0,,"[""COORDINATE_ROUNDED"", ""CONTINENT_DERIVED_FROM_COORDINATES"", ""TAXON_ID_NOT_FOUND""]",2021-01-01T13:12:22
4901203552,"Scytodes fusca Walckenaer, 1837",Scytodes fusca,5169044,5169044,50c9509d-22c7-4a22-a47d-8c48425ef4a7,https://www.inaturalist.org/observations/224896882,HUMAN_OBSERVATION,BR,São Paulo,,-46.637349,-23.67488,552.0,,"[""COORDINATE_ROUNDED"", ""CONTINENT_DERIVED_FROM_COORDINATES"", ""TAXON_ID_NOT_FOUND""]",2021-01-08T19:32:58
6440938365,"Scytodes fusca Walckenaer, 1837",Scytodes fusca,5169044,5169044,50c9509d-22c7-4a22-a47d-8c48425ef4a7,https://www.inaturalist.org/observations/123634339,HUMAN_OBSERVATION,BR,Bahia,,-44.512034,-13.507883,,,"[""COORDINATE_ROUNDED"", ""CONTINENT_DERIVED_FROM_COORDINATES"", ""TAXON_ID_NOT_FOUND""]",2021-01-08T20:23:49
3039216065,"Scytodes fusca Walckenaer, 1837",Scytodes fusca,5169044,5169044,50c9509d-22c7-4a22-a47d-8c48425ef4a7,https://www.inaturalist.org/observations/69387413,HUMAN_OBSERVATION,BR,São Paulo,,-46.633309,-23.55052,34836.0,,"[""COORDINATE_ROUNDED"", ""CONTINENT_DERIVED_FROM_COORDINATES"", ""TAXON_ID_NOT_FOUND""]",2021-02-10T20:32
3039367315,"Scytodes fusca Walckenaer, 1837",Scytodes fusca,5169044,5169044,50c9509d-22c7-4a22-a47d-8c48425ef4a7,https://www.inaturalist.org/observations/69000757,HUMAN_OBSERVATION,BR,Minas Gerais,,-44.045161,-19.628969,395.0,,"[""COORDINATE_ROUNDED"", ""CONTINENT_DERIVED_FROM_COORDINATES"", ""TAXON_ID_NOT_FOUND""]",2021-02-03T07:52:33
3039506875,"Scytodes fusca Walckenaer, 1837",Scytodes fusca,5169044,5169044,50c9509d-22c7-4a22-a47d-8c48425ef4a7,https://www.inaturalist.org/observations/69285829,HUMAN_OBSERVATION,BR,Rio Grande do Sul,,-51.186575,-28.059614,,,"[""COORDINATE_ROUNDED"", ""CONTINENT_DERIVED_FROM_COORDINATES"", ""TAXON_ID_NOT_FOUND""]",2021-02-08T20:04:26
3044664404,"Scytodes fusca Walckenaer, 1837",Scytodes fusca,5169044,5169044,50c9509d-22c7-4a22-a47d-8c48425ef4a7,https://www.inaturalist.org/observations/69726013,HUMAN_OBSERVATION,BR,Goiás,,-47.789369,-16.586782,122.0,,"[""COORDINATE_ROUNDED"", ""CONTINENT_DERIVED_FROM_COORDINATES"", ""TAXON_ID_NOT_FOUND""]",2021-02-16T20:46
3044952781,"Scytodes fusca Walckenaer, 1837",Scytodes fusca,5169044,5169044,50c9509d-22c7-4a22-a47d-8c48425ef4a7,https://www.inaturalist.org/observations/69936035,HUMAN_OBSERVATION,BR,Goiás,,-47.97694,-16.120969,,,"[""COORDINATE_ROUNDED"", ""CONTINENT_DERIVED_FROM_COORDINATES"", ""TAXON_ID_NOT_FOUND""]",2021-02-21T15:31:48
3058904783,"Scytodes fusca Walckenaer, 1837",Scytodes fusca,5169044,5169044,50c9509d-22c7-4a22-a47d-8c48425ef4a7,https://www.inaturalist.org/observations/70232221,HUMAN_OBSERVATION,BR,Distrito Federal,,-47.759522,-15.650487,65.0,,"[""COORDINATE_ROUNDED"", ""CONTINENT_DERIVED_FROM_COORDINATES"", ""TAXON_ID_NOT_FOUND""]",2021-02-26T12:09
3112336399,"Scytodes fusca Walckenaer, 1837",Scytodes fusca,5169044,5169044,50c9509d-22c7-4a22-a47d-8c48425ef4a7,https://www.inaturalist.org/observations/70127404,HUMAN_OBSERVATION,BR,Santa Catarina,,-48.601988,-27.59767,65.0,,"[""COORDINATE_ROUNDED"", ""CONTINENT_DERIVED_FROM_COORDINATES"", ""TAXON_ID_NOT_FOUND""]",2021-02-25T00:13:12
4994108793,"Scytodes fusca Walckenaer, 1837",Scytodes fusca,5169044,5169044,50c9509d-22c7-4a22-a47d-8c48425ef4a7,https://www.inaturalist.org/observations/69148311,HUMAN_OBSERVATION,BR,São Paulo,,-46.922653,-23.28024,20.0,,"[""COORDINATE_ROUNDED"", ""CONTINENT_DERIVED_FROM_COORDINATES"", ""TAXON_ID_NOT_FOUND""]",2021-02-06T14:01:37
6423125508,"Scytodes fusca Walckenaer, 1837",Scytodes fusca,5169044,5169044,50c9509d-22c7-4a22-a47d-8c48425ef4a7,https://www.inaturalist.org/observations/374904769,HUMAN_OBSERVATION,BR,Minas Gerais,,-46.232845,-19.19826,15.0,,"[""COORDINATE_ROUNDED"", ""CONTINENT_DERIVED_FROM_COORDINATES"", ""TAXON_ID_NOT_FOUND""]",2021-02-20
3058907402,"Scytodes fusca Walckenaer, 1837",Scytodes fusca,5169044,5169044,50c9509d-22c7-4a22-a47d-8c48425ef4a7,https://www.inaturalist.org/observations/70412257,HUMAN_OBSERVATION,BR,Rio de Janeiro,,-42.026649,-22.885768,34156.0,,"[""COORDINATE_ROUNDED"", ""CONTINENT_DERIVED_FROM_COORDINATES"", ""TAXON_ID_NOT_FOUND""]",2021-03-01T18:17:56
3059168336,"Scytodes fusca Walckenaer, 1837",Scytodes fusca,5169044,5169044,50c9509d-22c7-4a22-a47d-8c48425ef4a7,https://www.inaturalist.org/observations/70976093,HUMAN_OBSERVATION,BR,Paraná,,-48.443232,-25.650388,,,"[""COORDINATE_ROUNDED"", ""CONTINENT_DERIVED_FROM_COORDINATES"", ""TAXON_ID_NOT_FOUND""]",2021-03-10T22:51:27
3061582120,"Scytodes fusca Walckenaer, 1837",Scytodes fusca,5169044,5169044,50c9509d-22c7-4a22-a47d-8c48425ef4a7,https://www.inaturalist.org/observations/71462597,HUMAN_OBSERVATION,US,Florida,,-82.507118,27.299656,36.0,,"[""COORDINATE_ROUNDED"", ""CONTINENT_DERIVED_FROM_COORDINATES"", ""TAXON_ID_NOT_FOUND""]",2021-03-17T20:16
3061755653,"Scytodes fusca Walckenaer, 1837",Scytodes fusca,5169044,5169044,50c9509d-22c7-4a22-a47d-8c48425ef4a7,https://www.inaturalist.org/observations/71055970,HUMAN_OBSERVATION,CO,Cundinamarca,,-74.380305,5.069457,712.0,,"[""COORDINATE_ROUNDED"", ""CONTINENT_DERIVED_FROM_COORDINATES"", ""TAXON_ID_NOT_FOUND""]",2021-03-11T23:38:52
3067742191,"Scytodes fusca Walckenaer, 1837",Scytodes fusca,5169044,5169044,50c9509d-22c7-4a22-a47d-8c48425ef4a7,https://www.inaturalist.org/observations/71908378,HUMAN_OBSERVATION,BR,Goiás,,-49.941193,-15.563959,5.0,,"[""COORDINATE_ROUNDED"", ""CONTINENT_DERIVED_FROM_COORDINATES"", ""TAXON_ID_NOT_FOUND""]",2021-03-22T21:39:35
3068126012,"Scytodes fusca Walckenaer, 1837",Scytodes fusca,5169044,5169044,50c9509d-22c7-4a22-a47d-8c48425ef4a7,https://www.inaturalist.org/observations/71670286,HUMAN_OBSERVATION,US,Florida,,-82.507118,27.299656,56.0,,"[""COORDINATE_ROUNDED"", ""CONTINENT_DERIVED_FROM_COORDINATES"", ""TAXON_ID_NOT_FOUND""]",2021-03-20T20:20
3079489174,"Scytodes fusca Walckenaer, 1837",Scytodes fusca,5169044,5169044,50c9509d-22c7-4a22-a47d-8c48425ef4a7,https://www.inaturalist.org/observations/72021931,HUMAN_OBSERVATION,US,Florida,,-80.28347,25.766353,14.0,,"[""COORDINATE_ROUNDED"", ""CONTINENT_DERIVED_FROM_COORDINATES"", ""TAXON_ID_NOT_FOUND""]",2021-03-24T23:04:41
3097024508,"Scytodes fusca Walckenaer, 1837",Scytodes fusca,5169044,5169044,50c9509d-22c7-4a22-a47d-8c48425ef4a7,https://www.inaturalist.org/observations/70839891,HUMAN_OBSERVATION,BR,Minas Gerais,,-44.038611,-19.934255,2000.0,,"[""COORDINATE_ROUNDED"", ""CONTINENT_DERIVED_FROM_COORDINATES"", ""TAXON_ID_NOT_FOUND""]",2021-03-08
3109028164,"Scytodes fusca Walckenaer, 1837",Scytodes fusca,5169044,5169044,50c9509d-22c7-4a22-a47d-8c48425ef4a7,https://www.inaturalist.org/observations/75387207,HUMAN_OBSERVATION,BR,Amapá,,-52.360288,-0.570904,62500.0,,"[""COORDINATE_ROUNDED"", ""CONTINENT_DERIVED_FROM_COORDINATES"", ""TAXON_ID_NOT_FOUND""]",2021-03-09T20:38
3118361752,"Scytodes fusca Walckenaer, 1837",Scytodes fusca,5169044,5169044,50c9509d-22c7-4a22-a47d-8c48425ef4a7,https://www.inaturalist.org/observations/79558316,HUMAN_OBSERVATION,BR,Distrito Federal,,-48.055049,-16.002417,45.0,,"[""COORDINATE_ROUNDED"", ""CONTINENT_DERIVED_FROM_COORDINATES"", ""TAXON_ID_NOT_FOUND""]",2021-03-05T01:27
3705636382,"Scytodes fusca Walckenaer, 1837",Scytodes fusca,5169044,5169044,50c9509d-22c7-4a22-a47d-8c48425ef4a7,https://www.inaturalist.org/observations/73391222,HUMAN_OBSERVATION,BR,São Paulo,,-46.514966,-23.454817,9.0,,"[""COORDINATE_ROUNDED"", ""CONTINENT_DERIVED_FROM_COORDINATES"", ""TAXON_ID_NOT_FOUND""]",2021-03-14T01:30:57
4063095351,"Scytodes fusca Walckenaer, 1837",Scytodes fusca,5169044,5169044,50c9509d-22c7-4a22-a47d-8c48425ef4a7,https://www.inaturalist.org/observations/72578505,HUMAN_OBSERVATION,BR,Rio de Janeiro,,-43.338509,-22.944538,17.0,,"[""COORDINATE_ROUNDED"", ""CONTINENT_DERIVED_FROM_COORDINATES"", ""TAXON_ID_NOT_FOUND""]",2021-03-31T23:23:53
4067148524,"Scytodes fusca Walckenaer, 1837",Scytodes fusca,5169044,5169044,50c9509d-22c7-4a22-a47d-8c48425ef4a7,https://www.inaturalist.org/observations/100409933,HUMAN_OBSERVATION,ID,Yogyakarta,,110.5135,-8.0062,,,"[""CONTINENT_DERIVED_FROM_COORDINATES"", ""TAXON_ID_NOT_FOUND""]",2021-03-30
4067157513,"Scytodes fusca Walckenaer, 1837",Scytodes fusca,5169044,5169044,50c9509d-22c7-4a22-a47d-8c48425ef4a7,https://www.inaturalist.org/observations/100409930,HUMAN_OBSERVATION,ID,Yogyakarta,,110.5135,-8.0062,,,"[""CONTINENT_DERIVED_FROM_COORDINATES"", ""TAXON_ID_NOT_FOUND""]",2021-03-30
3079610949,"Scytodes fusca Walckenaer, 1837",Scytodes fusca,5169044,5169044,50c9509d-22c7-4a22-a47d-8c48425ef4a7,https://www.inaturalist.org/observations/73157039,HUMAN_OBSERVATION,BR,Rio de Janeiro,,-43.478457,-22.46996,,,"[""COORDINATE_ROUNDED"", ""CONTINENT_DERIVED_FROM_COORDINATES"", ""TAXON_ID_NOT_FOUND""]",2021-04-06T20:41:28
3079894997,"Scytodes fusca Walckenaer, 1837",Scytodes fusca,5169044,5169044,50c9509d-22c7-4a22-a47d-8c48425ef4a7,https://www.inaturalist.org/observations/73198331,HUMAN_OBSERVATION,BR,São Paulo,,-46.613953,-23.608747,10.0,,"[""COORDINATE_ROUNDED"", ""CONTINENT_DERIVED_FROM_COORDINATES"", ""TAXON_ID_NOT_FOUND""]",2021-04-07T11:17:52
3109117339,"Scytodes fusca Walckenaer, 1837",Scytodes fusca,5169044,5169044,50c9509d-22c7-4a22-a47d-8c48425ef4a7,https://www.inaturalist.org/observations/75501865,HUMAN_OBSERVATION,BR,São Paulo,,-47.875556,-21.990278,,,"[""COORDINATE_ROUNDED"", ""CONTINENT_DERIVED_FROM_COORDINATES"", ""TAXON_ID_NOT_FOUND""]",2021-04-27T22:34:53
3859800644,"Scytodes fusca Walckenaer, 1837",Scytodes fusca,5169044,5169044,50c9509d-22c7-4a22-a47d-8c48425ef4a7,https://www.inaturalist.org/observations/79422655,HUMAN_OBSERVATION,MX,Sinaloa,,-106.429243,23.307478,61.0,,"[""COORDINATE_ROUNDED"", ""CONTINENT_DERIVED_FROM_COORDINATES"", ""TAXON_ID_NOT_FOUND""]",2021-04-20T13:18
3112434587,"Scytodes fusca Walckenaer, 1837",Scytodes fusca,5169044,5169044,50c9509d-22c7-4a22-a47d-8c48425ef4a7,https://www.inaturalist.org/observations/77463404,HUMAN_OBSERVATION,ZA,Western Cape,,18.436607,-34.05289,2.0,,"[""COORDINATE_ROUNDED"", ""CONTINENT_DERIVED_FROM_COORDINATES"", ""TAXON_ID_NOT_FOUND""]",2021-05-01T20:06
3301924594,"Scytodes fusca Walckenaer, 1837",Scytodes fusca,5169044,5169044,50c9509d-22c7-4a22-a47d-8c48425ef4a7,https://www.inaturalist.org/observations/76960370,HUMAN_OBSERVATION,BR,Distrito Federal,,-47.878501,-15.834268,37.0,,"[""COORDINATE_ROUNDED"", ""CONTINENT_DERIVED_FROM_COORDINATES"", ""TAXON_ID_NOT_FOUND""]",2021-05-02T21:37:46
3764105409,"Scytodes fusca Walckenaer, 1837",Scytodes fusca,5169044,5169044,50c9509d-22c7-4a22-a47d-8c48425ef4a7,https://www.inaturalist.org/observations/104935851,HUMAN_OBSERVATION,BR,Ceará,,-38.471118,-3.831221,407.0,,"[""COORDINATE_ROUNDED"", ""CONTINENT_DERIVED_FROM_COORDINATES"", ""TAXON_ID_NOT_FOUND""]",2021-05-27T08:31
3764548413,"Scytodes fusca Walckenaer, 1837",Scytodes fusca,5169044,5169044,50c9509d-22c7-4a22-a47d-8c48425ef4a7,https://www.inaturalist.org/observations/104935954,HUMAN_OBSERVATION,BR,Ceará,,-38.471118,-3.831221,407.0,,"[""COORDINATE_ROUNDED"", ""CONTINENT_DERIVED_FROM_COORDINATES"", ""TAXON_ID_NOT_FOUND""]",2021-05-27T12:24
3320861602,"Scytodes fusca Walckenaer, 1837",Scytodes fusca,5169044,5169044,50c9509d-22c7-4a22-a47d-8c48425ef4a7,https://www.inaturalist.org/observations/84019987,HUMAN_OBSERVATION,CO,Cundinamarca,,-74.380305,5.069457,712.0,,"[""COORDINATE_ROUNDED"", ""CONTINENT_DERIVED_FROM_COORDINATES"", ""TAXON_ID_NOT_FOUND""]",2021-06-21T21:20:33
3384777169,"Scytodes fusca Walckenaer, 1837",Scytodes fusca,5169044,5169044,50c9509d-22c7-4a22-a47d-8c48425ef4a7,https://www.inaturalist.org/observations/95001592,HUMAN_OBSERVATION,BR,Santa Catarina,,-48.493589,-27.443252,752.0,,"[""COORDINATE_ROUNDED"", ""CONTINENT_DERIVED_FROM_COORDINATES"", ""TAXON_ID_NOT_FOUND""]",2021-06-15T11:01Z
3325574265,"Scytodes fusca Walckenaer, 1837",Scytodes fusca,5169044,5169044,50c9509d-22c7-4a22-a47d-8c48425ef4a7,https://www.inaturalist.org/observations/85927736,HUMAN_OBSERVATION,CO,Antioquia,,-75.625282,6.157327,29.0,,"[""COORDINATE_ROUNDED"", ""CONTINENT_DERIVED_FROM_COORDINATES"", ""TAXON_ID_NOT_FOUND""]",2021-07-06T09:27Z
3330440881,"Scytodes fusca Walckenaer, 1837",Scytodes fusca,5169044,5169044,50c9509d-22c7-4a22-a47d-8c48425ef4a7,https://www.inaturalist.org/observations/87448911,HUMAN_OBSERVATION,BR,Rio de Janeiro,,-42.995239,-22.816141,204.0,,"[""CONTINENT_DERIVED_FROM_COORDINATES"", ""TAXON_ID_NOT_FOUND""]",2021-07-17T16:51
3330663187,"Scytodes fusca Walckenaer, 1837",Scytodes fusca,5169044,5169044,50c9509d-22c7-4a22-a47d-8c48425ef4a7,https://www.inaturalist.org/observations/87788603,HUMAN_OBSERVATION,MX,Jalisco,,-102.928156,20.409315,,,"[""COORDINATE_ROUNDED"", ""CONTINENT_DERIVED_FROM_COORDINATES"", ""TAXON_ID_NOT_FOUND""]",2021-07-19T08:05:10
3330793133,"Scytodes fusca Walckenaer, 1837",Scytodes fusca,5169044,5169044,50c9509d-22c7-4a22-a47d-8c48425ef4a7,https://www.inaturalist.org/observations/87755021,HUMAN_OBSERVATION,BR,Rio de Janeiro,,-42.995239,-22.816141,204.0,,"[""CONTINENT_DERIVED_FROM_COORDINATES"", ""TAXON_ID_NOT_FOUND""]",2021-07-19T10:09
3333274594,"Scytodes fusca Walckenaer, 1837",Scytodes fusca,5169044,5169044,50c9509d-22c7-4a22-a47d-8c48425ef4a7,https://www.inaturalist.org/observations/88203421,HUMAN_OBSERVATION,PA,Chiriquí,,-82.236598,8.73469,10276.0,,"[""COORDINATE_ROUNDED"", ""CONTINENT_DERIVED_FROM_COORDINATES"", ""TAXON_ID_NOT_FOUND""]",2021-07-17T21:39
3764093414,"Scytodes fusca Walckenaer, 1837",Scytodes fusca,5169044,5169044,50c9509d-22c7-4a22-a47d-8c48425ef4a7,https://www.inaturalist.org/observations/106332998,HUMAN_OBSERVATION,BR,Ceará,,-38.471118,-3.831221,407.0,,"[""COORDINATE_ROUNDED"", ""CONTINENT_DERIVED_FROM_COORDINATES"", ""TAXON_ID_NOT_FOUND""]",2021-07-17T08:50
3764119413,"Scytodes fusca Walckenaer, 1837",Scytodes fusca,5169044,5169044,50c9509d-22c7-4a22-a47d-8c48425ef4a7,https://www.inaturalist.org/observations/106332990,HUMAN_OBSERVATION,BR,Ceará,,-38.471118,-3.831221,407.0,,"[""COORDINATE_ROUNDED"", ""CONTINENT_DERIVED_FROM_COORDINATES"", ""TAXON_ID_NOT_FOUND""]",2021-07-17T08:35
3764514405,"Scytodes fusca Walckenaer, 1837",Scytodes fusca,5169044,5169044,50c9509d-22c7-4a22-a47d-8c48425ef4a7,https://www.inaturalist.org/observations/105644664,HUMAN_OBSERVATION,BR,Ceará,,-38.471118,-3.831221,407.0,,"[""COORDINATE_ROUNDED"", ""CONTINENT_DERIVED_FROM_COORDINATES"", ""TAXON_ID_NOT_FOUND""]",2021-07-01T12:46
3764521403,"Scytodes fusca Walckenaer, 1837",Scytodes fusca,5169044,5169044,50c9509d-22c7-4a22-a47d-8c48425ef4a7,https://www.inaturalist.org/observations/105644660,HUMAN_OBSERVATION,BR,Ceará,,-38.471118,-3.831221,407.0,,"[""COORDINATE_ROUNDED"", ""CONTINENT_DERIVED_FROM_COORDINATES"", ""TAXON_ID_NOT_FOUND""]",2021-07-01T12:38
3337584817,"Scytodes fusca Walckenaer, 1837",Scytodes fusca,5169044,5169044,50c9509d-22c7-4a22-a47d-8c48425ef4a7,https://www.inaturalist.org/observations/91311934,HUMAN_OBSERVATION,BR,São Paulo,,-46.483762,-23.491167,65.0,,"[""COORDINATE_ROUNDED"", ""CONTINENT_DERIVED_FROM_COORDINATES"", ""TAXON_ID_NOT_FOUND""]",2021-08-14T21:43:28
3337596335,"Scytodes fusca Walckenaer, 1837",Scytodes fusca,5169044,5169044,50c9509d-22c7-4a22-a47d-8c48425ef4a7,https://www.inaturalist.org/observations/91443331,HUMAN_OBSERVATION,BR,Ceará,,-38.553208,-3.787958,454.0,,"[""COORDINATE_ROUNDED"", ""CONTINENT_DERIVED_FROM_COORDINATES"", ""TAXON_ID_NOT_FOUND""]",2021-08-16T13:04
3338005706,"Scytodes fusca Walckenaer, 1837",Scytodes fusca,5169044,5169044,50c9509d-22c7-4a22-a47d-8c48425ef4a7,https://www.inaturalist.org/observations/91362794,HUMAN_OBSERVATION,BR,Ceará,,-38.641272,-3.714247,128.0,,"[""COORDINATE_ROUNDED"", ""CONTINENT_DERIVED_FROM_COORDINATES"", ""TAXON_ID_NOT_FOUND""]",2021-08-15T12:07
3343785929,"Scytodes fusca Walckenaer, 1837",Scytodes fusca,5169044,5169044,50c9509d-22c7-4a22-a47d-8c48425ef4a7,https://www.inaturalist.org/observations/92186678,HUMAN_OBSERVATION,BR,Distrito Federal,,-47.852502,-15.670925,12.0,,"[""COORDINATE_ROUNDED"", ""CONTINENT_DERIVED_FROM_COORDINATES"", ""TAXON_ID_NOT_FOUND""]",2021-08-22T22:15:03
3343900706,"Scytodes fusca Walckenaer, 1837",Scytodes fusca,5169044,5169044,50c9509d-22c7-4a22-a47d-8c48425ef4a7,https://www.inaturalist.org/observations/92031115,HUMAN_OBSERVATION,BR,Ceará,,-38.485697,-3.748662,504.0,,"[""COORDINATE_ROUNDED"", ""CONTINENT_DERIVED_FROM_COORDINATES"", ""TAXON_ID_NOT_FOUND""]",2021-08-19T08:05
3343966799,"Scytodes fusca Walckenaer, 1837",Scytodes fusca,5169044,5169044,50c9509d-22c7-4a22-a47d-8c48425ef4a7,https://www.inaturalist.org/observations/91806090,HUMAN_OBSERVATION,BR,Ceará,,-38.573405,-3.742537,552.0,,"[""COORDINATE_ROUNDED"", ""CONTINENT_DERIVED_FROM_COORDINATES"", ""TAXON_ID_NOT_FOUND""]",2021-08-17T15:59
3355161539,"Scytodes fusca Walckenaer, 1837",Scytodes fusca,5169044,5169044,50c9509d-22c7-4a22-a47d-8c48425ef4a7,https://www.inaturalist.org/observations/93218692,HUMAN_OBSERVATION,BR,Distrito Federal,,-48.139141,-15.783895,15.0,,"[""COORDINATE_ROUNDED"", ""CONTINENT_DERIVED_FROM_COORDINATES"", ""TAXON_ID_NOT_FOUND""]",2021-08-27T23:55:39
3355408496,"Scytodes fusca Walckenaer, 1837",Scytodes fusca,5169044,5169044,50c9509d-22c7-4a22-a47d-8c48425ef4a7,https://www.inaturalist.org/observations/93218604,HUMAN_OBSERVATION,BR,Distrito Federal,,-48.139125,-15.783878,17.0,,"[""COORDINATE_ROUNDED"", ""CONTINENT_DERIVED_FROM_COORDINATES"", ""TAXON_ID_NOT_FOUND""]",2021-08-27T23:49:37
3355796220,"Scytodes fusca Walckenaer, 1837",Scytodes fusca,5169044,5169044,50c9509d-22c7-4a22-a47d-8c48425ef4a7,https://www.inaturalist.org/observations/93949958,HUMAN_OBSERVATION,BR,Distrito Federal,,-47.859659,-15.729922,208.0,,"[""COORDINATE_ROUNDED"", ""CONTINENT_DERIVED_FROM_COORDINATES"", ""TAXON_ID_NOT_FOUND""]",2021-08-28T21:42
3384787797,"Scytodes fusca Walckenaer, 1837",Scytodes fusca,5169044,5169044,50c9509d-22c7-4a22-a47d-8c48425ef4a7,https://www.inaturalist.org/observations/96679163,HUMAN_OBSERVATION,US,Florida,,-82.629845,27.481589,25.0,,"[""COORDINATE_ROUNDED"", ""CONTINENT_DERIVED_FROM_COORDINATES"", ""TAXON_ID_NOT_FOUND""]",2021-08-15T21:14
3456451178,"Scytodes fusca Walckenaer, 1837",Scytodes fusca,5169044,5169044,50c9509d-22c7-4a22-a47d-8c48425ef4a7,https://www.inaturalist.org/observations/89732729,HUMAN_OBSERVATION,BR,Sergipe,,-37.431906,-10.542796,15.0,,"[""COORDINATE_ROUNDED"", ""CONTINENT_DERIVED_FROM_COORDINATES"", ""TAXON_ID_NOT_FOUND""]",2021-08-02
3764212412,"Scytodes fusca Walckenaer, 1837",Scytodes fusca,5169044,5169044,50c9509d-22c7-4a22-a47d-8c48425ef4a7,https://www.inaturalist.org/observations/106699861,HUMAN_OBSERVATION,BR,Ceará,,-38.553208,-3.787958,454.0,,"[""COORDINATE_ROUNDED"", ""CONTINENT_DERIVED_FROM_COORDINATES"", ""TAXON_ID_NOT_FOUND""]",2021-08-10T13:04
4028769599,"Scytodes fusca Walckenaer, 1837",Scytodes fusca,5169044,5169044,50c9509d-22c7-4a22-a47d-8c48425ef4a7,https://www.inaturalist.org/observations/89620499,HUMAN_OBSERVATION,IN,Tamil Nadu,,77.426628,8.187726,1702.0,,"[""COORDINATE_ROUNDED"", ""CONTINENT_DERIVED_FROM_COORDINATES"", ""TAXON_ID_NOT_FOUND""]",2021-08-01T22:27:52
5217594559,"Scytodes fusca Walckenaer, 1837",Scytodes fusca,5169044,5169044,50c9509d-22c7-4a22-a47d-8c48425ef4a7,https://www.inaturalist.org/observations/295010676,HUMAN_OBSERVATION,BR,Paraíba,,-34.881434,-7.118829,11866.0,,"[""COORDINATE_ROUNDED"", ""CONTINENT_DERIVED_FROM_COORDINATES"", ""TAXON_ID_NOT_FOUND""]",2021-08-12T14:22
5230844346,"Scytodes fusca Walckenaer, 1837",Scytodes fusca,5169044,5169044,50c9509d-22c7-4a22-a47d-8c48425ef4a7,https://www.inaturalist.org/observations/90176258,HUMAN_OBSERVATION,BR,Santa Catarina,,-48.606318,-27.574825,1691.0,,"[""COORDINATE_ROUNDED"", ""CONTINENT_DERIVED_FROM_COORDINATES"", ""TAXON_ID_NOT_FOUND""]",2021-08-06T09:59:18
3355248135,"Scytodes fusca Walckenaer, 1837",Scytodes fusca,5169044,5169044,50c9509d-22c7-4a22-a47d-8c48425ef4a7,https://www.inaturalist.org/observations/93832286,HUMAN_OBSERVATION,BR,Distrito Federal,,-47.878541,-15.779664,12.0,,"[""COORDINATE_ROUNDED"", ""CONTINENT_DERIVED_FROM_COORDINATES"", ""TAXON_ID_NOT_FOUND""]",2021-09-05T23:55:29
3355252109,"Scytodes fusca Walckenaer, 1837",Scytodes fusca,5169044,5169044,50c9509d-22c7-4a22-a47d-8c48425ef4a7,https://www.inaturalist.org/observations/93843879,HUMAN_OBSERVATION,HN,El Paraíso,,-86.55371,14.03723,977.0,,"[""COORDINATE_ROUNDED"", ""CONTINENT_DERIVED_FROM_COORDINATES"", ""TAXON_ID_NOT_FOUND""]",2021-09-06T05:50Z
3355403590,"Scytodes fusca Walckenaer, 1837",Scytodes fusca,5169044,5169044,50c9509d-22c7-4a22-a47d-8c48425ef4a7,https://www.inaturalist.org/observations/93302887,HUMAN_OBSERVATION,BR,Distrito Federal,,-48.139125,-15.783884,14.0,,"[""COORDINATE_ROUNDED"", ""CONTINENT_DERIVED_FROM_COORDINATES"", ""TAXON_ID_NOT_FOUND""]",2021-09-01T18:37:46
3384070430,"Scytodes fusca Walckenaer, 1837",Scytodes fusca,5169044,5169044,50c9509d-22c7-4a22-a47d-8c48425ef4a7,https://www.inaturalist.org/observations/96353414,HUMAN_OBSERVATION,BR,Goiás,,-49.228628,-16.645879,,,"[""COORDINATE_ROUNDED"", ""CONTINENT_DERIVED_FROM_COORDINATES"", ""TAXON_ID_NOT_FOUND""]",2021-09-27T08:52:16
3384175738,"Scytodes fusca Walckenaer, 1837",Scytodes fusca,5169044,5169044,50c9509d-22c7-4a22-a47d-8c48425ef4a7,https://www.inaturalist.org/observations/94655377,HUMAN_OBSERVATION,BR,Distrito Federal,,-48.139067,-15.783879,,,"[""COORDINATE_ROUNDED"", ""CONTINENT_DERIVED_FROM_COORDINATES"", ""TAXON_ID_NOT_FOUND""]",2021-09-12T18:38:16
3391302273,"Scytodes fusca Walckenaer, 1837",Scytodes fusca,5169044,5169044,50c9509d-22c7-4a22-a47d-8c48425ef4a7,https://www.inaturalist.org/observations/98230493,HUMAN_OBSERVATION,CO,Quindío,,-75.64956,4.69105,2162.0,,"[""COORDINATE_ROUNDED"", ""CONTINENT_DERIVED_FROM_COORDINATES"", ""TAXON_ID_NOT_FOUND""]",2021-09-28T16:35
3391521571,"Scytodes fusca Walckenaer, 1837",Scytodes fusca,5169044,5169044,50c9509d-22c7-4a22-a47d-8c48425ef4a7,https://www.inaturalist.org/observations/96675751,HUMAN_OBSERVATION,HN,El Paraíso,,-86.55371,14.03723,977.0,,"[""COORDINATE_ROUNDED"", ""CONTINENT_DERIVED_FROM_COORDINATES"", ""TAXON_ID_NOT_FOUND""]",2021-09-29T15:09Z
3415802897,"Scytodes fusca Walckenaer, 1837",Scytodes fusca,5169044,5169044,50c9509d-22c7-4a22-a47d-8c48425ef4a7,https://www.inaturalist.org/observations/98858882,HUMAN_OBSERVATION,CO,Antioquia,,-75.565815,6.247638,8746.0,,"[""COORDINATE_ROUNDED"", ""CONTINENT_DERIVED_FROM_COORDINATES"", ""TAXON_ID_NOT_FOUND""]",2021-09-23T00:22
3456535058,"Scytodes fusca Walckenaer, 1837",Scytodes fusca,5169044,5169044,50c9509d-22c7-4a22-a47d-8c48425ef4a7,https://www.inaturalist.org/observations/102894670,HUMAN_OBSERVATION,PT,Setúbal,,-9.081355,38.626691,1694.0,,"[""COORDINATE_ROUNDED"", ""CONTINENT_DERIVED_FROM_COORDINATES"", ""TAXON_ID_NOT_FOUND""]",2021-09-16T00:06Z
4067236508,"Scytodes fusca Walckenaer, 1837",Scytodes fusca,5169044,5169044,50c9509d-22c7-4a22-a47d-8c48425ef4a7,https://www.inaturalist.org/observations/94593814,HUMAN_OBSERVATION,ID,Jawa Tengah,,109.073889,-7.657222,2150.0,,"[""COORDINATE_ROUNDED"", ""CONTINENT_DERIVED_FROM_COORDINATES"", ""TAXON_ID_NOT_FOUND""]",2021-09-10T20:14
4133683340,"Scytodes fusca Walckenaer, 1837",Scytodes fusca,5169044,5169044,50c9509d-22c7-4a22-a47d-8c48425ef4a7,https://www.inaturalist.org/observations/94411482,HUMAN_OBSERVATION,BR,Bahia,,-38.499709,-12.97799,410.0,,"[""COORDINATE_ROUNDED"", ""CONTINENT_DERIVED_FROM_COORDINATES"", ""TAXON_ID_NOT_FOUND""]",2021-09-11T02:56
4908637064,"Scytodes fusca Walckenaer, 1837",Scytodes fusca,5169044,5169044,50c9509d-22c7-4a22-a47d-8c48425ef4a7,https://www.inaturalist.org/observations/227244423,HUMAN_OBSERVATION,AU,Queensland,,152.616002,-25.184737,12.0,,"[""COORDINATE_ROUNDED"", ""CONTINENT_DERIVED_FROM_COORDINATES"", ""TAXON_ID_NOT_FOUND""]",2021-09-01T14:42
3391314154,"Scytodes fusca Walckenaer, 1837",Scytodes fusca,5169044,5169044,50c9509d-22c7-4a22-a47d-8c48425ef4a7,https://www.inaturalist.org/observations/98130563,HUMAN_OBSERVATION,BR,Mato Grosso,,-54.936976,-12.382073,2148.0,,"[""COORDINATE_ROUNDED"", ""CONTINENT_DERIVED_FROM_COORDINATES"", ""TAXON_ID_NOT_FOUND""]",2021-10-09T19:11Z
3391640770,"Scytodes fusca Walckenaer, 1837",Scytodes fusca,5169044,5169044,50c9509d-22c7-4a22-a47d-8c48425ef4a7,https://www.inaturalist.org/observations/97672734,HUMAN_OBSERVATION,BR,Bahia,,-40.491595,-12.283698,1655.0,,"[""COORDINATE_ROUNDED"", ""CONTINENT_DERIVED_FROM_COORDINATES"", ""TAXON_ID_NOT_FOUND""]",2021-10-09T09:40:34
3398922243,"Scytodes fusca Walckenaer, 1837",Scytodes fusca,5169044,5169044,50c9509d-22c7-4a22-a47d-8c48425ef4a7,https://www.inaturalist.org/observations/99500993,HUMAN_OBSERVATION,BR,São Paulo,,-48.383889,-22.3675,,,"[""COORDINATE_ROUNDED"", ""CONTINENT_DERIVED_FROM_COORDINATES"", ""TAXON_ID_NOT_FOUND""]",2021-10-26T11:28:17
3415801884,"Scytodes fusca Walckenaer, 1837",Scytodes fusca,5169044,5169044,50c9509d-22c7-4a22-a47d-8c48425ef4a7,https://www.inaturalist.org/observations/99736494,HUMAN_OBSERVATION,RE,Saint-Pierre,,55.567736,-21.358611,4.0,,"[""COORDINATE_ROUNDED"", ""CONTINENT_DERIVED_FROM_COORDINATES"", ""TAXON_ID_NOT_FOUND""]",2021-10-23T01:09
3722783355,"Scytodes fusca Walckenaer, 1837",Scytodes fusca,5169044,5169044,8a863029-f435-446a-821e-275f4f641165,https://observation.org/observation/228045410,HUMAN_OBSERVATION,DE,Rheinland-Pfalz,BIT Oberkail,6.67359,50.037833,25.0,,[],2021-10-21
3764471400,"Scytodes fusca Walckenaer, 1837",Scytodes fusca,5169044,5169044,50c9509d-22c7-4a22-a47d-8c48425ef4a7,https://www.inaturalist.org/observations/107040006,HUMAN_OBSERVATION,BR,Ceará,,-38.561575,-3.730751,575.0,,"[""COORDINATE_ROUNDED"", ""CONTINENT_DERIVED_FROM_COORDINATES"", ""TAXON_ID_NOT_FOUND""]",2021-10-02T10:21
3764516407,"Scytodes fusca Walckenaer, 1837",Scytodes fusca,5169044,5169044,50c9509d-22c7-4a22-a47d-8c48425ef4a7,https://www.inaturalist.org/observations/107040007,HUMAN_OBSERVATION,BR,Ceará,,-38.561575,-3.730751,575.0,,"[""COORDINATE_ROUNDED"", ""CONTINENT_DERIVED_FROM_COORDINATES"", ""TAXON_ID_NOT_FOUND""]",2021-10-02T10:22
3764563417,"Scytodes fusca Walckenaer, 1837",Scytodes fusca,5169044,5169044,50c9509d-22c7-4a22-a47d-8c48425ef4a7,https://www.inaturalist.org/observations/107419829,HUMAN_OBSERVATION,BR,Ceará,,-38.485697,-3.748662,443.0,,"[""COORDINATE_ROUNDED"", ""CONTINENT_DERIVED_FROM_COORDINATES"", ""TAXON_ID_NOT_FOUND""]",2021-10-30T08:26
3902030911,"Scytodes fusca Walckenaer, 1837",Scytodes fusca,5169044,5169044,50c9509d-22c7-4a22-a47d-8c48425ef4a7,https://www.inaturalist.org/observations/108921356,HUMAN_OBSERVATION,UM,Palmyra,,-162.086448,5.887092,32.0,,"[""COORDINATE_ROUNDED"", ""CONTINENT_DERIVED_FROM_COORDINATES"", ""TAXON_ID_NOT_FOUND""]",2021-10-07T22:22
4913270646,BOLD:AAG5665,Scytodes fusca,10546508,10546508,040c5662-da76-4782-a48e-cdea1892d14c,ARONZ1195-22,MATERIAL_SAMPLE,US,Hawaii,,-157.68,21.288,,,"[""GEODETIC_DATUM_ASSUMED_WGS84"", ""CONTINENT_DERIVED_FROM_COORDINATES"", ""TAXON_CONCEPT_ID_NOT_FOUND"", ""TAXON_ID_NOT_FOUND"", ""COLLECTION_MATCH_NONE"", ""INSTITUTION_MATCH_FUZZY""]",2021-10-24
4913286871,BOLD:AAG5665,Scytodes fusca,10546508,10546508,040c5662-da76-4782-a48e-cdea1892d14c,ARONZ1211-22,MATERIAL_SAMPLE,US,Hawaii,,-158.171,21.58,,,"[""GEODETIC_DATUM_ASSUMED_WGS84"", ""CONTINENT_DERIVED_FROM_COORDINATES"", ""TAXON_CONCEPT_ID_NOT_FOUND"", ""TAXON_ID_NOT_FOUND"", ""COLLECTION_MATCH_NONE"", ""INSTITUTION_MATCH_FUZZY""]",2021-10-17
4913317012,BOLD:AAG5665,Scytodes fusca,10546508,10546508,040c5662-da76-4782-a48e-cdea1892d14c,ARONZ1212-22,MATERIAL_SAMPLE,US,Hawaii,,-158.171,21.58,,,"[""GEODETIC_DATUM_ASSUMED_WGS84"", ""CONTINENT_DERIVED_FROM_COORDINATES"", ""TAXON_CONCEPT_ID_NOT_FOUND"", ""TAXON_ID_NOT_FOUND"", ""COLLECTION_MATCH_NONE"", ""INSTITUTION_MATCH_FUZZY""]",2021-10-17
4913350023,BOLD:AAG5665,Scytodes fusca,10546508,10546508,040c5662-da76-4782-a48e-cdea1892d14c,ARONZ1210-22,MATERIAL_SAMPLE,US,Hawaii,,-158.171,21.58,,,"[""GEODETIC_DATUM_ASSUMED_WGS84"", ""CONTINENT_DERIVED_FROM_COORDINATES"", ""TAXON_CONCEPT_ID_NOT_FOUND"", ""TAXON_ID_NOT_FOUND"", ""COLLECTION_MATCH_NONE"", ""INSTITUTION_MATCH_FUZZY""]",2021-10-17
4916478530,BOLD:AAG5665,Scytodes fusca,10546508,10546508,040c5662-da76-4782-a48e-cdea1892d14c,ARONZ1191-22,MATERIAL_SAMPLE,US,Hawaii,,-157.838,21.513,,,"[""GEODETIC_DATUM_ASSUMED_WGS84"", ""CONTINENT_DERIVED_FROM_COORDINATES"", ""TAXON_CONCEPT_ID_NOT_FOUND"", ""TAXON_ID_NOT_FOUND"", ""COLLECTION_MATCH_NONE"", ""INSTITUTION_MATCH_FUZZY""]",2021-10-20
4916631355,BOLD:AAG5665,Scytodes fusca,10546508,10546508,040c5662-da76-4782-a48e-cdea1892d14c,ARONZ1196-22,MATERIAL_SAMPLE,US,Hawaii,,-157.68,21.288,,,"[""GEODETIC_DATUM_ASSUMED_WGS84"", ""CONTINENT_DERIVED_FROM_COORDINATES"", ""TAXON_CONCEPT_ID_NOT_FOUND"", ""TAXON_ID_NOT_FOUND"", ""COLLECTION_MATCH_NONE"", ""INSTITUTION_MATCH_FUZZY""]",2021-10-24
4916731280,BOLD:AAG5665,Scytodes fusca,10546508,10546508,040c5662-da76-4782-a48e-cdea1892d14c,ARONZ1194-22,MATERIAL_SAMPLE,US,Hawaii,,-157.68,21.288,,,"[""GEODETIC_DATUM_ASSUMED_WGS84"", ""CONTINENT_DERIVED_FROM_COORDINATES"", ""TAXON_CONCEPT_ID_NOT_FOUND"", ""TAXON_ID_NOT_FOUND"", ""COLLECTION_MATCH_NONE"", ""INSTITUTION_MATCH_FUZZY""]",2021-10-24
6334176717,"Scytodes fusca Walckenaer, 1837",Scytodes fusca,5169044,5169044,50c9509d-22c7-4a22-a47d-8c48425ef4a7,https://www.inaturalist.org/observations/345027005,HUMAN_OBSERVATION,TH,Chachoengsao,,101.023247,13.611852,10.0,,"[""COORDINATE_ROUNDED"", ""CONTINENT_DERIVED_FROM_COORDINATES"", ""TAXON_ID_NOT_FOUND""]",2021-10-01T11:57
3408019233,"Scytodes fusca Walckenaer, 1837",Scytodes fusca,5169044,5169044,50c9509d-22c7-4a22-a47d-8c48425ef4a7,https://www.inaturalist.org/observations/100201685,HUMAN_OBSERVATION,US,Florida,,-81.674893,26.653146,,,"[""COORDINATE_ROUNDED"", ""CONTINENT_DERIVED_FROM_COORDINATES"", ""TAXON_ID_NOT_FOUND""]",2021-11-03T22:09:11
3415712108,"Scytodes fusca Walckenaer, 1837",Scytodes fusca,5169044,5169044,50c9509d-22c7-4a22-a47d-8c48425ef4a7,https://www.inaturalist.org/observations/101725208,HUMAN_OBSERVATION,BR,Minas Gerais,,-44.017667,-19.86642,,,"[""COORDINATE_ROUNDED"", ""CONTINENT_DERIVED_FROM_COORDINATES"", ""TAXON_ID_NOT_FOUND""]",2021-11-14T23:13:58
3415799734,"Scytodes fusca Walckenaer, 1837",Scytodes fusca,5169044,5169044,50c9509d-22c7-4a22-a47d-8c48425ef4a7,https://www.inaturalist.org/observations/101730240,HUMAN_OBSERVATION,BR,Mato Grosso do Sul,,-54.655708,-20.513909,122.0,,"[""COORDINATE_ROUNDED"", ""CONTINENT_DERIVED_FROM_COORDINATES"", ""TAXON_ID_NOT_FOUND""]",2021-11-21T19:53
3415989389,"Scytodes fusca Walckenaer, 1837",Scytodes fusca,5169044,5169044,50c9509d-22c7-4a22-a47d-8c48425ef4a7,https://www.inaturalist.org/observations/101050172,HUMAN_OBSERVATION,HN,El Paraíso,,-86.55371,14.03723,977.0,,"[""COORDINATE_ROUNDED"", ""CONTINENT_DERIVED_FROM_COORDINATES"", ""TAXON_ID_NOT_FOUND""]",2021-11-13T17:30Z
3415991471,"Scytodes fusca Walckenaer, 1837",Scytodes fusca,5169044,5169044,50c9509d-22c7-4a22-a47d-8c48425ef4a7,https://www.inaturalist.org/observations/100878463,HUMAN_OBSERVATION,BR,Paraíba,,-35.236728,-7.147507,18.0,,"[""COORDINATE_ROUNDED"", ""CONTINENT_DERIVED_FROM_COORDINATES"", ""TAXON_ID_NOT_FOUND""]",2021-11-11T18:00:54
3415995342,"Scytodes fusca Walckenaer, 1837",Scytodes fusca,5169044,5169044,50c9509d-22c7-4a22-a47d-8c48425ef4a7,https://www.inaturalist.org/observations/101015848,HUMAN_OBSERVATION,DK,Hovedstaden,,12.518429,55.649322,4.0,,"[""COORDINATE_ROUNDED"", ""CONTINENT_DERIVED_FROM_COORDINATES"", ""TAXON_ID_NOT_FOUND""]",2021-11-13T18:51
3416053690,"Scytodes fusca Walckenaer, 1837",Scytodes fusca,5169044,5169044,50c9509d-22c7-4a22-a47d-8c48425ef4a7,https://www.inaturalist.org/observations/101856574,HUMAN_OBSERVATION,BR,Distrito Federal,,-48.139112,-15.783854,15.0,,"[""COORDINATE_ROUNDED"", ""CONTINENT_DERIVED_FROM_COORDINATES"", ""TAXON_ID_NOT_FOUND""]",2021-11-24T16:43:12
3455319025,"Scytodes fusca Walckenaer, 1837",Scytodes fusca,5169044,5169044,50c9509d-22c7-4a22-a47d-8c48425ef4a7,https://www.inaturalist.org/observations/102059391,HUMAN_OBSERVATION,BR,Distrito Federal,,-48.13904,-15.7839,6.0,,"[""COORDINATE_ROUNDED"", ""CONTINENT_DERIVED_FROM_COORDINATES"", ""TAXON_ID_NOT_FOUND""]",2021-11-28T00:58:38
3456293307,"Scytodes fusca Walckenaer, 1837",Scytodes fusca,5169044,5169044,50c9509d-22c7-4a22-a47d-8c48425ef4a7,https://www.inaturalist.org/observations/102085083,HUMAN_OBSERVATION,BR,São Paulo,,-46.541945,-23.5531,27.0,,"[""COORDINATE_ROUNDED"", ""CONTINENT_DERIVED_FROM_COORDINATES"", ""TAXON_ID_NOT_FOUND""]",2021-11-28T12:08:10
3456882679,"Scytodes fusca Walckenaer, 1837",Scytodes fusca,5169044,5169044,50c9509d-22c7-4a22-a47d-8c48425ef4a7,https://www.inaturalist.org/observations/104351706,HUMAN_OBSERVATION,BR,Mato Grosso do Sul,,-54.65417,-20.512219,31.0,,"[""COORDINATE_ROUNDED"", ""CONTINENT_DERIVED_FROM_COORDINATES"", ""TAXON_ID_NOT_FOUND""]",2021-11-04T13:54
3784664387,"Scytodes fusca Walckenaer, 1837",Scytodes fusca,5169044,5169044,50c9509d-22c7-4a22-a47d-8c48425ef4a7,https://www.inaturalist.org/observations/102164157,HUMAN_OBSERVATION,HN,El Paraíso,,-86.55371,14.03723,977.0,,"[""COORDINATE_ROUNDED"", ""CONTINENT_DERIVED_FROM_COORDINATES"", ""TAXON_ID_NOT_FOUND""]",2021-11-28T19:06Z
3923515465,"Scytodes fusca Walckenaer, 1837",Scytodes fusca,5169044,5169044,50c9509d-22c7-4a22-a47d-8c48425ef4a7,https://www.inaturalist.org/observations/100058127,HUMAN_OBSERVATION,BR,São Paulo,,-47.547769,-22.405331,,,"[""COORDINATE_ROUNDED"", ""CONTINENT_DERIVED_FROM_COORDINATES"", ""TAXON_ID_NOT_FOUND""]",2021-11-02T08:14:41
4413540488,"Scytodes fusca Walckenaer, 1837",Scytodes fusca,5169044,5169044,50c9509d-22c7-4a22-a47d-8c48425ef4a7,https://www.inaturalist.org/observations/102237721,HUMAN_OBSERVATION,BR,Rio Grande do Sul,,-53.157169,-27.979463,,,"[""COORDINATE_ROUNDED"", ""CONTINENT_DERIVED_FROM_COORDINATES"", ""TAXON_ID_NOT_FOUND""]",2021-11-15T10:59
6334259542,"Scytodes fusca Walckenaer, 1837",Scytodes fusca,5169044,5169044,50c9509d-22c7-4a22-a47d-8c48425ef4a7,https://www.inaturalist.org/observations/363497209,HUMAN_OBSERVATION,BR,São Paulo,,-47.755406,-20.984798,3906.0,,"[""COORDINATE_ROUNDED"", ""CONTINENT_DERIVED_FROM_COORDINATES"", ""TAXON_ID_NOT_FOUND""]",2021-11-14T08:52
3455439981,"Scytodes fusca Walckenaer, 1837",Scytodes fusca,5169044,5169044,50c9509d-22c7-4a22-a47d-8c48425ef4a7,https://www.inaturalist.org/observations/103386890,HUMAN_OBSERVATION,BR,Espírito Santo,,-40.482638,-19.244994,,,"[""COORDINATE_ROUNDED"", ""CONTINENT_DERIVED_FROM_COORDINATES"", ""TAXON_ID_NOT_FOUND""]",2021-12-20T19:28:23
3455543696,"Scytodes fusca Walckenaer, 1837",Scytodes fusca,5169044,5169044,50c9509d-22c7-4a22-a47d-8c48425ef4a7,https://www.inaturalist.org/observations/103094942,HUMAN_OBSERVATION,BR,Distrito Federal,,-47.858611,-15.729444,,,"[""COORDINATE_ROUNDED"", ""CONTINENT_DERIVED_FROM_COORDINATES"", ""TAXON_ID_NOT_FOUND""]",2021-12-11T14:53
3455748503,"Scytodes fusca Walckenaer, 1837",Scytodes fusca,5169044,5169044,50c9509d-22c7-4a22-a47d-8c48425ef4a7,https://www.inaturalist.org/observations/105028330,HUMAN_OBSERVATION,PH,Nueva Vizcaya,,120.998898,16.303895,4570.0,,"[""COORDINATE_ROUNDED"", ""CONTINENT_DERIVED_FROM_COORDINATES"", ""TAXON_ID_NOT_FOUND""]",2021-12-16T19:47
3456376006,"Scytodes fusca Walckenaer, 1837",Scytodes fusca,5169044,5169044,50c9509d-22c7-4a22-a47d-8c48425ef4a7,https://www.inaturalist.org/observations/103403401,HUMAN_OBSERVATION,MX,Hidalgo,,-98.199002,20.399271,132.0,,"[""COORDINATE_ROUNDED"", ""CONTINENT_DERIVED_FROM_COORDINATES"", ""TAXON_ID_NOT_FOUND""]",2021-12-16T11:42Z
3456380539,"Scytodes fusca Walckenaer, 1837",Scytodes fusca,5169044,5169044,50c9509d-22c7-4a22-a47d-8c48425ef4a7,https://www.inaturalist.org/observations/102976003,HUMAN_OBSERVATION,MX,Hidalgo,,-98.204382,20.38855,2804.0,,"[""COORDINATE_ROUNDED"", ""CONTINENT_DERIVED_FROM_COORDINATES"", ""TAXON_ID_NOT_FOUND""]",2021-12-12T19:21:37
3456776152,"Scytodes fusca Walckenaer, 1837",Scytodes fusca,5169044,5169044,50c9509d-22c7-4a22-a47d-8c48425ef4a7,https://www.inaturalist.org/observations/102899206,HUMAN_OBSERVATION,BR,Rio de Janeiro,,-43.504946,-23.026425,1313.0,,"[""COORDINATE_ROUNDED"", ""CONTINENT_DERIVED_FROM_COORDINATES"", ""TAXON_ID_NOT_FOUND""]",2021-12-11T19:26:44
4176926417,"Scytodes fusca Walckenaer, 1837",Scytodes fusca,5169044,5169044,50c9509d-22c7-4a22-a47d-8c48425ef4a7,https://www.inaturalist.org/observations/102871216,HUMAN_OBSERVATION,DO,Distrito Nacional,,-69.984024,18.511951,,,"[""COORDINATE_ROUNDED"", ""CONTINENT_DERIVED_FROM_COORDINATES"", ""TAXON_ID_NOT_FOUND""]",2021-12-11T10:41:13
4921877073,"Scytodes fusca Walckenaer, 1837",Scytodes fusca,5169044,5169044,50c9509d-22c7-4a22-a47d-8c48425ef4a7,https://www.inaturalist.org/observations/233117422,HUMAN_OBSERVATION,BR,São Paulo,,-46.752112,-23.398585,2709.0,,"[""COORDINATE_ROUNDED"", ""CONTINENT_DERIVED_FROM_COORDINATES"", ""TAXON_ID_NOT_FOUND""]",2021-12-31T15:06:23
2550002820,"Scytodes fusca Walckenaer, 1837",Scytodes fusca,5169044,5169044,50c9509d-22c7-4a22-a47d-8c48425ef4a7,https://www.inaturalist.org/observations/37297497,HUMAN_OBSERVATION,ID,Yogyakarta,,110.427349,-7.624493,127.0,,"[""COORDINATE_ROUNDED"", ""CONTINENT_DERIVED_FROM_COORDINATES"", ""TAXON_ID_NOT_FOUND""]",2020-01-05T13:28
2633951488,"Scytodes fusca Walckenaer, 1837",Scytodes fusca,5169044,5169044,50c9509d-22c7-4a22-a47d-8c48425ef4a7,https://www.inaturalist.org/observations/37945738,HUMAN_OBSERVATION,US,Florida,,-80.194267,25.85363,10.0,,"[""COORDINATE_ROUNDED"", ""CONTINENT_DERIVED_FROM_COORDINATES"", ""TAXON_ID_NOT_FOUND""]",2020-01-25T09:04:55
4904086837,"Scytodes fusca Walckenaer, 1837",Scytodes fusca,5169044,5169044,50c9509d-22c7-4a22-a47d-8c48425ef4a7,https://www.inaturalist.org/observations/37251269,HUMAN_OBSERVATION,US,Florida,,-81.070854,28.509329,,,"[""COORDINATE_ROUNDED"", ""CONTINENT_DERIVED_FROM_COORDINATES"", ""TAXON_ID_NOT_FOUND""]",2020-01-03T04:06:18
6334651984,"Scytodes fusca Walckenaer, 1837",Scytodes fusca,5169044,5169044,50c9509d-22c7-4a22-a47d-8c48425ef4a7,https://www.inaturalist.org/observations/38010308,HUMAN_OBSERVATION,BR,Santa Catarina,,-49.072994,-26.924025,,,"[""COORDINATE_ROUNDED"", ""CONTINENT_DERIVED_FROM_COORDINATES"", ""TAXON_ID_NOT_FOUND""]",2020-01-26T22:35:48
2573867350,"Scytodes fusca Walckenaer, 1837",Scytodes fusca,5169044,5169044,50c9509d-22c7-4a22-a47d-8c48425ef4a7,https://www.inaturalist.org/observations/38770082,HUMAN_OBSERVATION,MX,Sonora,,-110.945463,29.148639,5.0,,"[""COORDINATE_ROUNDED"", ""CONTINENT_DERIVED_FROM_COORDINATES"", ""TAXON_ID_NOT_FOUND""]",2020-02-16T20:07:59
2603424798,"Scytodes fusca Walckenaer, 1837",Scytodes fusca,5169044,5169044,50c9509d-22c7-4a22-a47d-8c48425ef4a7,https://www.inaturalist.org/observations/42071284,HUMAN_OBSERVATION,MX,Sonora,,-110.949287,29.15137,38.0,,"[""COORDINATE_ROUNDED"", ""CONTINENT_DERIVED_FROM_COORDINATES"", ""TAXON_ID_NOT_FOUND""]",2020-02-16T20:07:03
3005217196,"Scytodes fusca Walckenaer, 1837",Scytodes fusca,5169044,5169044,50c9509d-22c7-4a22-a47d-8c48425ef4a7,https://www.inaturalist.org/observations/66714203,HUMAN_OBSERVATION,BR,Distrito Federal,,-47.880828,-15.837528,,,"[""COORDINATE_ROUNDED"", ""CONTINENT_DERIVED_FROM_COORDINATES"", ""TAXON_ID_NOT_FOUND""]",2020-02-05T13:39
2579309665,"Scytodes fusca Walckenaer, 1837",Scytodes fusca,5169044,5169044,50c9509d-22c7-4a22-a47d-8c48425ef4a7,https://www.inaturalist.org/observations/39906243,HUMAN_OBSERVATION,US,Florida,,-82.290853,26.855355,45.0,,"[""COORDINATE_ROUNDED"", ""CONTINENT_DERIVED_FROM_COORDINATES"", ""TAXON_ID_NOT_FOUND""]",2020-03-12T20:29:06
3031829636,"Scytodes fusca Walckenaer, 1837",Scytodes fusca,5169044,5169044,50c9509d-22c7-4a22-a47d-8c48425ef4a7,https://www.inaturalist.org/observations/41136863,HUMAN_OBSERVATION,BR,São Paulo,,-48.341048,-21.239967,31.0,,"[""COORDINATE_ROUNDED"", ""CONTINENT_DERIVED_FROM_COORDINATES"", ""TAXON_ID_NOT_FOUND""]",2020-03-30T23:53
2611339320,"Scytodes fusca Walckenaer, 1837",Scytodes fusca,5169044,5169044,50c9509d-22c7-4a22-a47d-8c48425ef4a7,https://www.inaturalist.org/observations/44206311,HUMAN_OBSERVATION,MX,Jalisco,,-102.884011,21.172719,19.0,,"[""CONTINENT_DERIVED_FROM_COORDINATES"", ""TAXON_ID_NOT_FOUND""]",2020-04-26T22:22
4547269815,"Scytodes fusca Walckenaer, 1837",Scytodes fusca,5169044,5169044,57a71701-9120-4301-b3b7-b766cefd25fd,3862d8eb-fe67-11ea-9fd6-5254000001d3,HUMAN_OBSERVATION,RE,,,55.32225,-21.04448,12884.0,,"[""COUNTRY_MISMATCH"", ""CONTINENT_DERIVED_FROM_COORDINATES"", ""TAXON_ID_NOT_FOUND""]",2020-04-17
2626424709,"Scytodes fusca Walckenaer, 1837",Scytodes fusca,5169044,5169044,50c9509d-22c7-4a22-a47d-8c48425ef4a7,https://www.inaturalist.org/observations/45455662,HUMAN_OBSERVATION,PH,Zambales,,119.987945,15.317289,5.0,,"[""COORDINATE_ROUNDED"", ""CONTINENT_DERIVED_FROM_COORDINATES"", ""TAXON_ID_NOT_FOUND""]",2020-05-10T13:25:05
2641338583,"Scytodes fusca Walckenaer, 1837",Scytodes fusca,5169044,5169044,50c9509d-22c7-4a22-a47d-8c48425ef4a7,https://www.inaturalist.org/observations/48334983,HUMAN_OBSERVATION,US,Florida,,-82.706977,27.741196,17.0,,"[""COORDINATE_ROUNDED"", ""CONTINENT_DERIVED_FROM_COORDINATES"", ""TAXON_ID_NOT_FOUND""]",2020-05-25T18:23
2641503495,"Scytodes fusca Walckenaer, 1837",Scytodes fusca,5169044,5169044,50c9509d-22c7-4a22-a47d-8c48425ef4a7,https://www.inaturalist.org/observations/46186603,HUMAN_OBSERVATION,US,Florida,,-80.237253,26.266212,29.0,,"[""COORDINATE_ROUNDED"", ""CONTINENT_DERIVED_FROM_COORDINATES"", ""TAXON_ID_NOT_FOUND""]",2020-05-15T18:30:31
4039334382,"Scytodes fusca Walckenaer, 1837",Scytodes fusca,5169044,5169044,50c9509d-22c7-4a22-a47d-8c48425ef4a7,https://www.inaturalist.org/observations/55450996,HUMAN_OBSERVATION,BR,Pará,,-54.732014,-2.393727,31.0,,"[""COORDINATE_ROUNDED"", ""CONTINENT_DERIVED_FROM_COORDINATES"", ""TAXON_ID_NOT_FOUND""]",2020-05-13T20:00:33
4904099253,"Scytodes fusca Walckenaer, 1837",Scytodes fusca,5169044,5169044,50c9509d-22c7-4a22-a47d-8c48425ef4a7,https://www.inaturalist.org/observations/45510081,HUMAN_OBSERVATION,US,Florida,,-82.507118,27.299656,206.0,,"[""COORDINATE_ROUNDED"", ""CONTINENT_DERIVED_FROM_COORDINATES"", ""TAXON_ID_NOT_FOUND""]",2020-05-09T13:10
2641498755,"Scytodes fusca Walckenaer, 1837",Scytodes fusca,5169044,5169044,50c9509d-22c7-4a22-a47d-8c48425ef4a7,https://www.inaturalist.org/observations/48618103,HUMAN_OBSERVATION,PH,Zambales,,119.987999,15.317236,5.0,,"[""COORDINATE_ROUNDED"", ""CONTINENT_DERIVED_FROM_COORDINATES"", ""TAXON_ID_NOT_FOUND""]",2020-06-05T17:34:08
2641536758,"Scytodes fusca Walckenaer, 1837",Scytodes fusca,5169044,5169044,50c9509d-22c7-4a22-a47d-8c48425ef4a7,https://www.inaturalist.org/observations/48617674,HUMAN_OBSERVATION,PH,Zambales,,119.987967,15.317263,10.0,,"[""COORDINATE_ROUNDED"", ""CONTINENT_DERIVED_FROM_COORDINATES"", ""TAXON_ID_NOT_FOUND""]",2020-06-05T17:16:45
4547270043,"Scytodes fusca Walckenaer, 1837",Scytodes fusca,5169044,5169044,57a71701-9120-4301-b3b7-b766cefd25fd,3862d5ef-fe67-11ea-9fd6-5254000001d3,HUMAN_OBSERVATION,RE,,,55.32225,-21.04448,12884.0,,"[""COUNTRY_MISMATCH"", ""CONTINENT_DERIVED_FROM_COORDINATES"", ""TAXON_ID_NOT_FOUND""]",2020-06-18
2980790884,"Scytodes fusca Walckenaer, 1837",Scytodes fusca,5169044,5169044,50c9509d-22c7-4a22-a47d-8c48425ef4a7,https://www.inaturalist.org/observations/64008118,HUMAN_OBSERVATION,BR,Distrito Federal,,-48.139056,-15.783888,11.0,,"[""COORDINATE_ROUNDED"", ""CONTINENT_DERIVED_FROM_COORDINATES"", ""TAXON_ID_NOT_FOUND""]",2020-07-30T17:47
3031856749,"Scytodes fusca Walckenaer, 1837",Scytodes fusca,5169044,5169044,50c9509d-22c7-4a22-a47d-8c48425ef4a7,https://www.inaturalist.org/observations/51765457,HUMAN_OBSERVATION,CO,Cauca,,-76.657067,2.34582,4.0,,"[""COORDINATE_ROUNDED"", ""CONTINENT_DERIVED_FROM_COORDINATES"", ""TAXON_ID_NOT_FOUND""]",2020-07-01T20:47
4903934040,"Scytodes fusca Walckenaer, 1837",Scytodes fusca,5169044,5169044,50c9509d-22c7-4a22-a47d-8c48425ef4a7,https://www.inaturalist.org/observations/54054627,HUMAN_OBSERVATION,US,Florida,,-82.507118,27.299656,35.0,,"[""COORDINATE_ROUNDED"", ""CONTINENT_DERIVED_FROM_COORDINATES"", ""TAXON_ID_NOT_FOUND""]",2020-07-22T22:09
4904306047,"Scytodes fusca Walckenaer, 1837",Scytodes fusca,5169044,5169044,50c9509d-22c7-4a22-a47d-8c48425ef4a7,https://www.inaturalist.org/observations/54813928,HUMAN_OBSERVATION,US,Florida,,-81.889793,26.598556,22.0,,"[""COORDINATE_ROUNDED"", ""CONTINENT_DERIVED_FROM_COORDINATES"", ""TAXON_ID_NOT_FOUND""]",2020-07-30T01:29:19
5162835497,BOLD:AAG5665,Scytodes fusca,10546508,10546508,bb3ce407-964b-411a-90ce-d42b394dd646,IBA_CO1_lysate_2019_MG:P27360_1265:257d0d04531cdbfbb7b4ff2a8c3cb74c,MATERIAL_SAMPLE,MG,,,49.120911,-12.96002,,,"[""CONTINENT_DERIVED_FROM_COORDINATES"", ""TAXON_ID_NOT_FOUND"", ""COLLECTION_MATCH_NONE""]",2020-07-15T06:27:25/2020-07-22T06:30:29
2864707449,"Scytodes fusca Walckenaer, 1837",Scytodes fusca,5169044,5169044,50c9509d-22c7-4a22-a47d-8c48425ef4a7,https://www.inaturalist.org/observations/59746400,HUMAN_OBSERVATION,MX,Jalisco,,-102.884028,21.172704,4.0,,"[""CONTINENT_DERIVED_FROM_COORDINATES"", ""TAXON_ID_NOT_FOUND""]",2020-09-04T22:50
2873770802,"Scytodes fusca Walckenaer, 1837",Scytodes fusca,5169044,5169044,50c9509d-22c7-4a22-a47d-8c48425ef4a7,https://www.inaturalist.org/observations/61325101,HUMAN_OBSERVATION,MX,Veracruz,,-96.886214,19.527096,641.0,,"[""COORDINATE_ROUNDED"", ""CONTINENT_DERIVED_FROM_COORDINATES"", ""TAXON_ID_NOT_FOUND""]",2020-09-08T13:42
2873984520,"Scytodes fusca Walckenaer, 1837",Scytodes fusca,5169044,5169044,50c9509d-22c7-4a22-a47d-8c48425ef4a7,https://www.inaturalist.org/observations/61227290,HUMAN_OBSERVATION,BR,Distrito Federal,,-47.858889,-15.729444,,,"[""COORDINATE_ROUNDED"", ""CONTINENT_DERIVED_FROM_COORDINATES"", ""TAXON_ID_NOT_FOUND""]",2020-09-28T23:33
2882997839,"Scytodes fusca Walckenaer, 1837",Scytodes fusca,5169044,5169044,50c9509d-22c7-4a22-a47d-8c48425ef4a7,https://www.inaturalist.org/observations/61508456,HUMAN_OBSERVATION,MX,Jalisco,,-102.884024,21.172703,4.0,,"[""COORDINATE_ROUNDED"", ""CONTINENT_DERIVED_FROM_COORDINATES"", ""TAXON_ID_NOT_FOUND""]",2020-09-28T22:05
2883100566,"Scytodes fusca Walckenaer, 1837",Scytodes fusca,5169044,5169044,50c9509d-22c7-4a22-a47d-8c48425ef4a7,https://www.inaturalist.org/observations/61432172,HUMAN_OBSERVATION,MX,Jalisco,,-102.884024,21.172703,4.0,,"[""COORDINATE_ROUNDED"", ""CONTINENT_DERIVED_FROM_COORDINATES"", ""TAXON_ID_NOT_FOUND""]",2020-09-13T22:12
2963824476,"Scytodes fusca Walckenaer, 1837",Scytodes fusca,5169044,5169044,50c9509d-22c7-4a22-a47d-8c48425ef4a7,https://www.inaturalist.org/observations/61359341,HUMAN_OBSERVATION,BR,Santa Catarina,,-49.375358,-28.672278,1716.0,,"[""COORDINATE_ROUNDED"", ""CONTINENT_DERIVED_FROM_COORDINATES"", ""TAXON_ID_NOT_FOUND""]",2020-09-30T22:55:27
3416145220,"Scytodes fusca Walckenaer, 1837",Scytodes fusca,5169044,5169044,50c9509d-22c7-4a22-a47d-8c48425ef4a7,https://www.inaturalist.org/observations/101668742,HUMAN_OBSERVATION,BR,Paraná,,-48.454995,-25.654642,10.0,,"[""COORDINATE_ROUNDED"", ""CONTINENT_DERIVED_FROM_COORDINATES"", ""TAXON_ID_NOT_FOUND""]",2020-09-08T08:37
4046590389,"Scytodes fusca Walckenaer, 1837",Scytodes fusca,5169044,5169044,50c9509d-22c7-4a22-a47d-8c48425ef4a7,https://www.inaturalist.org/observations/58570518,HUMAN_OBSERVATION,BR,Pará,,-54.732209,-2.417721,22.0,,"[""COORDINATE_ROUNDED"", ""CONTINENT_DERIVED_FROM_COORDINATES"", ""TAXON_ID_NOT_FOUND""]",2020-09-04T23:58:16
6510171633,"Scytodes fusca Walckenaer, 1837",Scytodes fusca,5169044,5169044,ffe38a37-d659-4b1a-a935-5a5264e3cc0a,2387234,HUMAN_OBSERVATION,BR,Distrito Federal,,-47.855,-15.766667,,,"[""GEODETIC_DATUM_INVALID"", ""GEODETIC_DATUM_ASSUMED_WGS84"", ""CONTINENT_DERIVED_FROM_COORDINATES"", ""SCIENTIFIC_NAME_ID_NOT_FOUND"", ""TAXON_ID_NOT_FOUND"", ""OCCURRENCE_STATUS_INFERRED_FROM_INDIVIDUAL_COUNT""]",2020-09-18T00:00
2883015799,"Scytodes fusca Walckenaer, 1837",Scytodes fusca,5169044,5169044,50c9509d-22c7-4a22-a47d-8c48425ef4a7,https://www.inaturalist.org/observations/62002422,HUMAN_OBSERVATION,MX,Jalisco,,-102.884024,21.172703,4.0,,"[""COORDINATE_ROUNDED"", ""CONTINENT_DERIVED_FROM_COORDINATES"", ""TAXON_ID_NOT_FOUND""]",2020-10-06T22:38
2883147989,"Scytodes fusca Walckenaer, 1837",Scytodes fusca,5169044,5169044,50c9509d-22c7-4a22-a47d-8c48425ef4a7,https://www.inaturalist.org/observations/62002330,HUMAN_OBSERVATION,MX,Jalisco,,-102.884024,21.172703,4.0,,"[""COORDINATE_ROUNDED"", ""CONTINENT_DERIVED_FROM_COORDINATES"", ""TAXON_ID_NOT_FOUND""]",2020-10-05T23:25
2898257730,"Scytodes fusca Walckenaer, 1837",Scytodes fusca,5169044,5169044,50c9509d-22c7-4a22-a47d-8c48425ef4a7,https://www.inaturalist.org/observations/62208598,HUMAN_OBSERVATION,BR,Distrito Federal,,-47.858611,-15.729444,,,"[""COORDINATE_ROUNDED"", ""CONTINENT_DERIVED_FROM_COORDINATES"", ""TAXON_ID_NOT_FOUND""]",2020-10-08T21:43
2901680548,"Scytodes fusca Walckenaer, 1837",Scytodes fusca,5169044,5169044,50c9509d-22c7-4a22-a47d-8c48425ef4a7,https://www.inaturalist.org/observations/62128461,HUMAN_OBSERVATION,MX,Jalisco,,-102.884024,21.172703,4.0,,"[""COORDINATE_ROUNDED"", ""CONTINENT_DERIVED_FROM_COORDINATES"", ""TAXON_ID_NOT_FOUND""]",2020-10-07T21:51
2901731140,"Scytodes fusca Walckenaer, 1837",Scytodes fusca,5169044,5169044,50c9509d-22c7-4a22-a47d-8c48425ef4a7,https://www.inaturalist.org/observations/63129165,HUMAN_OBSERVATION,BR,Tocantins,,-46.793734,-12.981671,31057.0,,"[""COORDINATE_ROUNDED"", ""CONTINENT_DERIVED_FROM_COORDINATES"", ""TAXON_ID_NOT_FOUND""]",2020-10-07T19:38
2963764167,"Scytodes fusca Walckenaer, 1837",Scytodes fusca,5169044,5169044,50c9509d-22c7-4a22-a47d-8c48425ef4a7,https://www.inaturalist.org/observations/63736090,HUMAN_OBSERVATION,MX,Jalisco,,-102.884024,21.172703,4.0,,"[""COORDINATE_ROUNDED"", ""CONTINENT_DERIVED_FROM_COORDINATES"", ""TAXON_ID_NOT_FOUND""]",2020-10-12T23:02
2963902191,"Scytodes fusca Walckenaer, 1837",Scytodes fusca,5169044,5169044,50c9509d-22c7-4a22-a47d-8c48425ef4a7,https://www.inaturalist.org/observations/63790892,HUMAN_OBSERVATION,MX,Jalisco,,-102.884024,21.172703,4.0,,"[""COORDINATE_ROUNDED"", ""CONTINENT_DERIVED_FROM_COORDINATES"", ""TAXON_ID_NOT_FOUND""]",2020-10-13T23:14
2963905198,"Scytodes fusca Walckenaer, 1837",Scytodes fusca,5169044,5169044,50c9509d-22c7-4a22-a47d-8c48425ef4a7,https://www.inaturalist.org/observations/63783210,HUMAN_OBSERVATION,BR,Paraíba,,-34.949722,-7.129444,,,"[""COORDINATE_ROUNDED"", ""CONTINENT_DERIVED_FROM_COORDINATES"", ""TAXON_ID_NOT_FOUND""]",2020-10-22T09:40:54
2963911141,"Scytodes fusca Walckenaer, 1837",Scytodes fusca,5169044,5169044,50c9509d-22c7-4a22-a47d-8c48425ef4a7,https://www.inaturalist.org/observations/63736050,HUMAN_OBSERVATION,MX,Jalisco,,-102.884024,21.172703,4.0,,"[""COORDINATE_ROUNDED"", ""CONTINENT_DERIVED_FROM_COORDINATES"", ""TAXON_ID_NOT_FOUND""]",2020-10-11T22:35
3337441429,"Scytodes fusca Walckenaer, 1837",Scytodes fusca,5169044,5169044,50c9509d-22c7-4a22-a47d-8c48425ef4a7,https://www.inaturalist.org/observations/62602843,HUMAN_OBSERVATION,DO,La Vega,,-70.544342,19.058502,206.0,,"[""COORDINATE_ROUNDED"", ""CONTINENT_DERIVED_FROM_COORDINATES"", ""TAXON_ID_NOT_FOUND""]",2020-10-11T17:26Z
3923659369,"Scytodes fusca Walckenaer, 1837",Scytodes fusca,5169044,5169044,50c9509d-22c7-4a22-a47d-8c48425ef4a7,https://www.inaturalist.org/observations/62642005,HUMAN_OBSERVATION,BR,São Paulo,,-47.547601,-22.405317,,,"[""COORDINATE_ROUNDED"", ""CONTINENT_DERIVED_FROM_COORDINATES"", ""TAXON_ID_NOT_FOUND""]",2020-10-15T10:03
4076007307,"Scytodes fusca Walckenaer, 1837",Scytodes fusca,5169044,5169044,50c9509d-22c7-4a22-a47d-8c48425ef4a7,https://www.inaturalist.org/observations/152951835,HUMAN_OBSERVATION,BR,São Paulo,,-47.777031,-21.024654,244.0,,"[""COORDINATE_ROUNDED"", ""CONTINENT_DERIVED_FROM_COORDINATES"", ""TAXON_ID_NOT_FOUND""]",2020-10-14T00:05
4076135340,"Scytodes fusca Walckenaer, 1837",Scytodes fusca,5169044,5169044,50c9509d-22c7-4a22-a47d-8c48425ef4a7,https://www.inaturalist.org/observations/152947826,HUMAN_OBSERVATION,BR,São Paulo,,-47.777203,-21.023532,244.0,,"[""COORDINATE_ROUNDED"", ""CONTINENT_DERIVED_FROM_COORDINATES"", ""TAXON_ID_NOT_FOUND""]",2020-10-13T19:12
2988289157,"Scytodes fusca Walckenaer, 1837",Scytodes fusca,5169044,5169044,50c9509d-22c7-4a22-a47d-8c48425ef4a7,https://www.inaturalist.org/observations/64989318,HUMAN_OBSERVATION,TT,Chaguanas,,-61.408894,10.50239,31.0,,"[""COORDINATE_ROUNDED"", ""CONTINENT_DERIVED_FROM_COORDINATES"", ""TAXON_ID_NOT_FOUND""]",2020-11-15T21:33
3335358378,"Scytodes fusca Walckenaer, 1837",Scytodes fusca,5169044,5169044,50c9509d-22c7-4a22-a47d-8c48425ef4a7,https://www.inaturalist.org/observations/64975680,HUMAN_OBSERVATION,BR,Rio de Janeiro,,-42.003926,-22.662185,4341.0,,"[""COORDINATE_ROUNDED"", ""CONTINENT_DERIVED_FROM_COORDINATES"", ""TAXON_ID_NOT_FOUND""]",2020-11-15
5890392931,"Scytodes fusca Walckenaer, 1837",Scytodes fusca,5169044,5169044,50c9509d-22c7-4a22-a47d-8c48425ef4a7,https://www.inaturalist.org/observations/322525261,HUMAN_OBSERVATION,MX,Quintana Roo,,-89.131277,18.662164,31.0,,"[""COORDINATE_ROUNDED"", ""CONTINENT_DERIVED_FROM_COORDINATES"", ""TAXON_ID_NOT_FOUND""]",2020-11-03T21:57
2999160054,"Scytodes fusca Walckenaer, 1837",Scytodes fusca,5169044,5169044,50c9509d-22c7-4a22-a47d-8c48425ef4a7,https://www.inaturalist.org/observations/66322539,HUMAN_OBSERVATION,MX,Veracruz,,-96.965863,18.882389,,,"[""CONTINENT_DERIVED_FROM_COORDINATES"", ""TAXON_ID_NOT_FOUND""]",2020-12-02T12:03
3005156964,"Scytodes fusca Walckenaer, 1837",Scytodes fusca,5169044,5169044,50c9509d-22c7-4a22-a47d-8c48425ef4a7,https://www.inaturalist.org/observations/66592817,HUMAN_OBSERVATION,BR,Ceará,,-38.46953,-3.828096,316.0,,"[""CONTINENT_DERIVED_FROM_COORDINATES"", ""TAXON_ID_NOT_FOUND""]",2020-12-13
3008419811,"Scytodes fusca Walckenaer, 1837",Scytodes fusca,5169044,5169044,50c9509d-22c7-4a22-a47d-8c48425ef4a7,https://www.inaturalist.org/observations/66858015,HUMAN_OBSERVATION,BR,Distrito Federal,,-47.877441,-15.781094,12.0,,"[""COORDINATE_ROUNDED"", ""CONTINENT_DERIVED_FROM_COORDINATES"", ""TAXON_ID_NOT_FOUND""]",2020-12-20T23:29:41
3008428900,"Scytodes fusca Walckenaer, 1837",Scytodes fusca,5169044,5169044,50c9509d-22c7-4a22-a47d-8c48425ef4a7,https://www.inaturalist.org/observations/66897281,HUMAN_OBSERVATION,BR,Pará,,-54.731803,-2.41634,,,"[""COORDINATE_ROUNDED"", ""CONTINENT_DERIVED_FROM_COORDINATES"", ""TAXON_ID_NOT_FOUND""]",2020-12-21T20:31:20
3008450751,"Scytodes fusca Walckenaer, 1837",Scytodes fusca,5169044,5169044,50c9509d-22c7-4a22-a47d-8c48425ef4a7,https://www.inaturalist.org/observations/66811251,HUMAN_OBSERVATION,BR,Bahia,,-38.499709,-12.97799,410.0,,"[""COORDINATE_ROUNDED"", ""CONTINENT_DERIVED_FROM_COORDINATES"", ""TAXON_ID_NOT_FOUND""]",2020-12-20T01:00
3013877876,"Scytodes fusca Walckenaer, 1837",Scytodes fusca,5169044,5169044,50c9509d-22c7-4a22-a47d-8c48425ef4a7,https://www.inaturalist.org/observations/67175204,HUMAN_OBSERVATION,MX,Jalisco,,-102.884024,21.172703,4.0,,"[""COORDINATE_ROUNDED"", ""CONTINENT_DERIVED_FROM_COORDINATES"", ""TAXON_ID_NOT_FOUND""]",2020-12-26T20:44
3014041720,"Scytodes fusca Walckenaer, 1837",Scytodes fusca,5169044,5169044,50c9509d-22c7-4a22-a47d-8c48425ef4a7,https://www.inaturalist.org/observations/67061389,HUMAN_OBSERVATION,BR,Bahia,,-38.499709,-12.97799,410.0,,"[""COORDINATE_ROUNDED"", ""CONTINENT_DERIVED_FROM_COORDINATES"", ""TAXON_ID_NOT_FOUND""]",2020-12-25T19:53
5162673094,BOLD:AAG5665,Scytodes fusca,10546508,10546508,bb3ce407-964b-411a-90ce-d42b394dd646,IBA_CO1_lysate_2019_MG:P27359_3024:224ab2a3591e71ae38b4fe0e07af07e7,MATERIAL_SAMPLE,MG,,,49.120911,-12.96002,,,"[""CONTINENT_DERIVED_FROM_COORDINATES"", ""TAXON_ID_NOT_FOUND"", ""COLLECTION_MATCH_NONE""]",2020-06-24T06:36:51/2020-07-01T06:30
5162966733,BOLD:AAG5665,Scytodes fusca,10546508,10546508,bb3ce407-964b-411a-90ce-d42b394dd646,IBA_CO1_lysate_2019_MG:P27360_1131:73749362772ebde06285ef7edb3eaae5,MATERIAL_SAMPLE,MG,,,47.150278,-24.5825,,,"[""COORDINATE_ROUNDED"", ""CONTINENT_DERIVED_FROM_COORDINATES"", ""TAXON_ID_NOT_FOUND"", ""COLLECTION_MATCH_NONE""]",2020-06-24T17:25/2020-07-01T15:25
1990492661,"Scytodes fusca Walckenaer, 1837",Scytodes fusca,5169044,5169044,50c9509d-22c7-4a22-a47d-8c48425ef4a7,https://www.inaturalist.org/observations/19624362,HUMAN_OBSERVATION,BR,Distrito Federal,,-47.858764,-15.72941,6.0,,"[""COORDINATE_ROUNDED"", ""CONTINENT_DERIVED_FROM_COORDINATES"", ""TAXON_ID_NOT_FOUND""]",2019-01-13T18:04:44
4597303104,"Scytodes fusca Walckenaer, 1837",Scytodes fusca,5169044,5169044,50c9509d-22c7-4a22-a47d-8c48425ef4a7,https://www.inaturalist.org/observations/201450221,HUMAN_OBSERVATION,IN,Gujarat,,72.914865,22.567606,,,"[""COORDINATE_ROUNDED"", ""CONTINENT_DERIVED_FROM_COORDINATES"", ""TAXON_ID_NOT_FOUND""]",2019-01-07T15:34:33
3873385495,"Scytodes fusca Walckenaer, 1837",Scytodes fusca,5169044,5169044,50c9509d-22c7-4a22-a47d-8c48425ef4a7,https://www.inaturalist.org/observations/127610532,HUMAN_OBSERVATION,BR,São Paulo,,-46.733513,-23.504483,65.0,,"[""COORDINATE_ROUNDED"", ""CONTINENT_DERIVED_FROM_COORDINATES"", ""TAXON_ID_NOT_FOUND""]",2019-03-13T06:36:31
2239002925,"Scytodes fusca Walckenaer, 1837",Scytodes fusca,5169044,5169044,50c9509d-22c7-4a22-a47d-8c48425ef4a7,https://www.inaturalist.org/observations/24197139,HUMAN_OBSERVATION,EC,Napo,,-77.816007,-0.99132,202.0,,"[""COORDINATE_ROUNDED"", ""CONTINENT_DERIVED_FROM_COORDINATES"", ""TAXON_ID_NOT_FOUND""]",2019-04-29T12:57Z
4512490948,"Scytodes fusca Walckenaer, 1837",Scytodes fusca,5169044,5169044,6687db33-124a-477c-8353-2fc4efb525d5,JorgenLissner-Araneae-JL02768,PRESERVED_SPECIMEN,DK,,"Aarhus, Skæring, Plantorama Egå, Grenåvej 517",10.29312,56.23327,,,"[""TAXON_ID_NOT_FOUND"", ""OCCURRENCE_STATUS_INFERRED_FROM_INDIVIDUAL_COUNT""]",2019-04-12
5231259306,"Scytodes fusca Walckenaer, 1837",Scytodes fusca,5169044,5169044,50c9509d-22c7-4a22-a47d-8c48425ef4a7,https://www.inaturalist.org/observations/23984327,HUMAN_OBSERVATION,EC,Napo,,-77.815689,-0.994041,,,"[""COORDINATE_ROUNDED"", ""CONTINENT_DERIVED_FROM_COORDINATES"", ""TAXON_ID_NOT_FOUND""]",2019-04-29T13:06:08
3337465336,"Scytodes fusca Walckenaer, 1837",Scytodes fusca,5169044,5169044,50c9509d-22c7-4a22-a47d-8c48425ef4a7,https://www.inaturalist.org/observations/26170734,HUMAN_OBSERVATION,DO,Puerto Plata,,-70.857062,19.643881,62.0,,"[""CONTINENT_DERIVED_FROM_COORDINATES"", ""TAXON_ID_NOT_FOUND""]",2019-05-31T13:18:12
4903920557,"Scytodes fusca Walckenaer, 1837",Scytodes fusca,5169044,5169044,50c9509d-22c7-4a22-a47d-8c48425ef4a7,https://www.inaturalist.org/observations/25973715,HUMAN_OBSERVATION,US,Florida,,-80.393238,27.753673,43.0,,"[""COORDINATE_ROUNDED"", ""CONTINENT_DERIVED_FROM_COORDINATES"", ""TAXON_ID_NOT_FOUND""]",2019-05-28T21:01:50
6422244719,"Scytodes fusca Walckenaer, 1837",Scytodes fusca,5169044,5169044,50c9509d-22c7-4a22-a47d-8c48425ef4a7,https://www.inaturalist.org/observations/27540560,HUMAN_OBSERVATION,US,Florida,,-82.383064,28.26688,25.0,,"[""COORDINATE_ROUNDED"", ""CONTINENT_DERIVED_FROM_COORDINATES"", ""TAXON_ID_NOT_FOUND""]",2019-06-23T20:19:14
2294542652,"Scytodes fusca Walckenaer, 1837",Scytodes fusca,5169044,5169044,50c9509d-22c7-4a22-a47d-8c48425ef4a7,https://www.inaturalist.org/observations/28991964,HUMAN_OBSERVATION,PT,Viseu,,-8.013228,40.427474,11.0,,"[""COORDINATE_ROUNDED"", ""CONTINENT_DERIVED_FROM_COORDINATES"", ""TAXON_ID_NOT_FOUND""]",2019-07-17T12:30:19
4547269544,"Scytodes fusca Walckenaer, 1837",Scytodes fusca,5169044,5169044,57a71701-9120-4301-b3b7-b766cefd25fd,6de75925-0628-11ea-9270-00163e000338,HUMAN_OBSERVATION,RE,,,55.32225,-21.04448,12884.0,,"[""COUNTRY_MISMATCH"", ""CONTINENT_DERIVED_FROM_COORDINATES"", ""TAXON_ID_NOT_FOUND""]",2019-07-01
5892674467,"Scytodes fusca Walckenaer, 1837",Scytodes fusca,5169044,5169044,50c9509d-22c7-4a22-a47d-8c48425ef4a7,https://www.inaturalist.org/observations/40572502,HUMAN_OBSERVATION,IN,Karnataka,,77.606017,12.934432,526.0,,"[""COORDINATE_ROUNDED"", ""CONTINENT_DERIVED_FROM_COORDINATES"", ""TAXON_ID_NOT_FOUND""]",2019-07-26T19:58:05
2331908270,"Scytodes fusca Walckenaer, 1837",Scytodes fusca,5169044,5169044,50c9509d-22c7-4a22-a47d-8c48425ef4a7,https://www.inaturalist.org/observations/30221571,HUMAN_OBSERVATION,MX,Morelos,,-99.221178,18.621918,4.0,,"[""COORDINATE_ROUNDED"", ""CONTINENT_DERIVED_FROM_COORDINATES"", ""TAXON_ID_NOT_FOUND""]",2019-08-03T20:49:47
3067775960,"Scytodes fusca Walckenaer, 1837",Scytodes fusca,5169044,5169044,50c9509d-22c7-4a22-a47d-8c48425ef4a7,https://www.inaturalist.org/observations/52076908,HUMAN_OBSERVATION,US,Florida,,-80.201195,25.888443,29913.0,,"[""COORDINATE_ROUNDED"", ""CONTINENT_DERIVED_FROM_COORDINATES"", ""TAXON_ID_NOT_FOUND""]",2019-08-13T10:54:01
3307143327,"Scytodes fusca Walckenaer, 1837",Scytodes fusca,5169044,5169044,50c9509d-22c7-4a22-a47d-8c48425ef4a7,https://www.inaturalist.org/observations/31537994,HUMAN_OBSERVATION,PT,Lisboa,,-9.142384,38.746208,,,"[""COORDINATE_ROUNDED"", ""CONTINENT_DERIVED_FROM_COORDINATES"", ""TAXON_ID_NOT_FOUND""]",2019-08-26T10:55:27
5153802327,"Scytodes fusca Walckenaer, 1837",Scytodes fusca,5169044,5169044,50c9509d-22c7-4a22-a47d-8c48425ef4a7,https://www.inaturalist.org/observations/30441905,HUMAN_OBSERVATION,ES,Islas Canarias,,-16.300072,28.47447,65.0,,"[""COORDINATE_ROUNDED"", ""CONTINENT_DERIVED_FROM_COORDINATES"", ""TAXON_ID_NOT_FOUND""]",2019-08-08T19:11:15
2423207792,"Scytodes fusca Walckenaer, 1837",Scytodes fusca,5169044,5169044,50c9509d-22c7-4a22-a47d-8c48425ef4a7,https://www.inaturalist.org/observations/33268424,HUMAN_OBSERVATION,MX,Quintana Roo,,-88.263854,18.544694,200.0,,"[""COORDINATE_ROUNDED"", ""CONTINENT_DERIVED_FROM_COORDINATES"", ""TAXON_ID_NOT_FOUND""]",2019-09-02T11:39
2423209943,"Scytodes fusca Walckenaer, 1837",Scytodes fusca,5169044,5169044,50c9509d-22c7-4a22-a47d-8c48425ef4a7,https://www.inaturalist.org/observations/33268423,HUMAN_OBSERVATION,MX,Quintana Roo,,-88.263854,18.544694,200.0,,"[""COORDINATE_ROUNDED"", ""CONTINENT_DERIVED_FROM_COORDINATES"", ""TAXON_ID_NOT_FOUND""]",2019-09-02T11:39
2423210528,"Scytodes fusca Walckenaer, 1837",Scytodes fusca,5169044,5169044,50c9509d-22c7-4a22-a47d-8c48425ef4a7,https://www.inaturalist.org/observations/33268425,HUMAN_OBSERVATION,MX,Quintana Roo,,-88.263854,18.544694,200.0,,"[""COORDINATE_ROUNDED"", ""CONTINENT_DERIVED_FROM_COORDINATES"", ""TAXON_ID_NOT_FOUND""]",2019-09-02T11:41
2429373508,"Scytodes fusca Walckenaer, 1837",Scytodes fusca,5169044,5169044,50c9509d-22c7-4a22-a47d-8c48425ef4a7,https://www.inaturalist.org/observations/33850192,HUMAN_OBSERVATION,MX,Quintana Roo,,-88.263854,18.544694,200.0,,"[""COORDINATE_ROUNDED"", ""CONTINENT_DERIVED_FROM_COORDINATES"", ""TAXON_ID_NOT_FOUND""]",2019-09-24T21:42
2445063653,"Scytodes fusca Walckenaer, 1837",Scytodes fusca,5169044,5169044,50c9509d-22c7-4a22-a47d-8c48425ef4a7,https://www.inaturalist.org/observations/34541686,HUMAN_OBSERVATION,MX,Quintana Roo,,-88.263854,18.544694,200.0,,"[""COORDINATE_ROUNDED"", ""CONTINENT_DERIVED_FROM_COORDINATES"", ""TAXON_ID_NOT_FOUND""]",2019-09-24T21:42
4153514155,"Scytodes fusca Walckenaer, 1837",Scytodes fusca,5169044,5169044,50c9509d-22c7-4a22-a47d-8c48425ef4a7,https://www.inaturalist.org/observations/171279922,HUMAN_OBSERVATION,BR,São Paulo,,-47.657974,-20.988297,3091.0,,"[""COORDINATE_ROUNDED"", ""CONTINENT_DERIVED_FROM_COORDINATES"", ""TAXON_ID_NOT_FOUND""]",2019-09-14T14:08
4153650240,"Scytodes fusca Walckenaer, 1837",Scytodes fusca,5169044,5169044,50c9509d-22c7-4a22-a47d-8c48425ef4a7,https://www.inaturalist.org/observations/171279920,HUMAN_OBSERVATION,BR,São Paulo,,-47.657974,-20.988297,3091.0,,"[""COORDINATE_ROUNDED"", ""CONTINENT_DERIVED_FROM_COORDINATES"", ""TAXON_ID_NOT_FOUND""]",2019-09-14T14:07
3070658160,"Scytodes fusca Walckenaer, 1837",Scytodes fusca,5169044,5169044,50c9509d-22c7-4a22-a47d-8c48425ef4a7,https://www.inaturalist.org/observations/72358056,HUMAN_OBSERVATION,PE,Cusco,,-71.506797,-13.040853,5.0,,"[""COORDINATE_ROUNDED"", ""CONTINENT_DERIVED_FROM_COORDINATES"", ""TAXON_ID_NOT_FOUND""]",2019-10-16T18:23:46
3337461349,"Scytodes fusca Walckenaer, 1837",Scytodes fusca,5169044,5169044,50c9509d-22c7-4a22-a47d-8c48425ef4a7,https://www.inaturalist.org/observations/34110293,HUMAN_OBSERVATION,DO,Puerto Plata,,-70.85671,19.644238,31.0,,"[""COORDINATE_ROUNDED"", ""CONTINENT_DERIVED_FROM_COORDINATES"", ""TAXON_ID_NOT_FOUND""]",2019-10-06T19:08
4904275725,"Scytodes fusca Walckenaer, 1837",Scytodes fusca,5169044,5169044,50c9509d-22c7-4a22-a47d-8c48425ef4a7,https://www.inaturalist.org/observations/33753317,HUMAN_OBSERVATION,US,Florida,,-80.30595,25.928728,164.0,,"[""COORDINATE_ROUNDED"", ""CONTINENT_DERIVED_FROM_COORDINATES"", ""TAXON_ID_NOT_FOUND""]",2019-10-02T10:45:50
4852308019,"Scytodes fusca Walckenaer, 1837",Scytodes fusca,5169044,5169044,50c9509d-22c7-4a22-a47d-8c48425ef4a7,https://www.inaturalist.org/observations/208347237,HUMAN_OBSERVATION,RE,Saint-Pierre,,55.567764,-21.358651,2.0,,"[""COORDINATE_ROUNDED"", ""CONTINENT_DERIVED_FROM_COORDINATES"", ""TAXON_ID_NOT_FOUND""]",2019-11-29T21:07
6510230332,"Scytodes fusca Walckenaer, 1837",Scytodes fusca,5169044,5169044,ffe38a37-d659-4b1a-a935-5a5264e3cc0a,1583315,HUMAN_OBSERVATION,BR,Goiás,,-45.53,-14.998889,,,"[""GEODETIC_DATUM_INVALID"", ""GEODETIC_DATUM_ASSUMED_WGS84"", ""CONTINENT_DERIVED_FROM_COORDINATES"", ""SCIENTIFIC_NAME_ID_NOT_FOUND"", ""TAXON_ID_NOT_FOUND"", ""OCCURRENCE_STATUS_INFERRED_FROM_INDIVIDUAL_COUNT""]",2019-11-16T00:00
3330513331,"Scytodes fusca Walckenaer, 1837",Scytodes fusca,5169044,5169044,50c9509d-22c7-4a22-a47d-8c48425ef4a7,https://www.inaturalist.org/observations/37012756,HUMAN_OBSERVATION,BZ,Orange Walk,,-88.565955,18.086292,12.0,,"[""COORDINATE_ROUNDED"", ""CONTINENT_DERIVED_FROM_COORDINATES"", ""TAXON_ID_NOT_FOUND""]",2019-12-27T16:51:01Z
5862214943,BOLD:AAG5665,Scytodes fusca,10546508,10546508,040c5662-da76-4782-a48e-cdea1892d14c,CARSP431-18,MATERIAL_SAMPLE,AW,,,-70.0565,12.5508,,,"[""GEODETIC_DATUM_ASSUMED_WGS84"", ""CONTINENT_DERIVED_FROM_COORDINATES"", ""TAXON_CONCEPT_ID_NOT_FOUND"", ""TAXON_ID_NOT_FOUND"", ""COLLECTION_MATCH_NONE"", ""INSTITUTION_MATCH_FUZZY"", ""NUCLEOTIDE_SEQUENCE_GAPS_REMOVED""]",2018-02-23
5862615755,BOLD:AAG5665,Scytodes fusca,10546508,10546508,040c5662-da76-4782-a48e-cdea1892d14c,CARSP430-18,MATERIAL_SAMPLE,AW,,,-70.0565,12.5508,,,"[""GEODETIC_DATUM_ASSUMED_WGS84"", ""CONTINENT_DERIVED_FROM_COORDINATES"", ""TAXON_CONCEPT_ID_NOT_FOUND"", ""TAXON_ID_NOT_FOUND"", ""COLLECTION_MATCH_NONE"", ""INSTITUTION_MATCH_FUZZY"", ""NUCLEOTIDE_SEQUENCE_GAPS_REMOVED""]",2018-02-23
4165930707,"Scytodes fusca Walckenaer, 1837",Scytodes fusca,5169044,5169044,50c9509d-22c7-4a22-a47d-8c48425ef4a7,https://www.inaturalist.org/observations/174871680,HUMAN_OBSERVATION,BR,Distrito Federal,,-48.03001,-15.865975,34.0,,"[""COORDINATE_ROUNDED"", ""CONTINENT_DERIVED_FROM_COORDINATES"", ""TAXON_ID_NOT_FOUND""]",2018-03-12T10:39:31
1838037984,"Scytodes fusca Walckenaer, 1837",Scytodes fusca,5169044,5169044,50c9509d-22c7-4a22-a47d-8c48425ef4a7,https://www.inaturalist.org/observations/10744454,HUMAN_OBSERVATION,US,Florida,,-81.76052,28.037265,200.0,,"[""CONTINENT_DERIVED_FROM_COORDINATES"", ""TAXON_ID_NOT_FOUND""]",2018-04-09T20:08
1986580494,"Scytodes fusca Walckenaer, 1837",Scytodes fusca,5169044,5169044,50c9509d-22c7-4a22-a47d-8c48425ef4a7,https://www.inaturalist.org/observations/19422875,HUMAN_OBSERVATION,ZA,Western Cape,,22.461928,-33.962607,1720.0,,"[""CONTINENT_DERIVED_FROM_COORDINATES"", ""TAXON_ID_NOT_FOUND""]",2018-06-01
5166898306,"Scytodes fusca Walckenaer, 1837",Scytodes fusca,5169044,5169044,50c9509d-22c7-4a22-a47d-8c48425ef4a7,https://www.inaturalist.org/observations/16183403,HUMAN_OBSERVATION,CR,Guanacaste,,-85.720182,10.54313,4.0,,"[""COORDINATE_ROUNDED"", ""CONTINENT_DERIVED_FROM_COORDINATES"", ""TAXON_ID_NOT_FOUND""]",2018-06-18T16:21
2963887336,"Scytodes fusca Walckenaer, 1837",Scytodes fusca,5169044,5169044,50c9509d-22c7-4a22-a47d-8c48425ef4a7,https://www.inaturalist.org/observations/27501161,HUMAN_OBSERVATION,PY,Central,,-57.527878,-25.305049,2.0,,"[""COORDINATE_ROUNDED"", ""CONTINENT_DERIVED_FROM_COORDINATES"", ""TAXON_ID_NOT_FOUND""]",2018-08-10
2397460170,"Scytodes fusca Walckenaer, 1837",Scytodes fusca,5169044,5169044,50c9509d-22c7-4a22-a47d-8c48425ef4a7,https://www.inaturalist.org/observations/16781796,HUMAN_OBSERVATION,CU,Guantánamo,,-75.156353,19.893205,1.0,,"[""COORDINATE_ROUNDED"", ""CONTINENT_DERIVED_FROM_COORDINATES"", ""TAXON_ID_NOT_FOUND""]",2018-09-21T15:24
3923562313,"Scytodes fusca Walckenaer, 1837",Scytodes fusca,5169044,5169044,50c9509d-22c7-4a22-a47d-8c48425ef4a7,https://www.inaturalist.org/observations/16163036,HUMAN_OBSERVATION,AU,Queensland,,152.756244,-25.288619,29981.0,,"[""COORDINATE_ROUNDED"", ""CONTINENT_DERIVED_FROM_COORDINATES"", ""TAXON_ID_NOT_FOUND""]",2018-09-02T12:45
4993987201,"Scytodes fusca Walckenaer, 1837",Scytodes fusca,5169044,5169044,50c9509d-22c7-4a22-a47d-8c48425ef4a7,https://www.inaturalist.org/observations/17472814,HUMAN_OBSERVATION,US,Florida,,-82.492495,27.870692,40.0,,"[""COORDINATE_ROUNDED"", ""CONTINENT_DERIVED_FROM_COORDINATES"", ""TAXON_ID_NOT_FOUND""]",2018-10-13T15:16:54
3802372311,"Scytodes fusca Walckenaer, 1837",Scytodes fusca,5169044,5169044,50c9509d-22c7-4a22-a47d-8c48425ef4a7,https://www.inaturalist.org/observations/19335814,HUMAN_OBSERVATION,BM,Paget,,-64.782189,32.282519,30.0,,"[""COORDINATE_ROUNDED"", ""CONTINENT_DERIVED_FROM_COORDINATES"", ""TAXON_ID_NOT_FOUND""]",2018-12-31T13:18
3802405311,"Scytodes fusca Walckenaer, 1837",Scytodes fusca,5169044,5169044,50c9509d-22c7-4a22-a47d-8c48425ef4a7,https://www.inaturalist.org/observations/19335815,HUMAN_OBSERVATION,BM,Paget,,-64.782325,32.282708,10.0,,"[""COORDINATE_ROUNDED"", ""CONTINENT_DERIVED_FROM_COORDINATES"", ""TAXON_ID_NOT_FOUND""]",2018-12-31T13:17
3888718088,"Scytodes fusca Walckenaer, 1837",Scytodes fusca,5169044,5169044,50c9509d-22c7-4a22-a47d-8c48425ef4a7,https://www.inaturalist.org/observations/129711599,HUMAN_OBSERVATION,CO,Antioquia,,-76.013924,5.786361,23.0,,"[""COORDINATE_ROUNDED"", ""CONTINENT_DERIVED_FROM_COORDINATES"", ""TAXON_ID_NOT_FOUND""]",2018-12-27T20:21
1453379332,"Scytodes fusca Walckenaer, 1837",Scytodes fusca,5169044,5169044,50c9509d-22c7-4a22-a47d-8c48425ef4a7,https://www.inaturalist.org/observations/5004488,HUMAN_OBSERVATION,SG,Central,,103.817081,1.316376,116.0,,"[""COORDINATE_ROUNDED"", ""CONTINENT_DERIVED_FROM_COORDINATES"", ""TAXON_ID_NOT_FOUND""]",2017-01-25T22:02
3383982316,"Scytodes fusca Walckenaer, 1837",Scytodes fusca,5169044,5169044,50c9509d-22c7-4a22-a47d-8c48425ef4a7,https://www.inaturalist.org/observations/94319942,HUMAN_OBSERVATION,BR,São Paulo,,-47.062633,-22.909938,25077.0,,"[""COORDINATE_ROUNDED"", ""CONTINENT_DERIVED_FROM_COORDINATES"", ""TAXON_ID_NOT_FOUND""]",2017-03-19T15:39
4912604452,BOLD:AAG5665,Scytodes fusca,10546508,10546508,040c5662-da76-4782-a48e-cdea1892d14c,ARTME155-17,MATERIAL_SAMPLE,MX,Nayarit,,-105.3189,20.7364,,,"[""GEODETIC_DATUM_ASSUMED_WGS84"", ""CONTINENT_DERIVED_FROM_COORDINATES"", ""TAXON_CONCEPT_ID_NOT_FOUND"", ""TAXON_ID_NOT_FOUND"", ""COLLECTION_MATCH_NONE"", ""INSTITUTION_MATCH_FUZZY"", ""NUCLEOTIDE_SEQUENCE_GAPS_REMOVED""]",2017-05-28
4912632911,BOLD:AAG5665,Scytodes fusca,10546508,10546508,040c5662-da76-4782-a48e-cdea1892d14c,ARTME158-17,MATERIAL_SAMPLE,MX,Nayarit,,-105.3189,20.7364,,,"[""GEODETIC_DATUM_ASSUMED_WGS84"", ""CONTINENT_DERIVED_FROM_COORDINATES"", ""TAXON_CONCEPT_ID_NOT_FOUND"", ""TAXON_ID_NOT_FOUND"", ""COLLECTION_MATCH_NONE"", ""INSTITUTION_MATCH_FUZZY"", ""NUCLEOTIDE_SEQUENCE_GAPS_REMOVED""]",2017-05-28
4912648662,BOLD:AAG5665,Scytodes fusca,10546508,10546508,040c5662-da76-4782-a48e-cdea1892d14c,ARTME151-17,MATERIAL_SAMPLE,MX,Nayarit,,-105.3189,20.7364,,,"[""GEODETIC_DATUM_ASSUMED_WGS84"", ""CONTINENT_DERIVED_FROM_COORDINATES"", ""TAXON_CONCEPT_ID_NOT_FOUND"", ""TAXON_ID_NOT_FOUND"", ""COLLECTION_MATCH_NONE"", ""INSTITUTION_MATCH_FUZZY"", ""NUCLEOTIDE_SEQUENCE_GAPS_REMOVED""]",2017-05-28
4912656099,BOLD:AAG5665,Scytodes fusca,10546508,10546508,040c5662-da76-4782-a48e-cdea1892d14c,ARTME111-17,MATERIAL_SAMPLE,MX,Nayarit,,-105.3189,20.7364,,,"[""GEODETIC_DATUM_ASSUMED_WGS84"", ""CONTINENT_DERIVED_FROM_COORDINATES"", ""TAXON_CONCEPT_ID_NOT_FOUND"", ""TAXON_ID_NOT_FOUND"", ""COLLECTION_MATCH_NONE"", ""INSTITUTION_MATCH_FUZZY""]",2017-05-28
4912657920,BOLD:AAG5665,Scytodes fusca,10546508,10546508,040c5662-da76-4782-a48e-cdea1892d14c,ARTME163-17,MATERIAL_SAMPLE,MX,Nayarit,,-105.3189,20.7364,,,"[""GEODETIC_DATUM_ASSUMED_WGS84"", ""CONTINENT_DERIVED_FROM_COORDINATES"", ""TAXON_CONCEPT_ID_NOT_FOUND"", ""TAXON_ID_NOT_FOUND"", ""COLLECTION_MATCH_NONE"", ""INSTITUTION_MATCH_FUZZY"", ""NUCLEOTIDE_SEQUENCE_GAPS_REMOVED""]",2017-05-28
4915914498,BOLD:AAG5665,Scytodes fusca,10546508,10546508,040c5662-da76-4782-a48e-cdea1892d14c,ARTME152-17,MATERIAL_SAMPLE,MX,Nayarit,,-105.3189,20.7364,,,"[""GEODETIC_DATUM_ASSUMED_WGS84"", ""CONTINENT_DERIVED_FROM_COORDINATES"", ""TAXON_CONCEPT_ID_NOT_FOUND"", ""TAXON_ID_NOT_FOUND"", ""COLLECTION_MATCH_NONE"", ""INSTITUTION_MATCH_FUZZY"", ""NUCLEOTIDE_SEQUENCE_GAPS_REMOVED""]",2017-05-28
4916009273,BOLD:AAG5665,Scytodes fusca,10546508,10546508,040c5662-da76-4782-a48e-cdea1892d14c,ARTME153-17,MATERIAL_SAMPLE,MX,Nayarit,,-105.3189,20.7364,,,"[""GEODETIC_DATUM_ASSUMED_WGS84"", ""CONTINENT_DERIVED_FROM_COORDINATES"", ""TAXON_CONCEPT_ID_NOT_FOUND"", ""TAXON_ID_NOT_FOUND"", ""COLLECTION_MATCH_NONE"", ""INSTITUTION_MATCH_FUZZY"", ""NUCLEOTIDE_SEQUENCE_GAPS_REMOVED""]",2017-05-28
4916067353,BOLD:AAG5665,Scytodes fusca,10546508,10546508,040c5662-da76-4782-a48e-cdea1892d14c,ARTME159-17,MATERIAL_SAMPLE,MX,Nayarit,,-105.3189,20.7364,,,"[""GEODETIC_DATUM_ASSUMED_WGS84"", ""CONTINENT_DERIVED_FROM_COORDINATES"", ""TAXON_CONCEPT_ID_NOT_FOUND"", ""TAXON_ID_NOT_FOUND"", ""COLLECTION_MATCH_NONE"", ""INSTITUTION_MATCH_FUZZY"", ""NUCLEOTIDE_SEQUENCE_GAPS_REMOVED""]",2017-05-28
4916151734,BOLD:AAG5665,Scytodes fusca,10546508,10546508,040c5662-da76-4782-a48e-cdea1892d14c,ARTME161-17,MATERIAL_SAMPLE,MX,Nayarit,,-105.3189,20.7364,,,"[""GEODETIC_DATUM_ASSUMED_WGS84"", ""CONTINENT_DERIVED_FROM_COORDINATES"", ""TAXON_CONCEPT_ID_NOT_FOUND"", ""TAXON_ID_NOT_FOUND"", ""COLLECTION_MATCH_NONE"", ""INSTITUTION_MATCH_FUZZY"", ""NUCLEOTIDE_SEQUENCE_GAPS_REMOVED""]",2017-05-28
4916177943,BOLD:AAG5665,Scytodes fusca,10546508,10546508,040c5662-da76-4782-a48e-cdea1892d14c,ARTME160-17,MATERIAL_SAMPLE,MX,Nayarit,,-105.3189,20.7364,,,"[""GEODETIC_DATUM_ASSUMED_WGS84"", ""CONTINENT_DERIVED_FROM_COORDINATES"", ""TAXON_CONCEPT_ID_NOT_FOUND"", ""TAXON_ID_NOT_FOUND"", ""COLLECTION_MATCH_NONE"", ""INSTITUTION_MATCH_FUZZY"", ""NUCLEOTIDE_SEQUENCE_GAPS_REMOVED""]",2017-05-28
4918774194,BOLD:AAG5665,Scytodes fusca,10546508,10546508,040c5662-da76-4782-a48e-cdea1892d14c,ARTME112-17,MATERIAL_SAMPLE,MX,Nayarit,,-105.3189,20.7364,,,"[""GEODETIC_DATUM_ASSUMED_WGS84"", ""CONTINENT_DERIVED_FROM_COORDINATES"", ""TAXON_CONCEPT_ID_NOT_FOUND"", ""TAXON_ID_NOT_FOUND"", ""COLLECTION_MATCH_NONE"", ""INSTITUTION_MATCH_FUZZY"", ""NUCLEOTIDE_SEQUENCE_GAPS_REMOVED""]",2017-05-28
4918779190,BOLD:AAG5665,Scytodes fusca,10546508,10546508,040c5662-da76-4782-a48e-cdea1892d14c,ARTME169-17,MATERIAL_SAMPLE,MX,Nayarit,,-105.3189,20.7364,,,"[""GEODETIC_DATUM_ASSUMED_WGS84"", ""CONTINENT_DERIVED_FROM_COORDINATES"", ""TAXON_CONCEPT_ID_NOT_FOUND"", ""TAXON_ID_NOT_FOUND"", ""COLLECTION_MATCH_NONE"", ""INSTITUTION_MATCH_FUZZY"", ""NUCLEOTIDE_SEQUENCE_GAPS_REMOVED""]",2017-05-28
3014090661,"Scytodes fusca Walckenaer, 1837",Scytodes fusca,5169044,5169044,50c9509d-22c7-4a22-a47d-8c48425ef4a7,https://www.inaturalist.org/observations/66929458,HUMAN_OBSERVATION,BR,Ceará,,-38.629641,-3.957098,1527.0,,"[""COORDINATE_ROUNDED"", ""CONTINENT_DERIVED_FROM_COORDINATES"", ""TAXON_ID_NOT_FOUND""]",2017-07-19
5139931546,"Scytodes fusca Walckenaer, 1837",Scytodes fusca,5169044,5169044,50c9509d-22c7-4a22-a47d-8c48425ef4a7,https://www.inaturalist.org/observations/104666589,HUMAN_OBSERVATION,BR,Rio de Janeiro,,-43.565912,-22.907651,13424.0,,"[""COORDINATE_ROUNDED"", ""CONTINENT_DERIVED_FROM_COORDINATES"", ""TAXON_ID_NOT_FOUND""]",2017-08-25T19:08
5139941924,"Scytodes fusca Walckenaer, 1837",Scytodes fusca,5169044,5169044,50c9509d-22c7-4a22-a47d-8c48425ef4a7,https://www.inaturalist.org/observations/195222840,HUMAN_OBSERVATION,BR,Rio de Janeiro,,-43.565912,-22.907651,13424.0,,"[""COORDINATE_ROUNDED"", ""CONTINENT_DERIVED_FROM_COORDINATES"", ""TAXON_ID_NOT_FOUND""]",2017-08-25T19:07
5062481523,"Scytodes fusca Walckenaer, 1837",Scytodes fusca,5169044,5169044,50c9509d-22c7-4a22-a47d-8c48425ef4a7,https://www.inaturalist.org/observations/31210397,HUMAN_OBSERVATION,BR,Rio de Janeiro,,-43.460742,-22.756132,20509.0,,"[""COORDINATE_ROUNDED"", ""CONTINENT_DERIVED_FROM_COORDINATES"", ""TAXON_ID_NOT_FOUND""]",2017-11-20T01:00
5197535309,"Scytodes fusca Walckenaer, 1837",Scytodes fusca,5169044,5169044,8a863029-f435-446a-821e-275f4f641165,https://observation.org/observation/264723613,HUMAN_OBSERVATION,DE,Nordrhein-Westfalen,DU Duisburg Zoo,6.806502,51.434628,5.0,,[],2016-01-13
3337780311,"Scytodes fusca Walckenaer, 1837",Scytodes fusca,5169044,5169044,50c9509d-22c7-4a22-a47d-8c48425ef4a7,https://www.inaturalist.org/observations/14027667,HUMAN_OBSERVATION,PR,Río Grande,,-65.779393,18.310137,244.0,,"[""COORDINATE_ROUNDED"", ""CONTINENT_DERIVED_FROM_COORDINATES"", ""TAXON_ID_NOT_FOUND""]",2016-05-30T12:47
4912928904,BOLD:AAG5665,Scytodes fusca,10546508,10546508,040c5662-da76-4782-a48e-cdea1892d14c,INVWI224-17,MATERIAL_SAMPLE,US,Hawaii,,-157.6805,21.2861,,,"[""GEODETIC_DATUM_ASSUMED_WGS84"", ""CONTINENT_DERIVED_FROM_COORDINATES"", ""TAXON_CONCEPT_ID_NOT_FOUND"", ""TAXON_ID_NOT_FOUND"", ""COLLECTION_MATCH_NONE"", ""INSTITUTION_MATCH_FUZZY"", ""NUCLEOTIDE_SEQUENCE_GAPS_REMOVED""]",2016-05-14
4913014506,BOLD:AAG5665,Scytodes fusca,10546508,10546508,040c5662-da76-4782-a48e-cdea1892d14c,INVWI127-17,MATERIAL_SAMPLE,US,Hawaii,,-157.6805,21.2861,,,"[""GEODETIC_DATUM_ASSUMED_WGS84"", ""CONTINENT_DERIVED_FROM_COORDINATES"", ""TAXON_CONCEPT_ID_NOT_FOUND"", ""TAXON_ID_NOT_FOUND"", ""COLLECTION_MATCH_NONE"", ""INSTITUTION_MATCH_FUZZY""]",2016-05-14
4916241152,BOLD:AAG5665,Scytodes fusca,10546508,10546508,040c5662-da76-4782-a48e-cdea1892d14c,GMPMV259-18,MATERIAL_SAMPLE,PH,Lanao del Norte,National Power Corporation - Nature`s Park,124.19,8.1878,,,"[""GEODETIC_DATUM_ASSUMED_WGS84"", ""CONTINENT_DERIVED_FROM_COORDINATES"", ""TAXON_CONCEPT_ID_NOT_FOUND"", ""TAXON_ID_NOT_FOUND"", ""COLLECTION_MATCH_NONE"", ""INSTITUTION_MATCH_FUZZY""]",2016-05-10
4916439142,BOLD:AAG5665,Scytodes fusca,10546508,10546508,040c5662-da76-4782-a48e-cdea1892d14c,INVWI218-17,MATERIAL_SAMPLE,US,Hawaii,,-157.6805,21.2861,,,"[""GEODETIC_DATUM_ASSUMED_WGS84"", ""CONTINENT_DERIVED_FROM_COORDINATES"", ""TAXON_CONCEPT_ID_NOT_FOUND"", ""TAXON_ID_NOT_FOUND"", ""COLLECTION_MATCH_NONE"", ""INSTITUTION_MATCH_FUZZY""]",2016-05-14
5908883925,"Scytodes fusca Walckenaer, 1837",Scytodes fusca,5169044,5169044,50c9509d-22c7-4a22-a47d-8c48425ef4a7,https://www.inaturalist.org/observations/27630203,HUMAN_OBSERVATION,PR,Río Grande,,-65.784012,18.302603,,,"[""CONTINENT_DERIVED_FROM_COORDINATES"", ""TAXON_ID_NOT_FOUND""]",2016-05-30
2397706011,"Scytodes fusca Walckenaer, 1837",Scytodes fusca,5169044,5169044,50c9509d-22c7-4a22-a47d-8c48425ef4a7,http://www.inaturalist.org/observations/4063198,HUMAN_OBSERVATION,PT,Faro,,-7.54898,37.293174,,,"[""CONTINENT_DERIVED_FROM_COORDINATES"", ""TAXON_ID_NOT_FOUND""]",2016-08-11T22:09:01
1453169087,"Scytodes fusca Walckenaer, 1837",Scytodes fusca,5169044,5169044,50c9509d-22c7-4a22-a47d-8c48425ef4a7,http://www.inaturalist.org/observations/4430397,HUMAN_OBSERVATION,SG,North,,103.79046,1.404092,61.0,,"[""COORDINATE_ROUNDED"", ""CONTINENT_DERIVED_FROM_COORDINATES"", ""TAXON_ID_NOT_FOUND""]",2016-10-24T21:00
3351648729,"Scytodes fusca Walckenaer, 1837",Scytodes fusca,5169044,5169044,d8cd16ba-bb74-4420-821e-083f2bac17c2,MK393114,PRESERVED_SPECIMEN,IN,,,88.53,22.81,,,"[""GEODETIC_DATUM_ASSUMED_WGS84"", ""CONTINENT_DERIVED_FROM_COORDINATES"", ""TAXON_CONCEPT_ID_NOT_FOUND"", ""TAXON_ID_NOT_FOUND""]",2016-11-23
6511079477,"Scytodes fusca Walckenaer, 1837",Scytodes fusca,5169044,5169044,ffe38a37-d659-4b1a-a935-5a5264e3cc0a,930554,HUMAN_OBSERVATION,BR,Pernambuco,,-35.176139,-8.729861,,,"[""CONTINENT_DERIVED_FROM_COORDINATES"", ""SCIENTIFIC_NAME_ID_NOT_FOUND"", ""TAXON_ID_NOT_FOUND"", ""OCCURRENCE_STATUS_INFERRED_FROM_INDIVIDUAL_COUNT""]",2015-05-26T00:00
1890154367,"Scytodes fusca Walckenaer, 1837",Scytodes fusca,5169044,5169044,eb521f93-d62d-4332-a5f0-989ed94d9cc4,,PRESERVED_SPECIMEN,BR,Pará,Museu Paraense Emílio Goeldi - Campus de Pesquisa,-48.444256,-1.451233,,,"[""COORDINATE_ROUNDED"", ""GEODETIC_DATUM_ASSUMED_WGS84"", ""INSTITUTION_MATCH_FUZZY"", ""INSTITUTION_COLLECTION_MISMATCH""]",2015-06-01
2459992108,"Scytodes fusca Walckenaer, 1837",Scytodes fusca,5169044,5169044,50c9509d-22c7-4a22-a47d-8c48425ef4a7,http://conabio.inaturalist.org/observations/1644368,HUMAN_OBSERVATION,MX,Jalisco,,-102.752198,20.820677,61.0,,"[""CONTINENT_DERIVED_FROM_COORDINATES"", ""TAXON_ID_NOT_FOUND""]",2015-06-13
6511345518,"Scytodes fusca Walckenaer, 1837",Scytodes fusca,5169044,5169044,ffe38a37-d659-4b1a-a935-5a5264e3cc0a,930614,HUMAN_OBSERVATION,BR,Paraíba,,-34.853778,-7.064306,,,"[""CONTINENT_DERIVED_FROM_COORDINATES"", ""SCIENTIFIC_NAME_ID_NOT_FOUND"", ""TAXON_ID_NOT_FOUND"", ""OCCURRENCE_STATUS_INFERRED_FROM_INDIVIDUAL_COUNT""]",2015-06-02T00:00
5231105304,"Scytodes fusca Walckenaer, 1837",Scytodes fusca,5169044,5169044,50c9509d-22c7-4a22-a47d-8c48425ef4a7,http://www.inaturalist.org/observations/4100390,HUMAN_OBSERVATION,US,Florida,,-81.693968,26.633296,41.0,,"[""CONTINENT_DERIVED_FROM_COORDINATES"", ""TAXON_ID_NOT_FOUND""]",2015-07-18T14:13
1890154331,"Scytodes fusca Walckenaer, 1837",Scytodes fusca,5169044,5169044,eb521f93-d62d-4332-a5f0-989ed94d9cc4,,PRESERVED_SPECIMEN,BR,Pará,Museu Paraense Emílio Goeldi - Campus de Pesquisa,-48.444256,-1.451233,,,"[""COORDINATE_ROUNDED"", ""GEODETIC_DATUM_ASSUMED_WGS84"", ""INSTITUTION_MATCH_FUZZY"", ""INSTITUTION_COLLECTION_MISMATCH""]",2015-09-01
2901642305,"Scytodes fusca Walckenaer, 1837",Scytodes fusca,5169044,5169044,50c9509d-22c7-4a22-a47d-8c48425ef4a7,https://www.inaturalist.org/observations/63251238,HUMAN_OBSERVATION,BR,São Paulo,,-45.129567,-22.737383,165.0,,"[""COORDINATE_ROUNDED"", ""CONTINENT_DERIVED_FROM_COORDINATES"", ""TAXON_ID_NOT_FOUND""]",2015-09-20T20:25
4935906422,"Scytodes fusca Walckenaer, 1837",Scytodes fusca,5169044,5169044,50c9509d-22c7-4a22-a47d-8c48425ef4a7,https://www.inaturalist.org/observations/238671812,HUMAN_OBSERVATION,BR,Minas Gerais,,-44.042279,-19.96249,721.0,,"[""COORDINATE_ROUNDED"", ""CONTINENT_DERIVED_FROM_COORDINATES"", ""TAXON_ID_NOT_FOUND""]",2014-01-13
1414114098,BOLD:AAG5665,Scytodes fusca,10546508,10546508,040c5662-da76-4782-a48e-cdea1892d14c,BBUSE3311-14,MATERIAL_SAMPLE,US,Hawaii,,-157.806,21.2691,,,"[""GEODETIC_DATUM_ASSUMED_WGS84"", ""CONTINENT_DERIVED_FROM_COORDINATES"", ""TAXON_CONCEPT_ID_NOT_FOUND"", ""TAXON_ID_NOT_FOUND"", ""COLLECTION_MATCH_NONE"", ""INSTITUTION_MATCH_FUZZY""]",2014-03-12
6510946766,"Scytodes fusca Walckenaer, 1837",Scytodes fusca,5169044,5169044,ffe38a37-d659-4b1a-a935-5a5264e3cc0a,789357,HUMAN_OBSERVATION,BR,Piauí,,-42.1694,-4.6293,,,"[""GEODETIC_DATUM_INVALID"", ""GEODETIC_DATUM_ASSUMED_WGS84"", ""CONTINENT_DERIVED_FROM_COORDINATES"", ""SCIENTIFIC_NAME_ID_NOT_FOUND"", ""TAXON_ID_NOT_FOUND"", ""OCCURRENCE_STATUS_INFERRED_FROM_INDIVIDUAL_COUNT""]",2014-04-04T00:00
6510536737,"Scytodes fusca Walckenaer, 1837",Scytodes fusca,5169044,5169044,ffe38a37-d659-4b1a-a935-5a5264e3cc0a,755728,HUMAN_OBSERVATION,BR,Roraima,,-59.838444,3.369167,,,"[""CONTINENT_DERIVED_FROM_COORDINATES"", ""SCIENTIFIC_NAME_ID_NOT_FOUND"", ""TAXON_ID_NOT_FOUND"", ""OCCURRENCE_STATUS_INFERRED_FROM_INDIVIDUAL_COUNT""]",2014-07-20T00:00
4913161962,BOLD:AAG5665,Scytodes fusca,10546508,10546508,040c5662-da76-4782-a48e-cdea1892d14c,SPANT283-13,MATERIAL_SAMPLE,MF,,Dry Forest,-62.988,18.116,,,"[""GEODETIC_DATUM_ASSUMED_WGS84"", ""CONTINENT_DERIVED_FROM_COORDINATES"", ""TAXON_CONCEPT_ID_NOT_FOUND"", ""TAXON_ID_NOT_FOUND"", ""INSTITUTION_MATCH_NONE""]",2013-01-20
4913173359,BOLD:AAG5665,Scytodes fusca,10546508,10546508,040c5662-da76-4782-a48e-cdea1892d14c,SPANT285-13,MATERIAL_SAMPLE,MF,,Dry Forest,-62.988,18.116,,,"[""GEODETIC_DATUM_ASSUMED_WGS84"", ""CONTINENT_DERIVED_FROM_COORDINATES"", ""TAXON_CONCEPT_ID_NOT_FOUND"", ""TAXON_ID_NOT_FOUND"", ""INSTITUTION_MATCH_NONE""]",2013-01-20
4913200247,BOLD:AAG5665,Scytodes fusca,10546508,10546508,040c5662-da76-4782-a48e-cdea1892d14c,SPANT282-13,MATERIAL_SAMPLE,MF,,Cave St Martin,-63.137,18.063,,,"[""GEODETIC_DATUM_ASSUMED_WGS84"", ""CONTINENT_DERIVED_FROM_COORDINATES"", ""TAXON_CONCEPT_ID_NOT_FOUND"", ""TAXON_ID_NOT_FOUND"", ""INSTITUTION_MATCH_NONE""]",2013-01-17
4913228549,BOLD:AAG5665,Scytodes fusca,10546508,10546508,040c5662-da76-4782-a48e-cdea1892d14c,SPANT281-13,MATERIAL_SAMPLE,MF,,Dry Forest,-62.988,18.116,,,"[""GEODETIC_DATUM_ASSUMED_WGS84"", ""CONTINENT_DERIVED_FROM_COORDINATES"", ""TAXON_CONCEPT_ID_NOT_FOUND"", ""TAXON_ID_NOT_FOUND"", ""INSTITUTION_MATCH_NONE""]",2013-01-20
4916442390,BOLD:AAG5665,Scytodes fusca,10546508,10546508,040c5662-da76-4782-a48e-cdea1892d14c,SPANT284-13,MATERIAL_SAMPLE,MF,,Dry Forest,-62.988,18.116,,,"[""GEODETIC_DATUM_ASSUMED_WGS84"", ""CONTINENT_DERIVED_FROM_COORDINATES"", ""TAXON_CONCEPT_ID_NOT_FOUND"", ""TAXON_ID_NOT_FOUND"", ""INSTITUTION_MATCH_NONE""]",2013-01-20
4916655616,BOLD:AAG5665,Scytodes fusca,10546508,10546508,040c5662-da76-4782-a48e-cdea1892d14c,SPANT279-13,MATERIAL_SAMPLE,MF,,Cave St Martin,-63.137,18.063,,,"[""GEODETIC_DATUM_ASSUMED_WGS84"", ""CONTINENT_DERIVED_FROM_COORDINATES"", ""TAXON_CONCEPT_ID_NOT_FOUND"", ""TAXON_ID_NOT_FOUND"", ""INSTITUTION_MATCH_NONE""]",2013-01-17
4916442397,BOLD:AAG5665,Scytodes fusca,10546508,10546508,040c5662-da76-4782-a48e-cdea1892d14c,SPANT679-13,MATERIAL_SAMPLE,KN,,Round Road Trail,-62.596,17.142,,,"[""GEODETIC_DATUM_ASSUMED_WGS84"", ""CONTINENT_DERIVED_FROM_COORDINATES"", ""TAXON_CONCEPT_ID_NOT_FOUND"", ""TAXON_ID_NOT_FOUND"", ""INSTITUTION_MATCH_NONE""]",2013-03-01
4916530050,BOLD:AAG5665,Scytodes fusca,10546508,10546508,040c5662-da76-4782-a48e-cdea1892d14c,SPANT686-13,MATERIAL_SAMPLE,KN,,Round Road Trail,-62.596,17.142,,,"[""GEODETIC_DATUM_ASSUMED_WGS84"", ""CONTINENT_DERIVED_FROM_COORDINATES"", ""TAXON_CONCEPT_ID_NOT_FOUND"", ""TAXON_ID_NOT_FOUND"", ""INSTITUTION_MATCH_NONE""]",2013-03-01
4916675358,BOLD:AAG5665,Scytodes fusca,10546508,10546508,040c5662-da76-4782-a48e-cdea1892d14c,SPANT688-13,MATERIAL_SAMPLE,KN,,Round Road Trail,-62.596,17.142,,,"[""GEODETIC_DATUM_ASSUMED_WGS84"", ""CONTINENT_DERIVED_FROM_COORDINATES"", ""TAXON_CONCEPT_ID_NOT_FOUND"", ""TAXON_ID_NOT_FOUND"", ""INSTITUTION_MATCH_NONE""]",2013-03-01
6191499322,"Scytodes fusca Walckenaer, 1837",Scytodes fusca,5169044,5169044,d8cd16ba-bb74-4420-821e-083f2bac17c2,OR893325,PRESERVED_SPECIMEN,MQ,,CarBio 042,-60.8146,14.4743,,,"[""GEODETIC_DATUM_ASSUMED_WGS84"", ""CONTINENT_DERIVED_FROM_COORDINATES"", ""TAXON_CONCEPT_ID_NOT_FOUND"", ""TAXON_ID_NOT_FOUND""]",2013-03-22
4913183081,BOLD:AAG5665,Scytodes fusca,10546508,10546508,040c5662-da76-4782-a48e-cdea1892d14c,SPANT606-13,MATERIAL_SAMPLE,DM,,Fort Shirley- secondary dry forest,-61.473,15.584,,,"[""GEODETIC_DATUM_ASSUMED_WGS84"", ""CONTINENT_DERIVED_FROM_COORDINATES"", ""TAXON_CONCEPT_ID_NOT_FOUND"", ""TAXON_ID_NOT_FOUND"", ""INSTITUTION_MATCH_NONE""]",2013-04-20
4913198525,BOLD:AAG5665,Scytodes fusca,10546508,10546508,040c5662-da76-4782-a48e-cdea1892d14c,SPANT218-13,MATERIAL_SAMPLE,LC,,Center Barrel isle Trail,-60.93,13.964,,,"[""GEODETIC_DATUM_ASSUMED_WGS84"", ""CONTINENT_DERIVED_FROM_COORDINATES"", ""TAXON_CONCEPT_ID_NOT_FOUND"", ""TAXON_ID_NOT_FOUND"", ""INSTITUTION_MATCH_NONE""]",2013-04-11
4913241971,BOLD:AAG5665,Scytodes fusca,10546508,10546508,040c5662-da76-4782-a48e-cdea1892d14c,SPANT605-13,MATERIAL_SAMPLE,DM,,Fort Shirley- secondary dry forest,-61.473,15.584,,,"[""GEODETIC_DATUM_ASSUMED_WGS84"", ""CONTINENT_DERIVED_FROM_COORDINATES"", ""TAXON_CONCEPT_ID_NOT_FOUND"", ""TAXON_ID_NOT_FOUND"", ""INSTITUTION_MATCH_NONE""]",2013-04-20
4913271922,BOLD:AAG5665,Scytodes fusca,10546508,10546508,040c5662-da76-4782-a48e-cdea1892d14c,SPANT610-13,MATERIAL_SAMPLE,DM,,Fort Shirley- secondary dry forest,-61.473,15.584,,,"[""GEODETIC_DATUM_ASSUMED_WGS84"", ""CONTINENT_DERIVED_FROM_COORDINATES"", ""TAXON_CONCEPT_ID_NOT_FOUND"", ""TAXON_ID_NOT_FOUND"", ""INSTITUTION_MATCH_NONE""]",2013-04-20
4916553205,BOLD:AAG5665,Scytodes fusca,10546508,10546508,040c5662-da76-4782-a48e-cdea1892d14c,SPANT219-13,MATERIAL_SAMPLE,LC,,Center Barrel isle Trail,-60.93,13.964,,,"[""GEODETIC_DATUM_ASSUMED_WGS84"", ""CONTINENT_DERIVED_FROM_COORDINATES"", ""TAXON_CONCEPT_ID_NOT_FOUND"", ""TAXON_ID_NOT_FOUND"", ""INSTITUTION_MATCH_NONE""]",2013-04-11
4913215702,BOLD:AAG5665,Scytodes fusca,10546508,10546508,040c5662-da76-4782-a48e-cdea1892d14c,SPANT698-13,MATERIAL_SAMPLE,DM,,Middleham Falls Trail,-61.334,15.341,,,"[""GEODETIC_DATUM_ASSUMED_WGS84"", ""CONTINENT_DERIVED_FROM_COORDINATES"", ""TAXON_CONCEPT_ID_NOT_FOUND"", ""TAXON_ID_NOT_FOUND"", ""INSTITUTION_MATCH_NONE""]",2013-06-23
6510505744,"Scytodes fusca Walckenaer, 1837",Scytodes fusca,5169044,5169044,ffe38a37-d659-4b1a-a935-5a5264e3cc0a,469255,HUMAN_OBSERVATION,BR,Rio de Janeiro,,-44.605214,-22.459156,,,"[""GEODETIC_DATUM_INVALID"", ""GEODETIC_DATUM_ASSUMED_WGS84"", ""CONTINENT_DERIVED_FROM_COORDINATES"", ""SCIENTIFIC_NAME_ID_NOT_FOUND"", ""TAXON_ID_NOT_FOUND"", ""OCCURRENCE_STATUS_INFERRED_FROM_INDIVIDUAL_COUNT""]",2013-10-18T00:00
3067980308,"Scytodes fusca Walckenaer, 1837",Scytodes fusca,5169044,5169044,50c9509d-22c7-4a22-a47d-8c48425ef4a7,https://www.inaturalist.org/observations/69956802,HUMAN_OBSERVATION,BR,Santa Catarina,,-48.606318,-27.574825,1691.0,,"[""COORDINATE_ROUNDED"", ""CONTINENT_DERIVED_FROM_COORDINATES"", ""TAXON_ID_NOT_FOUND""]",2013-11-13T12:49
6190234641,"Scytodes fusca Walckenaer, 1837",Scytodes fusca,5169044,5169044,d8cd16ba-bb74-4420-821e-083f2bac17c2,OR893117,PRESERVED_SPECIMEN,JM,,Oatley Mountain Trail,-77.6059,18.4589,,,"[""GEODETIC_DATUM_ASSUMED_WGS84"", ""CONTINENT_DERIVED_FROM_COORDINATES"", ""TAXON_CONCEPT_ID_NOT_FOUND"", ""TAXON_ID_NOT_FOUND""]",2013-11-17
6190477663,"Scytodes fusca Walckenaer, 1837",Scytodes fusca,5169044,5169044,d8cd16ba-bb74-4420-821e-083f2bac17c2,OR893192,PRESERVED_SPECIMEN,JM,,JA 12,-76.7277,18.089,,,"[""GEODETIC_DATUM_ASSUMED_WGS84"", ""CONTINENT_DERIVED_FROM_COORDINATES"", ""TAXON_CONCEPT_ID_NOT_FOUND"", ""TAXON_ID_NOT_FOUND""]",2013-11-17
6191018014,"Scytodes fusca Walckenaer, 1837",Scytodes fusca,5169044,5169044,d8cd16ba-bb74-4420-821e-083f2bac17c2,OR893143,PRESERVED_SPECIMEN,JM,,Oatley Mountain Trail,-77.2247,17.7376,,,"[""GEODETIC_DATUM_ASSUMED_WGS84"", ""CONTINENT_DERIVED_FROM_COORDINATES"", ""TAXON_CONCEPT_ID_NOT_FOUND"", ""TAXON_ID_NOT_FOUND""]",2013-11-17
1414213852,BOLD:AAG5665,Scytodes fusca,10546508,10546508,040c5662-da76-4782-a48e-cdea1892d14c,CENAM056-12,MATERIAL_SAMPLE,CR,Guanacaste Province,shrubs and low vegetations,-85.8441,10.273,,,"[""GEODETIC_DATUM_ASSUMED_WGS84"", ""CONTINENT_DERIVED_FROM_COORDINATES"", ""TAXON_CONCEPT_ID_NOT_FOUND"", ""TAXON_ID_NOT_FOUND"", ""COLLECTION_MATCH_NONE"", ""INSTITUTION_MATCH_FUZZY""]",2012-01-28
6510658258,"Scytodes fusca Walckenaer, 1837",Scytodes fusca,5169044,5169044,ffe38a37-d659-4b1a-a935-5a5264e3cc0a,274028,HUMAN_OBSERVATION,BR,Mato Grosso,,-56.0487,-15.562611,,,"[""CONTINENT_DERIVED_FROM_COORDINATES"", ""SCIENTIFIC_NAME_ID_NOT_FOUND"", ""TAXON_ID_NOT_FOUND"", ""OCCURRENCE_STATUS_INFERRED_FROM_INDIVIDUAL_COUNT""]",2012-02-26T00:00
4914287026,BOLD:AAG5665,Scytodes fusca,10546508,10546508,040c5662-da76-4782-a48e-cdea1892d14c,SPCUB1163-14,MATERIAL_SAMPLE,CU,Granma,,-76.503,20.053,,,"[""GEODETIC_DATUM_ASSUMED_WGS84"", ""CONTINENT_DERIVED_FROM_COORDINATES"", ""TAXON_CONCEPT_ID_NOT_FOUND"", ""TAXON_ID_NOT_FOUND"", ""INSTITUTION_MATCH_NONE""]",2012-03-25
4914384710,BOLD:AAG5665,Scytodes fusca,10546508,10546508,040c5662-da76-4782-a48e-cdea1892d14c,SPCUB1164-14,MATERIAL_SAMPLE,CU,Granma,,-76.503,20.053,,,"[""GEODETIC_DATUM_ASSUMED_WGS84"", ""CONTINENT_DERIVED_FROM_COORDINATES"", ""TAXON_CONCEPT_ID_NOT_FOUND"", ""TAXON_ID_NOT_FOUND"", ""INSTITUTION_MATCH_NONE""]",2012-03-25
4917321432,BOLD:AAG5665,Scytodes fusca,10546508,10546508,040c5662-da76-4782-a48e-cdea1892d14c,SPCUB1162-14,MATERIAL_SAMPLE,CU,Granma,,-76.503,20.053,,,"[""GEODETIC_DATUM_ASSUMED_WGS84"", ""CONTINENT_DERIVED_FROM_COORDINATES"", ""TAXON_CONCEPT_ID_NOT_FOUND"", ""TAXON_ID_NOT_FOUND"", ""INSTITUTION_MATCH_NONE""]",2012-03-25
6510445214,"Scytodes fusca Walckenaer, 1837",Scytodes fusca,5169044,5169044,ffe38a37-d659-4b1a-a935-5a5264e3cc0a,273959,HUMAN_OBSERVATION,BR,São Paulo,,-47.8553,-23.3545,,,"[""CONTINENT_DERIVED_FROM_COORDINATES"", ""SCIENTIFIC_NAME_ID_NOT_FOUND"", ""TAXON_ID_NOT_FOUND"", ""OCCURRENCE_STATUS_INFERRED_FROM_INDIVIDUAL_COUNT""]",2012-03-31T00:00
4913211929,BOLD:AAG5665,Scytodes fusca,10546508,10546508,040c5662-da76-4782-a48e-cdea1892d14c,SPCUB581-13,MATERIAL_SAMPLE,CU,Guantanamo,Humbolt,-74.59316,20.32733,,,"[""GEODETIC_DATUM_ASSUMED_WGS84"", ""CONTINENT_DERIVED_FROM_COORDINATES"", ""TAXON_CONCEPT_ID_NOT_FOUND"", ""TAXON_ID_NOT_FOUND"", ""INSTITUTION_MATCH_NONE""]",2012-04-06
6510567002,"Scytodes fusca Walckenaer, 1837",Scytodes fusca,5169044,5169044,ffe38a37-d659-4b1a-a935-5a5264e3cc0a,353499,HUMAN_OBSERVATION,BR,Bahia,,-38.503185,-12.9736654,,,"[""COORDINATE_REPROJECTED"", ""CONTINENT_DERIVED_FROM_COORDINATES"", ""SCIENTIFIC_NAME_ID_NOT_FOUND"", ""TAXON_ID_NOT_FOUND"", ""OCCURRENCE_STATUS_INFERRED_FROM_INDIVIDUAL_COUNT""]",2012-07-18T00:00
6510571229,"Scytodes fusca Walckenaer, 1837",Scytodes fusca,5169044,5169044,ffe38a37-d659-4b1a-a935-5a5264e3cc0a,353351,HUMAN_OBSERVATION,BR,Bahia,,-38.3198401,-12.8936634,,,"[""COORDINATE_REPROJECTED"", ""CONTINENT_DERIVED_FROM_COORDINATES"", ""SCIENTIFIC_NAME_ID_NOT_FOUND"", ""TAXON_ID_NOT_FOUND"", ""OCCURRENCE_STATUS_INFERRED_FROM_INDIVIDUAL_COUNT""]",2012-07-01T00:00
6510859836,"Scytodes fusca Walckenaer, 1837",Scytodes fusca,5169044,5169044,ffe38a37-d659-4b1a-a935-5a5264e3cc0a,353548,HUMAN_OBSERVATION,BR,Bahia,,-38.3998454,-12.7836608,,,"[""COORDINATE_REPROJECTED"", ""CONTINENT_DERIVED_FROM_COORDINATES"", ""SCIENTIFIC_NAME_ID_NOT_FOUND"", ""TAXON_ID_NOT_FOUND"", ""OCCURRENCE_STATUS_INFERRED_FROM_INDIVIDUAL_COUNT""]",2012-07-01T00:00
6511352234,"Scytodes fusca Walckenaer, 1837",Scytodes fusca,5169044,5169044,ffe38a37-d659-4b1a-a935-5a5264e3cc0a,353291,HUMAN_OBSERVATION,BR,Bahia,,-38.3198402,-12.6936587,,,"[""COORDINATE_REPROJECTED"", ""CONTINENT_DERIVED_FROM_COORDINATES"", ""SCIENTIFIC_NAME_ID_NOT_FOUND"", ""TAXON_ID_NOT_FOUND"", ""OCCURRENCE_STATUS_INFERRED_FROM_INDIVIDUAL_COUNT""]",2012-07-01T00:00
5231602450,"Scytodes fusca Walckenaer, 1837",Scytodes fusca,5169044,5169044,50c9509d-22c7-4a22-a47d-8c48425ef4a7,https://www.inaturalist.org/observations/191554278,HUMAN_OBSERVATION,EC,Morona Santiago,,-77.701477,-2.144072,,,"[""COORDINATE_ROUNDED"", ""CONTINENT_DERIVED_FROM_COORDINATES"", ""TAXON_ID_NOT_FOUND""]",2012-08-31T11:37
6510184841,"Scytodes fusca Walckenaer, 1837",Scytodes fusca,5169044,5169044,ffe38a37-d659-4b1a-a935-5a5264e3cc0a,473724,HUMAN_OBSERVATION,BR,Bahia,,-38.507761,-12.998122,,,"[""CONTINENT_DERIVED_FROM_COORDINATES"", ""SCIENTIFIC_NAME_ID_NOT_FOUND"", ""TAXON_ID_NOT_FOUND"", ""OCCURRENCE_STATUS_INFERRED_FROM_INDIVIDUAL_COUNT""]",2012-12-13T00:00
4918827997,BOLD:AAG5665,Scytodes fusca,10546508,10546508,040c5662-da76-4782-a48e-cdea1892d14c,SPPR113-13,MATERIAL_SAMPLE,PR,,Cueva Corozal,-66.333,18.351,,,"[""GEODETIC_DATUM_ASSUMED_WGS84"", ""CONTINENT_DERIVED_FROM_COORDINATES"", ""TAXON_CONCEPT_ID_NOT_FOUND"", ""TAXON_ID_NOT_FOUND"", ""COLLECTION_MATCH_NONE"", ""INSTITUTION_MATCH_FUZZY""]",2011-07-30
6189870216,"Scytodes fusca Walckenaer, 1837",Scytodes fusca,5169044,5169044,d8cd16ba-bb74-4420-821e-083f2bac17c2,OR893551,PRESERVED_SPECIMEN,PR,,"Ranger Station, Guanica Dry Forest",-66.868,17.9715,,,"[""GEODETIC_DATUM_ASSUMED_WGS84"", ""CONTINENT_DERIVED_FROM_COORDINATES"", ""TAXON_CONCEPT_ID_NOT_FOUND"", ""TAXON_ID_NOT_FOUND""]",2011-07-22
6189929351,"Scytodes fusca Walckenaer, 1837",Scytodes fusca,5169044,5169044,d8cd16ba-bb74-4420-821e-083f2bac17c2,OR893550,PRESERVED_SPECIMEN,PR,,"Ranger Station, Guanica Dry Forest",-66.868,17.9715,,,"[""GEODETIC_DATUM_ASSUMED_WGS84"", ""CONTINENT_DERIVED_FROM_COORDINATES"", ""TAXON_CONCEPT_ID_NOT_FOUND"", ""TAXON_ID_NOT_FOUND""]",2011-07-22
6190114958,"Scytodes fusca Walckenaer, 1837",Scytodes fusca,5169044,5169044,d8cd16ba-bb74-4420-821e-083f2bac17c2,OR893346,PRESERVED_SPECIMEN,PR,,"Ranger Station, Guanica Dry Forest",-66.8492,17.9539,,,"[""GEODETIC_DATUM_ASSUMED_WGS84"", ""CONTINENT_DERIVED_FROM_COORDINATES"", ""TAXON_CONCEPT_ID_NOT_FOUND"", ""TAXON_ID_NOT_FOUND""]",2011-07-22
6190185600,"Scytodes fusca Walckenaer, 1837",Scytodes fusca,5169044,5169044,d8cd16ba-bb74-4420-821e-083f2bac17c2,OR893560,PRESERVED_SPECIMEN,PR,,"Ranger Station, Guanica Dry Forest",-66.868,17.9715,,,"[""GEODETIC_DATUM_ASSUMED_WGS84"", ""CONTINENT_DERIVED_FROM_COORDINATES"", ""TAXON_CONCEPT_ID_NOT_FOUND"", ""TAXON_ID_NOT_FOUND""]",2011-07-22
6190409103,"Scytodes fusca Walckenaer, 1837",Scytodes fusca,5169044,5169044,d8cd16ba-bb74-4420-821e-083f2bac17c2,OR893349,PRESERVED_SPECIMEN,PR,,"Ranger Station, Guanica Dry Forest",-66.868,17.9715,,,"[""GEODETIC_DATUM_ASSUMED_WGS84"", ""CONTINENT_DERIVED_FROM_COORDINATES"", ""TAXON_CONCEPT_ID_NOT_FOUND"", ""TAXON_ID_NOT_FOUND""]",2011-07-22
6190458622,"Scytodes fusca Walckenaer, 1837",Scytodes fusca,5169044,5169044,d8cd16ba-bb74-4420-821e-083f2bac17c2,OR893357,PRESERVED_SPECIMEN,PR,,"Ranger Station, Guanica Dry Forest",-66.8492,17.9539,,,"[""GEODETIC_DATUM_ASSUMED_WGS84"", ""CONTINENT_DERIVED_FROM_COORDINATES"", ""TAXON_CONCEPT_ID_NOT_FOUND"", ""TAXON_ID_NOT_FOUND""]",2011-07-22
6190527280,"Scytodes fusca Walckenaer, 1837",Scytodes fusca,5169044,5169044,d8cd16ba-bb74-4420-821e-083f2bac17c2,OR893355,PRESERVED_SPECIMEN,PR,,"Ranger Station, Guanica Dry Forest",-66.868,17.9715,,,"[""GEODETIC_DATUM_ASSUMED_WGS84"", ""CONTINENT_DERIVED_FROM_COORDINATES"", ""TAXON_CONCEPT_ID_NOT_FOUND"", ""TAXON_ID_NOT_FOUND""]",2011-07-22
6190775581,"Scytodes fusca Walckenaer, 1837",Scytodes fusca,5169044,5169044,d8cd16ba-bb74-4420-821e-083f2bac17c2,OR893360,PRESERVED_SPECIMEN,PR,,"Ranger Station, Guanica Dry Forest",-66.868,17.9715,,,"[""GEODETIC_DATUM_ASSUMED_WGS84"", ""CONTINENT_DERIVED_FROM_COORDINATES"", ""TAXON_CONCEPT_ID_NOT_FOUND"", ""TAXON_ID_NOT_FOUND""]",2011-07-22
6190971535,"Scytodes fusca Walckenaer, 1837",Scytodes fusca,5169044,5169044,d8cd16ba-bb74-4420-821e-083f2bac17c2,OR893531,PRESERVED_SPECIMEN,PR,,"Ranger Station, Guanica Dry Forest",-66.868,17.9715,,,"[""GEODETIC_DATUM_ASSUMED_WGS84"", ""CONTINENT_DERIVED_FROM_COORDINATES"", ""TAXON_CONCEPT_ID_NOT_FOUND"", ""TAXON_ID_NOT_FOUND""]",2011-07-22
6191557919,"Scytodes fusca Walckenaer, 1837",Scytodes fusca,5169044,5169044,d8cd16ba-bb74-4420-821e-083f2bac17c2,OR893435,PRESERVED_SPECIMEN,PR,,"Ranger Station, Guanica Dry Forest",-66.8492,17.9539,,,"[""GEODETIC_DATUM_ASSUMED_WGS84"", ""CONTINENT_DERIVED_FROM_COORDINATES"", ""TAXON_CONCEPT_ID_NOT_FOUND"", ""TAXON_ID_NOT_FOUND""]",2011-07-22
3328072506,"Scytodes fusca Walckenaer, 1837",Scytodes fusca,5169044,5169044,50c9509d-22c7-4a22-a47d-8c48425ef4a7,https://www.inaturalist.org/observations/87023681,HUMAN_OBSERVATION,US,Florida,,-80.482294,25.483265,,,"[""COORDINATE_ROUNDED"", ""CONTINENT_DERIVED_FROM_COORDINATES"", ""TAXON_ID_NOT_FOUND""]",2011-11-06T11:54
5938099417,"Scytodes fusca Walckenaer, 1837",Scytodes fusca,5169044,5169044,50c9509d-22c7-4a22-a47d-8c48425ef4a7,https://www.inaturalist.org/observations/332141468,HUMAN_OBSERVATION,BR,São Paulo,,-45.865706,-23.736895,729.0,,"[""COORDINATE_ROUNDED"", ""CONTINENT_DERIVED_FROM_COORDINATES"", ""TAXON_ID_NOT_FOUND""]",2011-12-26T12:57:58
1100090415,"Scytodes fusca Walckenaer, 1837",Scytodes fusca,5169044,5169044,dce8feb0-6c89-11de-8225-b8a03c50a862,b1997aad-fbab-4623-8e36-91c55b99a7a0,PRESERVED_SPECIMEN,AU,Queensland,,146.80055,-19.282778,100.0,,"[""CONTINENT_DERIVED_FROM_COORDINATES"", ""TAXON_CONCEPT_ID_NOT_FOUND"", ""INSTITUTION_MATCH_FUZZY"", ""COLLECTION_MATCH_FUZZY""]",2010-01-01
1414210892,BOLD:AAG5665,Scytodes fusca,10546508,10546508,040c5662-da76-4782-a48e-cdea1892d14c,CARSP200-11,MATERIAL_SAMPLE,BS,,vegetables around the hotel,-77.3949,25.0716,,,"[""GEODETIC_DATUM_ASSUMED_WGS84"", ""CONTINENT_DERIVED_FROM_COORDINATES"", ""TAXON_CONCEPT_ID_NOT_FOUND"", ""TAXON_ID_NOT_FOUND"", ""COLLECTION_MATCH_NONE"", ""INSTITUTION_MATCH_FUZZY""]",2010-01-10
1416552804,BOLD:AAG5665,Scytodes fusca,10546508,10546508,040c5662-da76-4782-a48e-cdea1892d14c,VAQT798-10,MATERIAL_SAMPLE,AU,Queensland,Hermit Park,146.80067,-19.28279,,,"[""GEODETIC_DATUM_ASSUMED_WGS84"", ""CONTINENT_DERIVED_FROM_COORDINATES"", ""TAXON_CONCEPT_ID_NOT_FOUND"", ""TAXON_ID_NOT_FOUND"", ""INSTITUTION_MATCH_NONE"", ""NUCLEOTIDE_SEQUENCE_GAPS_REMOVED""]",2010-01-01
4167333540,"Scytodes fusca Walckenaer, 1837",Scytodes fusca,5169044,5169044,ce66e0a8-36eb-4aa2-a5de-82ca60e20053,{b9f2c56f-e5b9-4688-b9b1-299af6b8cf03},PRESERVED_SPECIMEN,DO,Independencia,La Zurza,-71.573611,18.406944,,,"[""COORDINATE_ROUNDED"", ""TAXON_ID_NOT_FOUND"", ""OCCURRENCE_STATUS_INFERRED_FROM_INDIVIDUAL_COUNT"", ""INSTITUTION_MATCH_FUZZY"", ""COLLECTION_MATCH_FUZZY""]",2010-04
1414210721,BOLD:AAG5665,Scytodes fusca,10546508,10546508,040c5662-da76-4782-a48e-cdea1892d14c,CARSP003-10,MATERIAL_SAMPLE,DO,La Altagracia,hotel room,-68.3654,18.6527,,,"[""GEODETIC_DATUM_ASSUMED_WGS84"", ""CONTINENT_DERIVED_FROM_COORDINATES"", ""TAXON_CONCEPT_ID_NOT_FOUND"", ""TAXON_ID_NOT_FOUND"", ""INSTITUTION_MATCH_NONE"", ""NUCLEOTIDE_SEQUENCE_GAPS_REMOVED""]",2010-05-02
1414210731,BOLD:AAG5665,Scytodes fusca,10546508,10546508,040c5662-da76-4782-a48e-cdea1892d14c,CARSP077-10,MATERIAL_SAMPLE,DO,La Altagracia,under stubs,-68.3638,18.6521,,,"[""GEODETIC_DATUM_ASSUMED_WGS84"", ""CONTINENT_DERIVED_FROM_COORDINATES"", ""TAXON_CONCEPT_ID_NOT_FOUND"", ""TAXON_ID_NOT_FOUND"", ""INSTITUTION_MATCH_NONE"", ""NUCLEOTIDE_SEQUENCE_GAPS_REMOVED""]",2010-05-04
2619920489,"Scytodes fusca Walckenaer, 1837",Scytodes fusca,5169044,5169044,50c9509d-22c7-4a22-a47d-8c48425ef4a7,https://www.inaturalist.org/observations/31155346,HUMAN_OBSERVATION,MY,Sabah,,118.13733,4.722942,,,"[""COORDINATE_ROUNDED"", ""CONTINENT_DERIVED_FROM_COORDINATES"", ""TAXON_ID_NOT_FOUND""]",2010-09-05T08:00
1300086895,"Scytodes fusca Walckenaer, 1837",Scytodes fusca,5169044,5169044,9e02f8f5-ae2f-49b9-b896-ffb0260a284c,9250ee64-3325-432e-a3e1-f615950d87d7,PRESERVED_SPECIMEN,NI,Granada,Domitila,-85.953633,11.708883,,,"[""GEODETIC_DATUM_ASSUMED_WGS84"", ""TAXON_ID_NOT_FOUND"", ""IDENTIFIED_DATE_INVALID"", ""OCCURRENCE_STATUS_INFERRED_FROM_INDIVIDUAL_COUNT"", ""COLLECTION_MATCH_NONE"", ""INSTITUTION_MATCH_FUZZY""]",2010-11-06
2251580596,BOLD:AAG5665,Scytodes fusca,10546508,10546508,040c5662-da76-4782-a48e-cdea1892d14c,VAQT444-09,MATERIAL_SAMPLE,AU,Queensland,Hermit Park,146.80067,-19.28279,,,"[""GEODETIC_DATUM_ASSUMED_WGS84"", ""CONTINENT_DERIVED_FROM_COORDINATES"", ""TAXON_CONCEPT_ID_NOT_FOUND"", ""TAXON_ID_NOT_FOUND"", ""INSTITUTION_MATCH_NONE"", ""NUCLEOTIDE_SEQUENCE_GAPS_REMOVED""]",2009-03-04
2446249347,"Scytodes fusca Walckenaer, 1837",Scytodes fusca,5169044,5169044,dce8feb0-6c89-11de-8225-b8a03c50a862,af677dee-91f8-4692-a2be-e646e18584f5,PRESERVED_SPECIMEN,AU,Queensland,,146.80055,-19.282778,100.0,,"[""CONTINENT_DERIVED_FROM_COORDINATES"", ""TAXON_CONCEPT_ID_NOT_FOUND"", ""INSTITUTION_MATCH_FUZZY"", ""COLLECTION_MATCH_FUZZY""]",2009-03-04
896842933,"Scytodes fusca Walckenaer, 1837",Scytodes fusca,5169044,5169044,eb521f93-d62d-4332-a5f0-989ed94d9cc4,,PRESERVED_SPECIMEN,BR,Pará,Bosque Rodrigues Alves,-48.456194,-1.430278,,,"[""COORDINATE_ROUNDED"", ""GEODETIC_DATUM_ASSUMED_WGS84"", ""INSTITUTION_MATCH_FUZZY"", ""INSTITUTION_COLLECTION_MISMATCH""]",2009-04-08
896842957,"Scytodes fusca Walckenaer, 1837",Scytodes fusca,5169044,5169044,eb521f93-d62d-4332-a5f0-989ed94d9cc4,,PRESERVED_SPECIMEN,BR,Pará,Bosque Rodrigues Alves,-48.456194,-1.430278,,,"[""COORDINATE_ROUNDED"", ""GEODETIC_DATUM_ASSUMED_WGS84"", ""INSTITUTION_MATCH_FUZZY"", ""INSTITUTION_COLLECTION_MISMATCH""]",2009-04-14
1413899363,BOLD:AAG5665,Scytodes fusca,10546508,10546508,040c5662-da76-4782-a48e-cdea1892d14c,AASFB529-10,MATERIAL_SAMPLE,MX,Quintana Roo,"Chetumal, ECOSUR.",-88.263,18.544,,,"[""GEODETIC_DATUM_ASSUMED_WGS84"", ""CONTINENT_DERIVED_FROM_COORDINATES"", ""TAXON_CONCEPT_ID_NOT_FOUND"", ""TAXON_ID_NOT_FOUND"", ""COLLECTION_MATCH_NONE"", ""INSTITUTION_MATCH_FUZZY""]",2009-04-22
5901278034,"Scytodes fusca Walckenaer, 1837",Scytodes fusca,5169044,5169044,8a863029-f435-446a-821e-275f4f641165,https://observation.org/observation/379207060,HUMAN_OBSERVATION,ZA,Western Cape,Cape Peninsula,18.416083,-34.126217,,,[],2009-04-08
6510824815,"Scytodes fusca Walckenaer, 1837",Scytodes fusca,5169044,5169044,ffe38a37-d659-4b1a-a935-5a5264e3cc0a,128591,HUMAN_OBSERVATION,BR,Pará,,-54.936942,-2.635831,,,"[""CONTINENT_DERIVED_FROM_COORDINATES"", ""SCIENTIFIC_NAME_ID_NOT_FOUND"", ""TAXON_ID_NOT_FOUND"", ""OCCURRENCE_STATUS_INFERRED_FROM_INDIVIDUAL_COUNT""]",2009-09-23T00:00
1897538795,"Scytodes fusca Walckenaer, 1837",Scytodes fusca,5169044,5169044,c8a26d4e-b5a5-4dd9-9fff-7cd31779be93,863d6dddd0439745583676c012cf5608,PRESERVED_SPECIMEN,MX,Veracruz de ignacio de la llave,Los Ídolos,-96.509444,19.386667,,,"[""COORDINATE_ROUNDED"", ""RECORDED_DATE_INVALID"", ""SCIENTIFIC_NAME_ID_NOT_FOUND"", ""TAXON_ID_NOT_FOUND"", ""OCCURRENCE_STATUS_INFERRED_FROM_INDIVIDUAL_COUNT""]",2009-12-11
3013983374,"Scytodes fusca Walckenaer, 1837",Scytodes fusca,5169044,5169044,50c9509d-22c7-4a22-a47d-8c48425ef4a7,https://www.inaturalist.org/observations/31155888,HUMAN_OBSERVATION,MY,Sabah,,116.782857,5.945346,,,"[""COORDINATE_ROUNDED"", ""CONTINENT_DERIVED_FROM_COORDINATES"", ""TAXON_ID_NOT_FOUND""]",2009-12-15T08:00
896842849,"Scytodes fusca Walckenaer, 1837",Scytodes fusca,5169044,5169044,eb521f93-d62d-4332-a5f0-989ed94d9cc4,,PRESERVED_SPECIMEN,BR,Pará,Bairro do Marco,-48.483333,-1.45,,,"[""COORDINATE_ROUNDED"", ""GEODETIC_DATUM_ASSUMED_WGS84"", ""INSTITUTION_MATCH_FUZZY"", ""INSTITUTION_COLLECTION_MISMATCH""]",2008-01-28
1100081681,"Scytodes fusca Walckenaer, 1837",Scytodes fusca,5169044,5169044,dce8feb0-6c89-11de-8225-b8a03c50a862,94eb33d0-29a1-41de-8dc6-6c89a6f0f64e,PRESERVED_SPECIMEN,AU,Queensland,,151.30028,-24.069723,100.0,,"[""CONTINENT_DERIVED_FROM_COORDINATES"", ""TAXON_CONCEPT_ID_NOT_FOUND"", ""INSTITUTION_MATCH_FUZZY"", ""COLLECTION_MATCH_FUZZY""]",2008-02-23
896842873,"Scytodes fusca Walckenaer, 1837",Scytodes fusca,5169044,5169044,eb521f93-d62d-4332-a5f0-989ed94d9cc4,,PRESERVED_SPECIMEN,BR,Pará,Bairro do Marco,-48.483333,-1.45,,,"[""COORDINATE_ROUNDED"", ""GEODETIC_DATUM_ASSUMED_WGS84"", ""INSTITUTION_MATCH_FUZZY"", ""INSTITUTION_COLLECTION_MISMATCH""]",2008-03-10
896842898,"Scytodes fusca Walckenaer, 1837",Scytodes fusca,5169044,5169044,eb521f93-d62d-4332-a5f0-989ed94d9cc4,,PRESERVED_SPECIMEN,BR,Pará,Bairro do Marco,-48.483333,-1.45,,,"[""COORDINATE_ROUNDED"", ""GEODETIC_DATUM_ASSUMED_WGS84"", ""INSTITUTION_MATCH_FUZZY"", ""INSTITUTION_COLLECTION_MISMATCH""]",2008-03-11
4916440195,BOLD:AAG5665,Scytodes fusca,10546508,10546508,040c5662-da76-4782-a48e-cdea1892d14c,SPCUB246-13,MATERIAL_SAMPLE,CU,Camaguey,Cubitas,-77.78822,21.59166,,,"[""GEODETIC_DATUM_ASSUMED_WGS84"", ""CONTINENT_DERIVED_FROM_COORDINATES"", ""TAXON_CONCEPT_ID_NOT_FOUND"", ""TAXON_ID_NOT_FOUND"", ""COLLECTION_MATCH_NONE"", ""INSTITUTION_MATCH_FUZZY""]",2008-04-12
6510455446,"Scytodes fusca Walckenaer, 1837",Scytodes fusca,5169044,5169044,ffe38a37-d659-4b1a-a935-5a5264e3cc0a,245469,HUMAN_OBSERVATION,BR,Rio Grande do Norte,,-35.213611,-5.825833,,,"[""CONTINENT_DERIVED_FROM_COORDINATES"", ""SCIENTIFIC_NAME_ID_NOT_FOUND"", ""TAXON_ID_NOT_FOUND"", ""OCCURRENCE_STATUS_INFERRED_FROM_INDIVIDUAL_COUNT""]",2008-09-20T00:00
1845383523,"Scytodes fusca Walckenaer, 1837",Scytodes fusca,5169044,5169044,14f3151a-e95d-493c-a40d-d9938ef62954,urn:catalog:CAS:ENT:9069606,PRESERVED_SPECIMEN,TC,North Caicos,Wade's Green Plantation,-72.018747,21.920313,,,"[""GEODETIC_DATUM_ASSUMED_WGS84"", ""CONTINENT_DERIVED_FROM_COORDINATES"", ""OCCURRENCE_STATUS_INFERRED_FROM_INDIVIDUAL_COUNT""]",2007-02-03
2251531419,BOLD:AAG5665,Scytodes fusca,10546508,10546508,040c5662-da76-4782-a48e-cdea1892d14c,SYC5372-14,MATERIAL_SAMPLE,PF,,Uturoa Eric Pelle S Housse,-151.424,-16.818,,,"[""GEODETIC_DATUM_ASSUMED_WGS84"", ""CONTINENT_DERIVED_FROM_COORDINATES"", ""TAXON_CONCEPT_ID_NOT_FOUND"", ""TAXON_ID_NOT_FOUND"", ""COLLECTION_MATCH_NONE"", ""INSTITUTION_MATCH_FUZZY""]",2007-06-27
1291613585,"Scytodes fusca Walckenaer, 1837",Scytodes fusca,5169044,5169044,823c374e-b830-4ff2-9e97-0e86c39a3d8a,urn:catalog:ARC-PPRI:NCA:AcAT 2008/1558,PRESERVED_SPECIMEN,ZA,Western Cape,"Beaufort West, farm Alexanderskraal",23.71,-32.58,,,"[""GEODETIC_DATUM_ASSUMED_WGS84"", ""CONTINENT_DERIVED_FROM_COORDINATES"", ""INSTITUTION_MATCH_NONE""]",2007-12-12
1291613600,"Scytodes fusca Walckenaer, 1837",Scytodes fusca,5169044,5169044,823c374e-b830-4ff2-9e97-0e86c39a3d8a,urn:catalog:ARC-PPRI:NCA:AcAT 2008/1557,PRESERVED_SPECIMEN,ZA,Western Cape,"Beaufort West, farm 151b",96.37,-83.02,,,"[""GEODETIC_DATUM_ASSUMED_WGS84"", ""COUNTRY_COORDINATE_MISMATCH"", ""CONTINENT_DERIVED_FROM_COORDINATES"", ""INSTITUTION_MATCH_NONE""]",2007-12-12
4169001651,"Scytodes fusca Walckenaer, 1837",Scytodes fusca,5169044,5169044,03b8dac0-be98-4f71-9440-76c406cbf2c1,dc96b9602fc75955b7ac3c9eb0653afb,PRESERVED_SPECIMEN,MX,Guerrero,"Grutas de Juxtlahuaca, 5 km al NO de Colotlipa",-99.16,17.439,90.0,,"[""SCIENTIFIC_NAME_ID_NOT_FOUND"", ""TAXON_ID_NOT_FOUND"", ""OCCURRENCE_STATUS_INFERRED_FROM_INDIVIDUAL_COUNT""]",2006-01-17
4169167439,"Scytodes fusca Walckenaer, 1837",Scytodes fusca,5169044,5169044,03b8dac0-be98-4f71-9440-76c406cbf2c1,dd18b4591c19cb98569d890aef1eeebc,PRESERVED_SPECIMEN,MX,Guerrero,"Grutas de Juxtlahuaca, 5 km al NO de Colotlipa",-99.16,17.439,90.0,,"[""SCIENTIFIC_NAME_ID_NOT_FOUND"", ""TAXON_ID_NOT_FOUND"", ""OCCURRENCE_STATUS_INFERRED_FROM_INDIVIDUAL_COUNT""]",2006-01-17
1845383516,"Scytodes fusca Walckenaer, 1837",Scytodes fusca,5169044,5169044,14f3151a-e95d-493c-a40d-d9938ef62954,urn:catalog:CAS:ENT:9069582,PRESERVED_SPECIMEN,TC,Providenciales,The Bight,-72.218444,21.7835,,,"[""GEODETIC_DATUM_ASSUMED_WGS84"", ""CONTINENT_DERIVED_FROM_COORDINATES"", ""TAXON_MATCH_FUZZY"", ""OCCURRENCE_STATUS_INFERRED_FROM_INDIVIDUAL_COUNT""]",2006-05-22
896832885,"Scytodes fusca Walckenaer, 1837",Scytodes fusca,5169044,5169044,eb521f93-d62d-4332-a5f0-989ed94d9cc4,,PRESERVED_SPECIMEN,BR,Piauí,Bairro Morada do Sol,-42.76695,-5.0656,,,"[""GEODETIC_DATUM_ASSUMED_WGS84"", ""INSTITUTION_MATCH_FUZZY"", ""INSTITUTION_COLLECTION_MISMATCH""]",2006-06-27
896832908,"Scytodes fusca Walckenaer, 1837",Scytodes fusca,5169044,5169044,eb521f93-d62d-4332-a5f0-989ed94d9cc4,,PRESERVED_SPECIMEN,BR,Piauí,Bairro Morada do Sol,-42.76695,-5.0656,,,"[""GEODETIC_DATUM_ASSUMED_WGS84"", ""INSTITUTION_MATCH_FUZZY"", ""INSTITUTION_COLLECTION_MISMATCH""]",2006-06-27
4169185387,"Scytodes fusca Walckenaer, 1837",Scytodes fusca,5169044,5169044,03b8dac0-be98-4f71-9440-76c406cbf2c1,fb1cf11892d9943dc0b1c3d8b860f150,PRESERVED_SPECIMEN,MX,Guerrero,"Grutas de Juxtlahuaca, 5 km al NO de Colotlipa",-99.16,17.439,90.0,,"[""RECORDED_DATE_INVALID"", ""SCIENTIFIC_NAME_ID_NOT_FOUND"", ""TAXON_ID_NOT_FOUND"", ""OCCURRENCE_STATUS_INFERRED_FROM_INDIVIDUAL_COUNT""]",2005-05-11
4169115417,"Scytodes fusca Walckenaer, 1837",Scytodes fusca,5169044,5169044,03b8dac0-be98-4f71-9440-76c406cbf2c1,15a382072cfcd3d6919a587a32937f73,PRESERVED_SPECIMEN,MX,Guerrero,"Grutas de Juxtlahuaca, 5 km al NO de Colotlipa",-99.16,17.439,90.0,,"[""SCIENTIFIC_NAME_ID_NOT_FOUND"", ""TAXON_ID_NOT_FOUND"", ""OCCURRENCE_STATUS_INFERRED_FROM_INDIVIDUAL_COUNT""]",2005-07-19
4169182212,"Scytodes fusca Walckenaer, 1837",Scytodes fusca,5169044,5169044,03b8dac0-be98-4f71-9440-76c406cbf2c1,88b77003becd82677c48119dd2a202a2,PRESERVED_SPECIMEN,MX,Guerrero,"Grutas de Juxtlahuaca, 5 km al NO de Colotlipa",-99.16,17.439,90.0,,"[""SCIENTIFIC_NAME_ID_NOT_FOUND"", ""TAXON_ID_NOT_FOUND"", ""OCCURRENCE_STATUS_INFERRED_FROM_INDIVIDUAL_COUNT""]",2005-07-19
896832841,"Scytodes fusca Walckenaer, 1837",Scytodes fusca,5169044,5169044,eb521f93-d62d-4332-a5f0-989ed94d9cc4,,PRESERVED_SPECIMEN,BR,Piauí,Parque Nacional de Sete Cidades,-41.72025,-4.098944,,,"[""COORDINATE_ROUNDED"", ""GEODETIC_DATUM_ASSUMED_WGS84"", ""INSTITUTION_MATCH_FUZZY"", ""INSTITUTION_COLLECTION_MISMATCH""]",2004-05-15
1933470123,"Scytodes fusca Walckenaer, 1837",Scytodes fusca,5169044,5169044,85378a64-2fbc-4a48-a6b4-9f421ad48f8a,d8bc2587-b499-4983-b20b-546d2f1cd14f,PRESERVED_SPECIMEN,US,New Mexico,"Las Cruces, Foxboro, CT",-106.77778,32.31222,18616.0,,"[""TAXON_ID_NOT_FOUND"", ""AMBIGUOUS_INSTITUTION""]",2004-08-16
896832821,"Scytodes fusca Walckenaer, 1837",Scytodes fusca,5169044,5169044,eb521f93-d62d-4332-a5f0-989ed94d9cc4,,PRESERVED_SPECIMEN,BR,Piauí,Fazenda Nazareth,-42.630222,-4.799472,,,"[""COORDINATE_ROUNDED"", ""GEODETIC_DATUM_ASSUMED_WGS84"", ""INSTITUTION_MATCH_FUZZY"", ""INSTITUTION_COLLECTION_MISMATCH""]",2004-10-18
1890147457,"Scytodes fusca Walckenaer, 1837",Scytodes fusca,5169044,5169044,eb521f93-d62d-4332-a5f0-989ed94d9cc4,,PRESERVED_SPECIMEN,BR,Pará,"Estação Científica Ferreira Penna, FLONA Caxiuanã",-51.445,-1.737639,,,"[""COORDINATE_ROUNDED"", ""GEODETIC_DATUM_ASSUMED_WGS84"", ""INSTITUTION_MATCH_FUZZY"", ""INSTITUTION_COLLECTION_MISMATCH""]",2002-01-01
1291615941,"Scytodes fusca Walckenaer, 1837",Scytodes fusca,5169044,5169044,823c374e-b830-4ff2-9e97-0e86c39a3d8a,urn:catalog:ARC-PPRI:NCA:AcAT 2004/107,PRESERVED_SPECIMEN,ZA,Gauteng,Pretoria/ Tswane,28.19,-25.74,,,"[""GEODETIC_DATUM_ASSUMED_WGS84"", ""CONTINENT_DERIVED_FROM_COORDINATES"", ""INSTITUTION_MATCH_NONE""]",2002-10-13
6188157478,"Scytodes fusca Walckenaer, 1837",Scytodes fusca,5169044,5169044,50c9509d-22c7-4a22-a47d-8c48425ef4a7,https://www.inaturalist.org/observations/346610107,HUMAN_OBSERVATION,US,Florida,,-80.241411,27.25961,122.0,,"[""COORDINATE_ROUNDED"", ""CONTINENT_DERIVED_FROM_COORDINATES"", ""TAXON_ID_NOT_FOUND""]",2001-04-19
896825672,"Scytodes fusca Walckenaer, 1837",Scytodes fusca,5169044,5169044,eb521f93-d62d-4332-a5f0-989ed94d9cc4,,PRESERVED_SPECIMEN,BR,Pará,Serra das Andorinhas,-48.535833,-6.076667,,,"[""COORDINATE_ROUNDED"", ""GEODETIC_DATUM_ASSUMED_WGS84"", ""INSTITUTION_MATCH_FUZZY"", ""INSTITUTION_COLLECTION_MISMATCH""]",2001-12-04
1803655250,"Scytodes fusca Walckenaer, 1837",Scytodes fusca,5169044,5169044,d762b508-7a70-441b-94ad-48fd77593275,67e479cb-0691-4f0b-9c97-9a7bb6e55c6d,PRESERVED_SPECIMEN,US,Florida,"3415 Overlook Dr NE, St Petersburg",-82.606389,27.804167,,,"[""TAXON_ID_NOT_FOUND"", ""OCCURRENCE_STATUS_INFERRED_FROM_INDIVIDUAL_COUNT"", ""INSTITUTION_MATCH_FUZZY""]",2000-06-05
1803655302,"Scytodes fusca Walckenaer, 1837",Scytodes fusca,5169044,5169044,d762b508-7a70-441b-94ad-48fd77593275,d64be511-9ea0-4813-8774-9f812f3132da,PRESERVED_SPECIMEN,US,Florida,3415 Overlook Dr NE,-82.606389,27.804167,,,"[""TAXON_ID_NOT_FOUND"", ""OCCURRENCE_STATUS_INFERRED_FROM_INDIVIDUAL_COUNT"", ""INSTITUTION_MATCH_FUZZY""]",2000-06-05
3967766552,"Scytodes fusca Walckenaer, 1837",Scytodes fusca,5169044,5169044,c1c5ef4b-8309-4f04-9247-3f7644260c85,82020054,OCCURRENCE,BR,Sp,,-47.8385115,-24.8962785,,,"[""COORDINATE_REPROJECTED"", ""TAXON_ID_NOT_FOUND""]",2000-01-01/2000-12-01
3967769488,"Scytodes fusca Walckenaer, 1837",Scytodes fusca,5169044,5169044,c1c5ef4b-8309-4f04-9247-3f7644260c85,82070074,OCCURRENCE,BR,Sp,,-47.8260048,-22.7790736,,,"[""COORDINATE_REPROJECTED"", ""TAXON_ID_NOT_FOUND""]",2000-01-01/2000-12-01
3967772526,"Scytodes fusca Walckenaer, 1837",Scytodes fusca,5169044,5169044,c1c5ef4b-8309-4f04-9247-3f7644260c85,82070047,OCCURRENCE,BR,Sp,,-47.8260048,-22.7790736,,,"[""COORDINATE_REPROJECTED"", ""TAXON_ID_NOT_FOUND""]",2000-01-01/2000-12-01
2446244539,"Scytodes fusca Walckenaer, 1837",Scytodes fusca,5169044,5169044,dce8feb0-6c89-11de-8225-b8a03c50a862,a76b020f-8c52-4fec-8fe1-aa9a3330ea47,PRESERVED_SPECIMEN,CX,Christmas Island,,105.666664,-10.5,10000.0,,"[""COUNTRY_DERIVED_FROM_COORDINATES"", ""CONTINENT_DERIVED_FROM_COORDINATES"", ""TAXON_CONCEPT_ID_NOT_FOUND"", ""INSTITUTION_MATCH_FUZZY"", ""COLLECTION_MATCH_FUZZY""]",1999-11-26
4169156268,"Scytodes fusca Walckenaer, 1837",Scytodes fusca,5169044,5169044,03b8dac0-be98-4f71-9440-76c406cbf2c1,268961f9bcdf49ddd826c90c1310280f,PRESERVED_SPECIMEN,MX,Oaxaca,San Pedrito Chicozapote 4 km SSE de Cuicatlán,-96.945,17.772,90.0,,"[""SCIENTIFIC_NAME_ID_NOT_FOUND"", ""TAXON_ID_NOT_FOUND"", ""OCCURRENCE_STATUS_INFERRED_FROM_INDIVIDUAL_COUNT""]",1998-04-22
4169181389,"Scytodes fusca Walckenaer, 1837",Scytodes fusca,5169044,5169044,03b8dac0-be98-4f71-9440-76c406cbf2c1,f84fbc313b0a7c9b9c77fa3cc2e69c05,PRESERVED_SPECIMEN,MX,Oaxaca,San Juan Bautista Cuicatlán,-96.912,17.648,90.0,,"[""SCIENTIFIC_NAME_ID_NOT_FOUND"", ""TAXON_ID_NOT_FOUND"", ""OCCURRENCE_STATUS_INFERRED_FROM_INDIVIDUAL_COUNT""]",1998-05-24
4169198272,"Scytodes fusca Walckenaer, 1837",Scytodes fusca,5169044,5169044,03b8dac0-be98-4f71-9440-76c406cbf2c1,15ca12e3121254d2554844a326c9b95f,PRESERVED_SPECIMEN,MX,Oaxaca,DOMINGUILLO,-96.912,17.648,90.0,,"[""SCIENTIFIC_NAME_ID_NOT_FOUND"", ""TAXON_ID_NOT_FOUND"", ""OCCURRENCE_STATUS_INFERRED_FROM_INDIVIDUAL_COUNT""]",1998-05-24
477944107,"Scytodes fusca Walckenaer, 1837",Scytodes fusca,5169044,5169044,4bfac3ea-8763-4f4b-a71a-76a6f5f243d3,MCZ:IZ:27351,PRESERVED_SPECIMEN,NI,Granada,"Volcan Mombacho, San Joaquin #3, organic coffee plantation, 700-800m.",-85.97831,11.83446,301.0,,"[""INSTITUTION_MATCH_FUZZY"", ""COLLECTION_MATCH_FUZZY""]",1998-06-15
4169191668,"Scytodes fusca Walckenaer, 1837",Scytodes fusca,5169044,5169044,03b8dac0-be98-4f71-9440-76c406cbf2c1,f2a2314bdd7c2d6fa4dce25f6ae1d481,PRESERVED_SPECIMEN,MX,Campeche,1 km al W del km 19 de la Carr. a las Ruinas de Calakmul,-89.88972,18.36417,90.0,,"[""SCIENTIFIC_NAME_ID_NOT_FOUND"", ""TAXON_ID_NOT_FOUND"", ""OCCURRENCE_STATUS_INFERRED_FROM_INDIVIDUAL_COUNT""]",1998-07-23
4168987959,"Scytodes fusca Walckenaer, 1837",Scytodes fusca,5169044,5169044,03b8dac0-be98-4f71-9440-76c406cbf2c1,78a3a28a7dd241e0df0dd69035f62940,PRESERVED_SPECIMEN,MX,Oaxaca,San Pedro. Chicozapote 4 km SSE de Cuicatlán,-96.945,17.772,90.0,,"[""SCIENTIFIC_NAME_ID_NOT_FOUND"", ""TAXON_ID_NOT_FOUND"", ""OCCURRENCE_STATUS_INFERRED_FROM_INDIVIDUAL_COUNT""]",1998-08-21
477944018,"Scytodes fusca Walckenaer, 1837",Scytodes fusca,5169044,5169044,4bfac3ea-8763-4f4b-a71a-76a6f5f243d3,MCZ:IZ:27346,PRESERVED_SPECIMEN,NI,Granada,Volcan Mombacho,-85.97831,11.83446,301.0,,"[""INSTITUTION_MATCH_FUZZY"", ""COLLECTION_MATCH_FUZZY""]",1998-09-30
4169214077,"Scytodes fusca Walckenaer, 1837",Scytodes fusca,5169044,5169044,03b8dac0-be98-4f71-9440-76c406cbf2c1,7106e4853d762a6ea96b1fd0d69b6465,PRESERVED_SPECIMEN,MX,Oaxaca,San Juan Bautista Cuicatlán,-96.912,17.648,90.0,,"[""SCIENTIFIC_NAME_ID_NOT_FOUND"", ""TAXON_ID_NOT_FOUND"", ""OCCURRENCE_STATUS_INFERRED_FROM_INDIVIDUAL_COUNT""]",1998-09-22
4169225561,"Scytodes fusca Walckenaer, 1837",Scytodes fusca,5169044,5169044,03b8dac0-be98-4f71-9440-76c406cbf2c1,f84b7677b7506e768425ce3d4f7c4710,PRESERVED_SPECIMEN,MX,Oaxaca,San Juan Bautista Cuicatlán,-96.945,17.772,90.0,,"[""SCIENTIFIC_NAME_ID_NOT_FOUND"", ""TAXON_ID_NOT_FOUND"", ""OCCURRENCE_STATUS_INFERRED_FROM_INDIVIDUAL_COUNT""]",1998-09-22
4169002143,"Scytodes fusca Walckenaer, 1837",Scytodes fusca,5169044,5169044,03b8dac0-be98-4f71-9440-76c406cbf2c1,659130a0e3b61073e7290cbff4706594,PRESERVED_SPECIMEN,MX,Oaxaca,DOMINGUILLO,-96.912,17.648,90.0,,"[""SCIENTIFIC_NAME_ID_NOT_FOUND"", ""TAXON_ID_NOT_FOUND"", ""OCCURRENCE_STATUS_INFERRED_FROM_INDIVIDUAL_COUNT""]",1998-10-16
4169177541,"Scytodes fusca Walckenaer, 1837",Scytodes fusca,5169044,5169044,03b8dac0-be98-4f71-9440-76c406cbf2c1,4f49ddd959e0f976fc118fec089d9ece,PRESERVED_SPECIMEN,MX,Jalisco,Amacuahuitlan 6.5 km SO. de Tonaya,-104.031,19.807,90.0,,"[""RECORDED_DATE_INVALID"", ""SCIENTIFIC_NAME_ID_NOT_FOUND"", ""TAXON_ID_NOT_FOUND"", ""OCCURRENCE_STATUS_INFERRED_FROM_INDIVIDUAL_COUNT""]",1997-03-05
2446279221,"Scytodes fusca Walckenaer, 1837",Scytodes fusca,5169044,5169044,dce8feb0-6c89-11de-8225-b8a03c50a862,e306428a-e9cf-4f60-957f-7359f2da0f00,PRESERVED_SPECIMEN,AU,Queensland,,145.65,-16.716667,10000.0,,"[""CONTINENT_DERIVED_FROM_COORDINATES"", ""TAXON_CONCEPT_ID_NOT_FOUND"", ""INSTITUTION_MATCH_FUZZY"", ""COLLECTION_MATCH_FUZZY""]",1997-06-01
1253976837,"Scytodes fusca Walckenaer, 1837",Scytodes fusca,5169044,5169044,d2123780-15e2-4723-b63c-9f9a53643837,urn:catalog:INB:Atta:2806166,PRESERVED_SPECIMEN,CR,Limón,"Puesto Agua Fria y Entrada a Senderos, orilla del Rio Agua Fria",-83.580868,10.434182,,,"[""COORDINATE_ROUNDED"", ""CONTINENT_INVALID"", ""CONTINENT_DERIVED_FROM_COORDINATES"", ""TAXON_ID_NOT_FOUND"", ""IDENTIFIED_DATE_INVALID"", ""INSTITUTION_MATCH_FUZZY"", ""INSTITUTION_COLLECTION_MISMATCH""]",1997-10-02/1997-10-04
4169188025,"Scytodes fusca Walckenaer, 1837",Scytodes fusca,5169044,5169044,03b8dac0-be98-4f71-9440-76c406cbf2c1,75a0229175fc936aafd216170c96c6e7,PRESERVED_SPECIMEN,MX,Jalisco,San Buenaventura,-104.05544,19.7936,514.02,,"[""RECORDED_DATE_INVALID"", ""SCIENTIFIC_NAME_ID_NOT_FOUND"", ""TAXON_ID_NOT_FOUND"", ""OCCURRENCE_STATUS_INFERRED_FROM_INDIVIDUAL_COUNT""]",1997-10-03
4499668182,"Scytodes fusca Walckenaer, 1837",Scytodes fusca,5169044,5169044,157316bd-eec2-48d5-bb46-4d44210ccd11,d1a1e48c-2996-4da3-bffc-a105c3fbcb3d,PRESERVED_SPECIMEN,US,Ohio,Winton Woods Middle School,-84.5,39.2,,,"[""GEODETIC_DATUM_ASSUMED_WGS84"", ""TAXON_ID_NOT_FOUND"", ""OCCURRENCE_STATUS_INFERRED_FROM_INDIVIDUAL_COUNT"", ""COLLECTION_MATCH_NONE"", ""INSTITUTION_MATCH_FUZZY""]",1997-10-13
477947024,"Scytodes fusca Walckenaer, 1837",Scytodes fusca,5169044,5169044,4bfac3ea-8763-4f4b-a71a-76a6f5f243d3,MCZ:IZ:27343,PRESERVED_SPECIMEN,NI,,Ometepe,-85.57092,11.50997,16328.0,,"[""INSTITUTION_MATCH_FUZZY"", ""COLLECTION_MATCH_FUZZY""]",1995-07-22
1253976592,"Scytodes fusca Walckenaer, 1837",Scytodes fusca,5169044,5169044,d2123780-15e2-4723-b63c-9f9a53643837,urn:catalog:INB:Atta:2805683,PRESERVED_SPECIMEN,CR,Heredia,"San Joaquín de Flores, 200 m al N de la Iglesia",-84.153652,10.006214,,,"[""COORDINATE_ROUNDED"", ""CONTINENT_INVALID"", ""CONTINENT_DERIVED_FROM_COORDINATES"", ""TAXON_ID_NOT_FOUND"", ""IDENTIFIED_DATE_INVALID"", ""INSTITUTION_MATCH_FUZZY"", ""INSTITUTION_COLLECTION_MISMATCH""]",1995-07-15
1897538792,"Scytodes fusca Walckenaer, 1837",Scytodes fusca,5169044,5169044,c8a26d4e-b5a5-4dd9-9fff-7cd31779be93,6c203fe0d510ac304bc22fdb4d239ae7,PRESERVED_SPECIMEN,MX,Chiapas,Finca Irlanda,-92.33615,15.17318,,,"[""COORDINATE_ROUNDED"", ""RECORDED_DATE_INVALID"", ""SCIENTIFIC_NAME_ID_NOT_FOUND"", ""TAXON_ID_NOT_FOUND"", ""OCCURRENCE_STATUS_INFERRED_FROM_INDIVIDUAL_COUNT""]",1994-07-12
1897538849,"Scytodes fusca Walckenaer, 1837",Scytodes fusca,5169044,5169044,c8a26d4e-b5a5-4dd9-9fff-7cd31779be93,c620379bcfa3057f09e1a857305f5162,PRESERVED_SPECIMEN,MX,Chiapas,Finca Irlanda,-92.33615,15.17318,,,"[""COORDINATE_ROUNDED"", ""RECORDED_DATE_INVALID"", ""SCIENTIFIC_NAME_ID_NOT_FOUND"", ""TAXON_ID_NOT_FOUND"", ""OCCURRENCE_STATUS_INFERRED_FROM_INDIVIDUAL_COUNT""]",1994-07-12
1253976610,"Scytodes fusca Walckenaer, 1837",Scytodes fusca,5169044,5169044,d2123780-15e2-4723-b63c-9f9a53643837,urn:catalog:INB:Atta:2805722,PRESERVED_SPECIMEN,CR,Guanacaste,"A.C.G, Liberia, Pque Nal Sta Rosa, Estación Santa Rosa",-85.615491,10.83641,,,"[""COORDINATE_ROUNDED"", ""CONTINENT_INVALID"", ""CONTINENT_DERIVED_FROM_COORDINATES"", ""TAXON_ID_NOT_FOUND"", ""IDENTIFIED_DATE_INVALID"", ""INSTITUTION_MATCH_FUZZY"", ""INSTITUTION_COLLECTION_MISMATCH""]",1991-01-01/1991-01-31
1253976725,"Scytodes fusca Walckenaer, 1837",Scytodes fusca,5169044,5169044,d2123780-15e2-4723-b63c-9f9a53643837,urn:catalog:INB:Atta:2806065,PRESERVED_SPECIMEN,CR,Guanacaste,"Estación Pitilla, 9 Km S Santa Cecilia.",-85.429477,10.992609,,,"[""COORDINATE_ROUNDED"", ""CONTINENT_INVALID"", ""CONTINENT_DERIVED_FROM_COORDINATES"", ""TAXON_ID_NOT_FOUND"", ""IDENTIFIED_DATE_INVALID"", ""INSTITUTION_MATCH_FUZZY"", ""INSTITUTION_COLLECTION_MISMATCH""]",1991-11-01/1991-11-30
1291621959,"Scytodes fusca Walckenaer, 1837",Scytodes fusca,5169044,5169044,823c374e-b830-4ff2-9e97-0e86c39a3d8a,urn:catalog:ARC-PPRI:NCA:AcAT 89/730,PRESERVED_SPECIMEN,ZA,Western Cape,Karoo National Park,22.46,-32.28,,,"[""GEODETIC_DATUM_ASSUMED_WGS84"", ""CONTINENT_DERIVED_FROM_COORDINATES"", ""INSTITUTION_MATCH_NONE""]",1989-04-05
1123012923,"Scytodes fusca Walckenaer, 1837",Scytodes fusca,5169044,5169044,8277b324-f762-11e1-a439-00145eb45e9a,,PRESERVED_SPECIMEN,BR,,Brazil | Amazonas | Manaus | Tarumã Mirím,-60.172565,-3.014729,,,"[""COORDINATE_ROUNDED"", ""CONTINENT_DERIVED_FROM_COORDINATES"", ""COLLECTION_MATCH_NONE"", ""INSTITUTION_MATCH_FUZZY""]",1987-10-05
1123013314,"Scytodes fusca Walckenaer, 1837",Scytodes fusca,5169044,5169044,8277b324-f762-11e1-a439-00145eb45e9a,,PRESERVED_SPECIMEN,BR,,Brazil | Amazonas | Manaus | Tarumã Mirím,-60.172565,-3.014729,,,"[""COORDINATE_ROUNDED"", ""CONTINENT_DERIVED_FROM_COORDINATES"", ""COLLECTION_MATCH_NONE"", ""INSTITUTION_MATCH_FUZZY""]",1987-10-08
1123013320,"Scytodes fusca Walckenaer, 1837",Scytodes fusca,5169044,5169044,8277b324-f762-11e1-a439-00145eb45e9a,,PRESERVED_SPECIMEN,BR,,Brazil | Amazonas | Manaus | Tarumã Mirím,-60.172565,-3.014729,,,"[""COORDINATE_ROUNDED"", ""CONTINENT_DERIVED_FROM_COORDINATES"", ""COLLECTION_MATCH_NONE"", ""INSTITUTION_MATCH_FUZZY""]",1987-11-06
2980393939,"Scytodes fusca Walckenaer, 1837",Scytodes fusca,5169044,5169044,7a681cd5-9781-489f-a43b-dfd117967550,http://id.smns-bw.org/smns/collection/590045/1074773/624534,PRESERVED_SPECIMEN,DO,,"Südküste, 5mk W La Romana",-69.02478,18.416004,,,"[""COORDINATE_ROUNDED"", ""CONTINENT_DERIVED_FROM_COORDINATES"", ""REFERENCES_URI_INVALID"", ""COLLECTION_MATCH_NONE"", ""INSTITUTION_MATCH_FUZZY""]",1983-02-06
477906706,"Scytodes fusca Walckenaer, 1837",Scytodes fusca,5169044,5169044,4bfac3ea-8763-4f4b-a71a-76a6f5f243d3,MCZ:IZ:53263,PRESERVED_SPECIMEN,BR,Rio de Janeiro,"Rio de Janeiro, Jardim Botanico",-43.22331,-22.9621,3036.0,,"[""INSTITUTION_MATCH_FUZZY"", ""COLLECTION_MATCH_FUZZY""]",1983-03-26
477983324,"Scytodes fusca Walckenaer, 1837",Scytodes fusca,5169044,5169044,4bfac3ea-8763-4f4b-a71a-76a6f5f243d3,MCZ:IZ:53960,PRESERVED_SPECIMEN,BR,Rio de Janeiro,"Rio de Janeiro, Jardim Botanico",-43.22331,-22.9621,3036.0,,"[""INSTITUTION_MATCH_FUZZY"", ""COLLECTION_MATCH_FUZZY""]",1983-03-29
1933474190,"Scytodes fusca Walckenaer, 1837",Scytodes fusca,5169044,5169044,85378a64-2fbc-4a48-a6b4-9f421ad48f8a,f685a518-d237-4600-b729-85ee111757ca,PRESERVED_SPECIMEN,US,Florida,Archbold Biological Station,-81.33778,27.18833,3036.0,,"[""TAXON_ID_NOT_FOUND"", ""IDENTIFIED_DATE_UNLIKELY"", ""AMBIGUOUS_INSTITUTION""]",1982-09-04
477983951,"Scytodes fusca Walckenaer, 1837",Scytodes fusca,5169044,5169044,4bfac3ea-8763-4f4b-a71a-76a6f5f243d3,MCZ:IZ:55728,PRESERVED_SPECIMEN,CR,Guanacaste,near Cañas,-85.09311,10.4294,3036.0,,"[""INSTITUTION_MATCH_FUZZY"", ""COLLECTION_MATCH_FUZZY""]",1981-11-01/1981-11-30
477979812,"Scytodes fusca Walckenaer, 1837",Scytodes fusca,5169044,5169044,4bfac3ea-8763-4f4b-a71a-76a6f5f243d3,MCZ:IZ:53279,PRESERVED_SPECIMEN,BR,Sao Paulo,Jaboticabal,-48.32046,-21.25555,3036.0,,"[""RECORDED_DATE_MISMATCH"", ""INSTITUTION_MATCH_FUZZY"", ""COLLECTION_MATCH_FUZZY""]",1979
477980871,"Scytodes fusca Walckenaer, 1837",Scytodes fusca,5169044,5169044,4bfac3ea-8763-4f4b-a71a-76a6f5f243d3,MCZ:IZ:53278,PRESERVED_SPECIMEN,BR,Sao Paulo,Jaboticabal,-48.32046,-21.25555,3036.0,,"[""RECORDED_DATE_MISMATCH"", ""INSTITUTION_MATCH_FUZZY"", ""COLLECTION_MATCH_FUZZY""]",1979
1100125377,"Scytodes fusca Walckenaer, 1837",Scytodes fusca,5169044,5169044,dce8feb0-6c89-11de-8225-b8a03c50a862,cc04fc04-c5ad-4d1a-880c-369c1486881c,PRESERVED_SPECIMEN,PG,Eastern Sepik Province,,143.55,-3.333333,,,"[""CONTINENT_DERIVED_FROM_COORDINATES"", ""TAXON_CONCEPT_ID_NOT_FOUND"", ""INSTITUTION_MATCH_FUZZY"", ""COLLECTION_MATCH_FUZZY""]",1976-12-12
1100125856,"Scytodes fusca Walckenaer, 1837",Scytodes fusca,5169044,5169044,dce8feb0-6c89-11de-8225-b8a03c50a862,a1054ffc-7282-4f6f-92ca-e320551c0ac1,PRESERVED_SPECIMEN,PG,Eastern Sepik Province,,143.55,-3.333333,,,"[""CONTINENT_DERIVED_FROM_COORDINATES"", ""TAXON_CONCEPT_ID_NOT_FOUND"", ""INSTITUTION_MATCH_FUZZY"", ""COLLECTION_MATCH_FUZZY""]",1976-12-09
1803652697,"Scytodes fusca Walckenaer, 1837",Scytodes fusca,5169044,5169044,d762b508-7a70-441b-94ad-48fd77593275,43f26055-f1fd-47f0-be85-95ad6c4c29c8,PRESERVED_SPECIMEN,MX,Tamaulipas,Gomes Farias,-99.150734,23.039436,20000.0,,"[""TAXON_ID_NOT_FOUND"", ""OCCURRENCE_STATUS_INFERRED_FROM_INDIVIDUAL_COUNT"", ""INSTITUTION_MATCH_FUZZY""]",1975-05-06
1100102818,"Scytodes fusca Walckenaer, 1837",Scytodes fusca,5169044,5169044,dce8feb0-6c89-11de-8225-b8a03c50a862,2037ef6c-04d8-47ad-a066-fa0e1eb84662,PRESERVED_SPECIMEN,AU,Queensland,,151.91667,-23.45,,,"[""CONTINENT_DERIVED_FROM_COORDINATES"", ""TAXON_CONCEPT_ID_NOT_FOUND"", ""INSTITUTION_MATCH_FUZZY"", ""COLLECTION_MATCH_FUZZY""]",1974-04-05
1123013427,"Scytodes fusca Walckenaer, 1837",Scytodes fusca,5169044,5169044,8277b324-f762-11e1-a439-00145eb45e9a,,PRESERVED_SPECIMEN,CO,,Colombia | Cauca | San Juan?,-77.216206,2.533625,,,"[""CONTINENT_DERIVED_FROM_COORDINATES"", ""COLLECTION_MATCH_NONE"", ""INSTITUTION_MATCH_FUZZY""]",1973-11-12
1123013448,"Scytodes fusca Walckenaer, 1837",Scytodes fusca,5169044,5169044,8277b324-f762-11e1-a439-00145eb45e9a,,PRESERVED_SPECIMEN,CO,,Colombia | Cauca | San Juan?,-77.216206,2.533625,,,"[""CONTINENT_DERIVED_FROM_COORDINATES"", ""COLLECTION_MATCH_NONE"", ""INSTITUTION_MATCH_FUZZY""]",1973-11-12
5841951665,"Scytodes fusca Walckenaer, 1837",Scytodes fusca,5169044,5169044,8da1b266-12b0-4606-a6a4-664f09d28376,https://darwinweb.africamuseum.be/object/c466330a-6ac9-4817-8e2d-e2b252646197,PRESERVED_SPECIMEN,SC,,"Mahé Centre, Bon espoir,;;;Island;Mahé;0.300 m, touffes de graminées sur glacis",55.46667,-4.66667,,,"[""GEODETIC_DATUM_ASSUMED_WGS84"", ""CONTINENT_DERIVED_FROM_COORDINATES""]",1972-06-21
5841972699,"Scytodes fusca Walckenaer, 1837",Scytodes fusca,5169044,5169044,8da1b266-12b0-4606-a6a4-664f09d28376,https://darwinweb.africamuseum.be/object/041d5690-42fe-43ba-89cd-6a2caa31205a,PRESERVED_SPECIMEN,SC,,"Mahé Sud, Baie Lazare,;;;Island;Mahé;En bordure de la plage,",55.46667,-4.66667,,,"[""GEODETIC_DATUM_ASSUMED_WGS84"", ""CONTINENT_DERIVED_FROM_COORDINATES""]",1972-06-26
5842043145,"Scytodes fusca Walckenaer, 1837",Scytodes fusca,5169044,5169044,8da1b266-12b0-4606-a6a4-664f09d28376,https://darwinweb.africamuseum.be/object/5136c2a9-ce27-4c22-972d-2ca1fba7c7a7,PRESERVED_SPECIMEN,SC,,"Praslin, Fond Ferdinand;;;Island;Praslin",55.73333,-4.31667,,,"[""GEODETIC_DATUM_ASSUMED_WGS84"", ""CONTINENT_DERIVED_FROM_COORDINATES""]",1972-07-24
5841955439,"Scytodes fusca Walckenaer, 1837",Scytodes fusca,5169044,5169044,8da1b266-12b0-4606-a6a4-664f09d28376,https://darwinweb.africamuseum.be/object/cf9e09a0-d1be-4acc-b630-7fc5698f8645,PRESERVED_SPECIMEN,SC,,"Praslin, Grand Anse,;;;Island;Praslin",55.73333,-4.31667,,,"[""GEODETIC_DATUM_ASSUMED_WGS84"", ""CONTINENT_DERIVED_FROM_COORDINATES""]",1972-08-16/1972-08-24
5842002438,"Scytodes fusca Walckenaer, 1837",Scytodes fusca,5169044,5169044,8da1b266-12b0-4606-a6a4-664f09d28376,https://darwinweb.africamuseum.be/object/54878de5-941e-43f6-ae72-29d23c96961f,PRESERVED_SPECIMEN,SC,,"Praslin, Fond de l'Anse,;;;Island;Praslin",55.73333,-4.31667,,,"[""GEODETIC_DATUM_ASSUMED_WGS84"", ""CONTINENT_DERIVED_FROM_COORDINATES""]",1972-08-16/1972-08-23
5842026745,"Scytodes fusca Walckenaer, 1837",Scytodes fusca,5169044,5169044,8da1b266-12b0-4606-a6a4-664f09d28376,https://darwinweb.africamuseum.be/object/ffe0690c-d564-46f1-84f8-bd5d05d14a34,PRESERVED_SPECIMEN,SC,,"Curieuse Centre,;;;Island;Curieuse;Forêt dégradée,",55.73333,-4.26667,,,"[""GEODETIC_DATUM_ASSUMED_WGS84"", ""CONTINENT_DERIVED_FROM_COORDINATES""]",1972-08-17
5842036308,"Scytodes fusca Walckenaer, 1837",Scytodes fusca,5169044,5169044,8da1b266-12b0-4606-a6a4-664f09d28376,https://darwinweb.africamuseum.be/object/4fae1b16-66a6-47fc-bf98-2ddf26789b71,PRESERVED_SPECIMEN,SC,,"Curieuse, Baie Laraie,;;;Island;Curieuse;dans mangrove,",55.73333,-4.26667,,,"[""GEODETIC_DATUM_ASSUMED_WGS84"", ""CONTINENT_DERIVED_FROM_COORDINATES""]",1972-08-03
1123013304,"Scytodes fusca Walckenaer, 1837",Scytodes fusca,5169044,5169044,8277b324-f762-11e1-a439-00145eb45e9a,,PRESERVED_SPECIMEN,CO,,Colombia | Cauca | San Juan?,-77.216206,2.533625,,,"[""CONTINENT_DERIVED_FROM_COORDINATES"", ""COLLECTION_MATCH_NONE"", ""INSTITUTION_MATCH_FUZZY""]",1972-12-12
1123013310,"Scytodes fusca Walckenaer, 1837",Scytodes fusca,5169044,5169044,8277b324-f762-11e1-a439-00145eb45e9a,,PRESERVED_SPECIMEN,CO,,Colombia | Cauca | San Juan?,-77.216206,2.533625,,,"[""CONTINENT_DERIVED_FROM_COORDINATES"", ""COLLECTION_MATCH_NONE"", ""INSTITUTION_MATCH_FUZZY""]",1972-12-12
477983681,"Scytodes fusca Walckenaer, 1837",Scytodes fusca,5169044,5169044,4bfac3ea-8763-4f4b-a71a-76a6f5f243d3,MCZ:IZ:53270,PRESERVED_SPECIMEN,BR,Rio de Janeiro,Guanabara District; Rio de Janeiro,-42.5,-22.0,301.0,,"[""INSTITUTION_MATCH_FUZZY"", ""COLLECTION_MATCH_FUZZY""]",1971-06-01/1971-06-30
477983682,"Scytodes fusca Walckenaer, 1837",Scytodes fusca,5169044,5169044,4bfac3ea-8763-4f4b-a71a-76a6f5f243d3,MCZ:IZ:53271,PRESERVED_SPECIMEN,BR,Para,Belém,-48.44897,-1.27564,29205.0,,"[""INSTITUTION_MATCH_FUZZY"", ""COLLECTION_MATCH_FUZZY""]",1971-07-01/1971-07-31
2973693645,"Scytodes fusca Walckenaer, 1837",Scytodes fusca,5169044,5169044,dce8feb0-6c89-11de-8225-b8a03c50a862,73e984b3-6479-4c4d-9b04-96a556955f69,PRESERVED_SPECIMEN,AU,Queensland,,145.55,-17.166666,,,"[""CONTINENT_DERIVED_FROM_COORDINATES"", ""TAXON_CONCEPT_ID_NOT_FOUND"", ""INSTITUTION_MATCH_FUZZY"", ""COLLECTION_MATCH_FUZZY""]",1971-10-10
1803641418,"Scytodes fusca Walckenaer, 1837",Scytodes fusca,5169044,5169044,d762b508-7a70-441b-94ad-48fd77593275,afe6347a-9b8e-4d0a-923b-12e09a9b3e75,PRESERVED_SPECIMEN,MX,Tamaulipas,"1km N Gomes Farias [from Vogel Field notes: Gómez Farías Valley Nd, Tamaulipas, Mexico]",-99.148044,23.030427,2000.0,,"[""TAXON_ID_NOT_FOUND"", ""OCCURRENCE_STATUS_INFERRED_FROM_INDIVIDUAL_COUNT"", ""INSTITUTION_MATCH_FUZZY""]",1971-12-26
918797671,"Scytodes fusca Walckenaer, 1837",Scytodes fusca,5169044,5169044,96596036-f762-11e1-a439-00145eb45e9a,https://id.senckenberg.de/object/sesam-850986,PRESERVED_SPECIMEN,MX,,"Guerrero, 7 miles south of  Chilpancingo",-99.465283,17.411667,,,"[""COORDINATE_ROUNDED"", ""GEODETIC_DATUM_ASSUMED_WGS84"", ""CONTINENT_DERIVED_FROM_COORDINATES"", ""COLLECTION_MATCH_NONE"", ""INSTITUTION_MATCH_FUZZY""]",1957-07-29
5842060940,"Scytodes fusca Walckenaer, 1837",Scytodes fusca,5169044,5169044,8da1b266-12b0-4606-a6a4-664f09d28376,https://darwinweb.africamuseum.be/object/bcda26c9-160c-4f35-9558-2b5a8ffe37ac,PRESERVED_SPECIMEN,CD,,"Itombwe, Terr. Uvira, Ht. Kambekulo,;;Congo, D. R.;Kivu-S.;Itombwe",29.0,-3.5,,,"[""GEODETIC_DATUM_ASSUMED_WGS84"", ""CONTINENT_DERIVED_FROM_COORDINATES""]",1955-06
237924383,"Scytodes torquatus Kraus, 1955",Scytodes fusca,7952846,5169044,96596036-f762-11e1-a439-00145eb45e9a,https://id.senckenberg.de/object/sesam-378342,PRESERVED_SPECIMEN,SV,,San Salvador,-89.193883,13.703333,,,"[""COORDINATE_ROUNDED"", ""GEODETIC_DATUM_ASSUMED_WGS84"", ""CONTINENT_DERIVED_FROM_COORDINATES"", ""TAXON_MATCH_FUZZY"", ""COLLECTION_MATCH_NONE"", ""INSTITUTION_MATCH_FUZZY""]",1951-04-19
237924384,"Scytodes torquatus Kraus, 1955",Scytodes fusca,7952846,5169044,96596036-f762-11e1-a439-00145eb45e9a,https://id.senckenberg.de/object/sesam-378343,PRESERVED_SPECIMEN,SV,,San Salvador,-89.20305,13.72,,,"[""GEODETIC_DATUM_ASSUMED_WGS84"", ""CONTINENT_DERIVED_FROM_COORDINATES"", ""TAXON_MATCH_FUZZY"", ""COLLECTION_MATCH_NONE"", ""INSTITUTION_MATCH_FUZZY""]",1951-06-21
1100094036,"Scytodes fusca Walckenaer, 1837",Scytodes fusca,5169044,5169044,dce8feb0-6c89-11de-8225-b8a03c50a862,3f7d6bae-b15b-4d98-a5f0-fd7a4f0b3599,PRESERVED_SPECIMEN,AU,Queensland,,145.25,-14.833333,,,"[""CONTINENT_DERIVED_FROM_COORDINATES"", ""TAXON_CONCEPT_ID_NOT_FOUND"", ""INSTITUTION_MATCH_FUZZY"", ""COLLECTION_MATCH_FUZZY""]",1951-06-21
208046141,"Scytodes torquatus Kraus, 1955",Scytodes fusca,7952846,5169044,96596036-f762-11e1-a439-00145eb45e9a,https://id.senckenberg.de/object/sesam-16201,PRESERVED_SPECIMEN,HN,,"Lago Yajoa, Hacienda El Sauce",-88.0,14.866667,,,"[""COORDINATE_ROUNDED"", ""GEODETIC_DATUM_ASSUMED_WGS84"", ""CONTINENT_DERIVED_FROM_COORDINATES"", ""PRESUMED_NEGATED_LONGITUDE"", ""TAXON_MATCH_FUZZY"", ""COLLECTION_MATCH_NONE"", ""INSTITUTION_MATCH_FUZZY""]",1951
208046142,"Scytodes torquatus Kraus, 1955",Scytodes fusca,7952846,5169044,96596036-f762-11e1-a439-00145eb45e9a,https://id.senckenberg.de/object/sesam-16202,PRESERVED_SPECIMEN,HN,,"Lago Yajoa, Hacienda El Sauce",-88.0,14.866667,,,"[""COORDINATE_ROUNDED"", ""GEODETIC_DATUM_ASSUMED_WGS84"", ""CONTINENT_DERIVED_FROM_COORDINATES"", ""TAXON_MATCH_FUZZY"", ""COLLECTION_MATCH_NONE"", ""INSTITUTION_MATCH_FUZZY""]",1951
477986499,"Scytodes fusca Walckenaer, 1837",Scytodes fusca,5169044,5169044,4bfac3ea-8763-4f4b-a71a-76a6f5f243d3,MCZ:IZ:54600,PRESERVED_SPECIMEN,MX,,Acapulco,-99.89216,16.83702,5602.0,,"[""INSTITUTION_MATCH_FUZZY"", ""COLLECTION_MATCH_FUZZY""]",1944-12-18
477980386,"Scytodes fusca Walckenaer, 1837",Scytodes fusca,5169044,5169044,4bfac3ea-8763-4f4b-a71a-76a6f5f243d3,MCZ:IZ:53282,PRESERVED_SPECIMEN,PE,,Sullaña,-71.16043,-15.0314,3036.0,,"[""INSTITUTION_MATCH_FUZZY"", ""COLLECTION_MATCH_FUZZY""]",1939-11-12
5842077640,"Scytodes fusca Walckenaer, 1837",Scytodes fusca,5169044,5169044,8da1b266-12b0-4606-a6a4-664f09d28376,https://darwinweb.africamuseum.be/object/c41dc128-0a31-4586-8f26-1da31b89bdee,PRESERVED_SPECIMEN,CD,,"Boma,;;Congo, D. R.;Bas-Fleuve;Boma",13.05,-5.85,,,"[""GEODETIC_DATUM_ASSUMED_WGS84"", ""CONTINENT_DERIVED_FROM_COORDINATES""]",1928-08
477979813,"Scytodes fusca Walckenaer, 1837",Scytodes fusca,5169044,5169044,4bfac3ea-8763-4f4b-a71a-76a6f5f243d3,MCZ:IZ:53280,PRESERVED_SPECIMEN,BR,Amazonas,Porto Velho,-52.16667,-21.83333,3036.0,,"[""INSTITUTION_MATCH_FUZZY"", ""COLLECTION_MATCH_FUZZY""]",1922-05-01
3323529412,"Scytodes fusca Walckenaer, 1837",Scytodes fusca,5169044,5169044,68aa961c-846b-4992-b790-53693bbf9131,c27e0b82cd98286249cfd160e321648b,MATERIAL_CITATION,MX,,Coronados Island,-111.3,26.268611,60.0,,"[""COORDINATE_ROUNDED"", ""CONTINENT_COORDINATE_MISMATCH"", ""SCIENTIFIC_NAME_ID_NOT_FOUND"", ""TAXON_ID_NOT_FOUND"", ""OCCURRENCE_STATUS_INFERRED_FROM_INDIVIDUAL_COUNT""]",1921-05-18
3323529459,"Scytodes fusca Walckenaer, 1837",Scytodes fusca,5169044,5169044,68aa961c-846b-4992-b790-53693bbf9131,682ca687d0b447dcb0aad8dc0120c8b9,MATERIAL_CITATION,MX,,Ceralbo Island,-109.869047,24.255223,14803.0,,"[""COORDINATE_ROUNDED"", ""SCIENTIFIC_NAME_ID_NOT_FOUND"", ""TAXON_ID_NOT_FOUND"", ""OCCURRENCE_STATUS_INFERRED_FROM_INDIVIDUAL_COUNT""]",1921-06-06
3323529491,"Scytodes fusca Walckenaer, 1837",Scytodes fusca,5169044,5169044,68aa961c-846b-4992-b790-53693bbf9131,beadc05c1a10077e3e77af0de75586f1,MATERIAL_CITATION,MX,Baja california sur,"San Marcos Island, Gulf of California",-112.1,27.081944,70.0,,"[""COORDINATE_ROUNDED"", ""SCIENTIFIC_NAME_ID_NOT_FOUND"", ""TAXON_ID_NOT_FOUND"", ""OCCURRENCE_STATUS_INFERRED_FROM_INDIVIDUAL_COUNT""]",1921-06-20
477986565,"Scytodes fusca Walckenaer, 1837",Scytodes fusca,5169044,5169044,4bfac3ea-8763-4f4b-a71a-76a6f5f243d3,MCZ:IZ:54605,PRESERVED_SPECIMEN,MX,Tamaulipas,Tampico,-93.06667,17.38333,3036.0,,"[""RECORDED_DATE_MISMATCH"", ""INSTITUTION_MATCH_FUZZY"", ""COLLECTION_MATCH_FUZZY""]",1913
477976839,"Scytodes fusca Walckenaer, 1837",Scytodes fusca,5169044,5169044,4bfac3ea-8763-4f4b-a71a-76a6f5f243d3,MCZ:IZ:53268,PRESERVED_SPECIMEN,BR,Paraiba,Independencia,-34.90568,-7.15205,1000.0,,"[""RECORDED_DATE_MISMATCH"", ""INSTITUTION_MATCH_FUZZY"", ""COLLECTION_MATCH_FUZZY""]",1911
4857497418,"Scytodes domestica Doleschall, 1859",Scytodes fusca,12162831,5169044,b8c97ae9-e444-48d8-8705-198d8c1e6fdd,ARA027364,PRESERVED_SPECIMEN,PG,,,145.78673,-5.22246,,,"[""GEODETIC_DATUM_ASSUMED_WGS84"", ""CONTINENT_DERIVED_FROM_COORDINATES"", ""RECORDED_DATE_MISMATCH"", ""OCCURRENCE_STATUS_INFERRED_FROM_INDIVIDUAL_COUNT"", ""INSTITUTION_MATCH_NONE""]",1901
4857497409,"Scytodes domestica Doleschall, 1859",Scytodes fusca,12162831,5169044,b8c97ae9-e444-48d8-8705-198d8c1e6fdd,ARA027328,PRESERVED_SPECIMEN,PG,,,147.76581,-6.48494,,,"[""GEODETIC_DATUM_ASSUMED_WGS84"", ""CONTINENT_DERIVED_FROM_COORDINATES"", ""OCCURRENCE_STATUS_INFERRED_FROM_INDIVIDUAL_COUNT"", ""INSTITUTION_MATCH_NONE""]",1899-05
4857497416,"Scytodes domestica Doleschall, 1859",Scytodes fusca,12162831,5169044,b8c97ae9-e444-48d8-8705-198d8c1e6fdd,ARA027357,PRESERVED_SPECIMEN,PG,,,145.74226,-5.44566,,,"[""GEODETIC_DATUM_ASSUMED_WGS84"", ""CONTINENT_DERIVED_FROM_COORDINATES"", ""OCCURRENCE_STATUS_INFERRED_FROM_INDIVIDUAL_COUNT"", ""INSTITUTION_MATCH_NONE""]",1898
4857492423,"Scytodes domestica Doleschall, 1859",Scytodes fusca,12162831,5169044,b8c97ae9-e444-48d8-8705-198d8c1e6fdd,ARA027326,PRESERVED_SPECIMEN,PG,,,145.78673,-5.22246,,,"[""GEODETIC_DATUM_ASSUMED_WGS84"", ""CONTINENT_DERIVED_FROM_COORDINATES"", ""OCCURRENCE_STATUS_INFERRED_FROM_INDIVIDUAL_COUNT"", ""INSTITUTION_MATCH_NONE""]",1897
230839140,"Scytodes fusca Walckenaer, 1837",Scytodes fusca,5169044,5169044,34e892b0-d9c7-11de-b793-b8a03c50a862,MACN:MACN-Ar:17858,PRESERVED_SPECIMEN,AR,Jujuy,"Parque Nacional Calilegua, Seccional Aguas Negras",-64.911579,-23.711595,20945.51,,"[""IDENTIFIED_DATE_INVALID"", ""COLLECTION_MATCH_NONE"", ""INSTITUTION_MATCH_FUZZY""]",
230839199,"Scytodes fusca Walckenaer, 1837",Scytodes fusca,5169044,5169044,34e892b0-d9c7-11de-b793-b8a03c50a862,MACN:MACN-Ar:13,PRESERVED_SPECIMEN,BR,Río de Janeiro,Río de Janeiro,-43.44205,-22.93512,4667.36,,"[""COLLECTION_MATCH_NONE"", ""INSTITUTION_MATCH_FUZZY""]",
230839251,"Scytodes fusca Walckenaer, 1837",Scytodes fusca,5169044,5169044,34e892b0-d9c7-11de-b793-b8a03c50a862,MACN:MACN-Ar:3699,PRESERVED_SPECIMEN,AR,Misiones,Apóstoles,-55.756602,-27.913514,2281.98,,"[""COLLECTION_MATCH_NONE"", ""INSTITUTION_MATCH_FUZZY""]",
230839252,"Scytodes fusca Walckenaer, 1837",Scytodes fusca,5169044,5169044,34e892b0-d9c7-11de-b793-b8a03c50a862,MACN:MACN-Ar:3700,PRESERVED_SPECIMEN,BR,Río de Janeiro,,-42.65507,-22.3715,248121.08,,"[""COLLECTION_MATCH_NONE"", ""INSTITUTION_MATCH_FUZZY""]",
477907211,"Scytodes fusca Walckenaer, 1837",Scytodes fusca,5169044,5169044,4bfac3ea-8763-4f4b-a71a-76a6f5f243d3,MCZ:IZ:54601,PRESERVED_SPECIMEN,MX,Sinaloa,[no specific locality data],-106.42199,23.26255,9093.0,,"[""INSTITUTION_MATCH_FUZZY"", ""COLLECTION_MATCH_FUZZY""]",
477976897,"Scytodes fusca Walckenaer, 1837",Scytodes fusca,5169044,5169044,4bfac3ea-8763-4f4b-a71a-76a6f5f243d3,MCZ:IZ:53275,PRESERVED_SPECIMEN,NI,,[no specific locality data],-84.52832,12.14762,939865.0,,"[""COUNTRY_DERIVED_FROM_COORDINATES"", ""INDIVIDUAL_COUNT_CONFLICTS_WITH_OCCURRENCE_STATUS"", ""INSTITUTION_MATCH_FUZZY"", ""COLLECTION_MATCH_FUZZY""]",
477976898,"Scytodes fusca Walckenaer, 1837",Scytodes fusca,5169044,5169044,4bfac3ea-8763-4f4b-a71a-76a6f5f243d3,MCZ:IZ:53276,PRESERVED_SPECIMEN,BO,,[no specific locality data],-64.79688,-21.71785,3881086.0,,"[""COUNTRY_DERIVED_FROM_COORDINATES"", ""INDIVIDUAL_COUNT_CONFLICTS_WITH_OCCURRENCE_STATUS"", ""INSTITUTION_MATCH_FUZZY"", ""COLLECTION_MATCH_FUZZY""]",
477980511,"Scytodes fusca Walckenaer, 1837",Scytodes fusca,5169044,5169044,4bfac3ea-8763-4f4b-a71a-76a6f5f243d3,MCZ:IZ:54606,PRESERVED_SPECIMEN,MX,Baja California Sur,San José del Cabo,-109.70244,23.06369,,,"[""INSTITUTION_MATCH_FUZZY"", ""COLLECTION_MATCH_FUZZY""]",
477984245,"Scytodes fusca Walckenaer, 1837",Scytodes fusca,5169044,5169044,4bfac3ea-8763-4f4b-a71a-76a6f5f243d3,MCZ:IZ:53259,PRESERVED_SPECIMEN,PE,Madre de Dios,Puerto Maldonado,-69.18913,-12.59331,301.0,,"[""INSTITUTION_MATCH_FUZZY"", ""COLLECTION_MATCH_FUZZY""]",
477986497,"Scytodes fusca Walckenaer, 1837",Scytodes fusca,5169044,5169044,4bfac3ea-8763-4f4b-a71a-76a6f5f243d3,MCZ:IZ:54598,PRESERVED_SPECIMEN,US,Florida,[no specific locality data],-82.62681,28.98792,530047.0,,"[""INDIVIDUAL_COUNT_CONFLICTS_WITH_OCCURRENCE_STATUS"", ""INSTITUTION_MATCH_FUZZY"", ""COLLECTION_MATCH_FUZZY""]",
730557386,"Scytodes fusca Walckenaer, 1837",Scytodes fusca,5169044,5169044,34e892b0-d9c7-11de-b793-b8a03c50a862,MACN:MACN-Ar:29124,PRESERVED_SPECIMEN,BO,Santa Cruz,"Yabaré, Estación de la Universidad Autónoma Gabriel René Moreno, N de Tres Cruces",-62.1725,-16.441667,,,"[""ELEVATION_NON_NUMERIC"", ""COLLECTION_MATCH_NONE"", ""INSTITUTION_MATCH_FUZZY""]",
896832865,"Scytodes fusca Walckenaer, 1837",Scytodes fusca,5169044,5169044,eb521f93-d62d-4332-a5f0-989ed94d9cc4,,PRESERVED_SPECIMEN,BR,Piauí,Parque Nacional de Sete Cidades,-41.72025,-4.098944,,,"[""COORDINATE_ROUNDED"", ""GEODETIC_DATUM_ASSUMED_WGS84"", ""INSTITUTION_MATCH_FUZZY"", ""INSTITUTION_COLLECTION_MISMATCH""]",
918797651,"Scytodes fusca Walckenaer, 1837",Scytodes fusca,5169044,5169044,96596036-f762-11e1-a439-00145eb45e9a,https://id.senckenberg.de/object/sesam-851315,PRESERVED_SPECIMEN,MY,,Selangor: Batu Caves,101.681667,3.686383,,,"[""COORDINATE_ROUNDED"", ""GEODETIC_DATUM_ASSUMED_WGS84"", ""CONTINENT_DERIVED_FROM_COORDINATES"", ""COLLECTION_MATCH_NONE"", ""INSTITUTION_MATCH_FUZZY""]",
918797684,"Scytodes fusca Walckenaer, 1837",Scytodes fusca,5169044,5169044,96596036-f762-11e1-a439-00145eb45e9a,https://id.senckenberg.de/object/sesam-850985,PRESERVED_SPECIMEN,BR,,Sao Paulo,-46.2975,-23.66195,,,"[""GEODETIC_DATUM_ASSUMED_WGS84"", ""CONTINENT_DERIVED_FROM_COORDINATES"", ""RECORDED_DATE_INVALID"", ""COLLECTION_MATCH_NONE"", ""INSTITUTION_MATCH_FUZZY""]",
1100108735,"Scytodes fusca Walckenaer, 1837",Scytodes fusca,5169044,5169044,dce8feb0-6c89-11de-8225-b8a03c50a862,b08c28bc-def0-472b-b116-4637c43472f5,PRESERVED_SPECIMEN,AU,Queensland,,145.76666,-16.916666,,,"[""CONTINENT_DERIVED_FROM_COORDINATES"", ""TAXON_CONCEPT_ID_NOT_FOUND"", ""INSTITUTION_MATCH_FUZZY"", ""COLLECTION_MATCH_FUZZY""]",
1100119756,"Scytodes fusca Walckenaer, 1837",Scytodes fusca,5169044,5169044,dce8feb0-6c89-11de-8225-b8a03c50a862,21cf39a5-8aab-4b65-b046-64b0189c30db,PRESERVED_SPECIMEN,FJ,Viti Levu,,178.0,-18.0,,,"[""CONTINENT_DERIVED_FROM_COORDINATES"", ""TAXON_CONCEPT_ID_NOT_FOUND"", ""INSTITUTION_MATCH_FUZZY"", ""COLLECTION_MATCH_FUZZY""]",
1100125272,"Scytodes fusca Walckenaer, 1837",Scytodes fusca,5169044,5169044,dce8feb0-6c89-11de-8225-b8a03c50a862,10ca1140-9901-441c-86e7-67ed5dae22d2,PRESERVED_SPECIMEN,PG,Eastern Sepik Province,,143.55,-3.333333,,,"[""CONTINENT_DERIVED_FROM_COORDINATES"", ""TAXON_CONCEPT_ID_NOT_FOUND"", ""INSTITUTION_MATCH_FUZZY"", ""COLLECTION_MATCH_FUZZY""]",
2446172623,"Scytodes fusca Walckenaer, 1837",Scytodes fusca,5169044,5169044,dce8feb0-6c89-11de-8225-b8a03c50a862,2bb07e8e-86e4-40a4-9df8-6360cd22c588,PRESERVED_SPECIMEN,AU,Queensland,,145.33333,-16.483334,,,"[""CONTINENT_DERIVED_FROM_COORDINATES"", ""TAXON_CONCEPT_ID_NOT_FOUND"", ""INSTITUTION_MATCH_FUZZY"", ""COLLECTION_MATCH_FUZZY""]",
2446206787,"Scytodes fusca Walckenaer, 1837",Scytodes fusca,5169044,5169044,dce8feb0-6c89-11de-8225-b8a03c50a862,665e0c33-49c2-4d0c-8980-cfdd4861413b,PRESERVED_SPECIMEN,AU,Queensland,,146.81667,-19.266666,,,"[""CONTINENT_DERIVED_FROM_COORDINATES"", ""TAXON_CONCEPT_ID_NOT_FOUND"", ""INSTITUTION_MATCH_FUZZY"", ""COLLECTION_MATCH_FUZZY""]",
2446210750,"Scytodes fusca Walckenaer, 1837",Scytodes fusca,5169044,5169044,dce8feb0-6c89-11de-8225-b8a03c50a862,6d1f08de-1930-445c-9d99-0c6315009c3f,PRESERVED_SPECIMEN,AU,Queensland,,146.81667,-19.266666,,,"[""CONTINENT_DERIVED_FROM_COORDINATES"", ""TAXON_CONCEPT_ID_NOT_FOUND"", ""INSTITUTION_MATCH_FUZZY"", ""COLLECTION_MATCH_FUZZY""]",
2446211466,"Scytodes fusca Walckenaer, 1837",Scytodes fusca,5169044,5169044,dce8feb0-6c89-11de-8225-b8a03c50a862,6e256d2f-d7fe-4b35-a091-203b183f064e,PRESERVED_SPECIMEN,PG,,,143.55,-3.333333,,,"[""CONTINENT_DERIVED_FROM_COORDINATES"", ""TAXON_CONCEPT_ID_NOT_FOUND"", ""INSTITUTION_MATCH_FUZZY"", ""COLLECTION_MATCH_FUZZY""]",
2446237357,"Scytodes fusca Walckenaer, 1837",Scytodes fusca,5169044,5169044,dce8feb0-6c89-11de-8225-b8a03c50a862,9abed676-e9af-4536-bf24-38171309426c,PRESERVED_SPECIMEN,AU,Queensland,,145.9439,-18.417778,,,"[""CONTINENT_DERIVED_FROM_COORDINATES"", ""TAXON_CONCEPT_ID_NOT_FOUND"", ""INSTITUTION_MATCH_FUZZY"", ""COLLECTION_MATCH_FUZZY""]",
2621927564,"Scytodes fusca Walckenaer, 1837",Scytodes fusca,5169044,5169044,2bf7b2c0-34dc-4458-8ee4-4f99fac03b33,http://www.biodiversity4all.org/observations/4063198,HUMAN_OBSERVATION,PT,Faro,"Corte do Gago, Faro, Portugal",-7.54898,37.293174,,,"[""RECORDED_DATE_INVALID"", ""MODIFIED_DATE_INVALID"", ""IDENTIFIED_DATE_INVALID""]",
2973665688,"Scytodes fusca Walckenaer, 1837",Scytodes fusca,5169044,5169044,dce8feb0-6c89-11de-8225-b8a03c50a862,822d4c53-e53e-412b-8635-409fd4c8237b,PRESERVED_SPECIMEN,AU,Queensland,,145.75,-17.016666,,,"[""CONTINENT_DERIVED_FROM_COORDINATES"", ""TAXON_CONCEPT_ID_NOT_FOUND"", ""INSTITUTION_MATCH_FUZZY"", ""COLLECTION_MATCH_FUZZY""]",
2973673426,"Scytodes fusca Walckenaer, 1837",Scytodes fusca,5169044,5169044,dce8feb0-6c89-11de-8225-b8a03c50a862,26a1ae53-446e-4c46-8867-9b16f6675767,PRESERVED_SPECIMEN,AU,Queensland,,145.75,-17.016666,,,"[""CONTINENT_DERIVED_FROM_COORDINATES"", ""TAXON_CONCEPT_ID_NOT_FOUND"", ""INSTITUTION_MATCH_FUZZY"", ""COLLECTION_MATCH_FUZZY""]",
2973692605,"Scytodes fusca Walckenaer, 1837",Scytodes fusca,5169044,5169044,dce8feb0-6c89-11de-8225-b8a03c50a862,6bd997d8-52a4-4105-aee0-2616770282e9,PRESERVED_SPECIMEN,AU,Queensland,,145.75,-17.016666,,,"[""CONTINENT_DERIVED_FROM_COORDINATES"", ""TAXON_CONCEPT_ID_NOT_FOUND"", ""INSTITUTION_MATCH_FUZZY"", ""COLLECTION_MATCH_FUZZY""]",
3846974341,"Scytodes fusca Walckenaer, 1837",Scytodes fusca,5169044,5169044,6ed43f52-25d1-4d56-a821-63a8564b81f6,e8d50341-cafd-4dde-9538-8597ab001385,HUMAN_OBSERVATION,GP,,,-61.53977,16.19759,43140.0,,"[""COUNTRY_MISMATCH"", ""CONTINENT_DERIVED_FROM_COORDINATES"", ""TAXON_ID_NOT_FOUND""]",
3846999820,"Scytodes fusca Walckenaer, 1837",Scytodes fusca,5169044,5169044,6ed43f52-25d1-4d56-a821-63a8564b81f6,3df95fdf-db33-434d-bfde-6cf8f02ac302,HUMAN_OBSERVATION,GF,,,-53.23477,3.92404,201367.0,,"[""COUNTRY_MISMATCH"", ""CONTINENT_DERIVED_FROM_COORDINATES"", ""TAXON_ID_NOT_FOUND""]",
3847052424,"Scytodes fusca Walckenaer, 1837",Scytodes fusca,5169044,5169044,6ed43f52-25d1-4d56-a821-63a8564b81f6,ef4bcaea-0b24-4bb7-9a14-49e1438fdd70,HUMAN_OBSERVATION,MF,,,-63.20893,18.03505,47299.0,,"[""COUNTRY_MISMATCH"", ""TAXON_ID_NOT_FOUND""]",
3935021701,"Scytodes fusca Walckenaer, 1837",Scytodes fusca,5169044,5169044,91aa3d5b-6f77-4135-a823-cef438a60dfa,72527865-0f85-4923-bccf-ca0f858d2584,HUMAN_OBSERVATION,WF,,,-177.08021,-13.75548,111214.0,,"[""COUNTRY_MISMATCH"", ""TAXON_ID_NOT_FOUND""]",
3935057242,"Scytodes fusca Walckenaer, 1837",Scytodes fusca,5169044,5169044,91aa3d5b-6f77-4135-a823-cef438a60dfa,638b3866-08fa-4fc8-a0e0-e44b6b3c6695,HUMAN_OBSERVATION,FR,,,-109.21715,10.3034,1873.0,,"[""CONTINENT_DERIVED_FROM_COORDINATES"", ""TAXON_ID_NOT_FOUND""]",
3935070029,"Scytodes fusca Walckenaer, 1837",Scytodes fusca,5169044,5169044,91aa3d5b-6f77-4135-a823-cef438a60dfa,dd471fb7-558c-4e26-83eb-b2784dc495d9,HUMAN_OBSERVATION,GF,,,-53.23477,3.92404,201367.0,,"[""COUNTRY_MISMATCH"", ""CONTINENT_DERIVED_FROM_COORDINATES"", ""TAXON_ID_NOT_FOUND""]",
3935077518,"Scytodes fusca Walckenaer, 1837",Scytodes fusca,5169044,5169044,91aa3d5b-6f77-4135-a823-cef438a60dfa,118591da-e619-4907-8245-a930c74ca092,HUMAN_OBSERVATION,MF,,,-63.20893,18.03505,47299.0,,"[""COUNTRY_MISMATCH"", ""TAXON_ID_NOT_FOUND""]",
3935118230,"Scytodes fusca Walckenaer, 1837",Scytodes fusca,5169044,5169044,91aa3d5b-6f77-4135-a823-cef438a60dfa,557963d3-1a86-4750-8d0f-367586014c7f,HUMAN_OBSERVATION,GP,,,-61.53977,16.19759,43140.0,,"[""COUNTRY_MISMATCH"", ""CONTINENT_DERIVED_FROM_COORDINATES"", ""TAXON_ID_NOT_FOUND""]",
3967750840,"Scytodes fusca Walckenaer, 1837",Scytodes fusca,5169044,5169044,c1c5ef4b-8309-4f04-9247-3f7644260c85,50450032,OCCURRENCE,BR,Sp,,-47.2996008,-23.2646754,,,"[""COORDINATE_REPROJECTED"", ""RECORDED_DATE_MISMATCH"", ""TAXON_ID_NOT_FOUND""]",
3967750963,"Scytodes fusca Walckenaer, 1837",Scytodes fusca,5169044,5169044,c1c5ef4b-8309-4f04-9247-3f7644260c85,51270002,OCCURRENCE,BR,Sp,,-47.7151041,-23.1023739,,,"[""COORDINATE_REPROJECTED"", ""RECORDED_DATE_MISMATCH"", ""TAXON_ID_NOT_FOUND""]",
3967752870,"Scytodes fusca Walckenaer, 1837",Scytodes fusca,5169044,5169044,c1c5ef4b-8309-4f04-9247-3f7644260c85,50930004,OCCURRENCE,BR,Sp,,-46.4617973,-23.6682797,,,"[""COORDINATE_REPROJECTED"", ""RECORDED_DATE_MISMATCH"", ""TAXON_ID_NOT_FOUND""]",
3967752950,"Scytodes fusca Walckenaer, 1837",Scytodes fusca,5169044,5169044,c1c5ef4b-8309-4f04-9247-3f7644260c85,51280018,OCCURRENCE,BR,Sp,,-45.071486,-23.4343825,,,"[""COORDINATE_REPROJECTED"", ""RECORDED_DATE_MISMATCH"", ""TAXON_ID_NOT_FOUND""]",
3967752967,"Scytodes fusca Walckenaer, 1837",Scytodes fusca,5169044,5169044,c1c5ef4b-8309-4f04-9247-3f7644260c85,51790003,OCCURRENCE,BR,Sp,,-49.0610115,-22.3151671,,,"[""COORDINATE_REPROJECTED"", ""RECORDED_DATE_MISMATCH"", ""TAXON_ID_NOT_FOUND""]",
3967753663,"Scytodes fusca Walckenaer, 1837",Scytodes fusca,5169044,5169044,c1c5ef4b-8309-4f04-9247-3f7644260c85,49140130,OCCURRENCE,BR,Sp,,-48.4898085,-22.8923703,,,"[""COORDINATE_REPROJECTED"", ""RECORDED_DATE_MISMATCH"", ""TAXON_ID_NOT_FOUND""]",
3967753720,"Scytodes fusca Walckenaer, 1837",Scytodes fusca,5169044,5169044,c1c5ef4b-8309-4f04-9247-3f7644260c85,50130009,OCCURRENCE,BR,Sp,,-47.555711,-24.7085778,,,"[""COORDINATE_REPROJECTED"", ""RECORDED_DATE_MISMATCH"", ""TAXON_ID_NOT_FOUND""]",
3967753850,"Scytodes fusca Walckenaer, 1837",Scytodes fusca,5169044,5169044,c1c5ef4b-8309-4f04-9247-3f7644260c85,51040017,OCCURRENCE,BR,Sp,,-47.6496035,-22.7257729,,,"[""COORDINATE_REPROJECTED"", ""RECORDED_DATE_MISMATCH"", ""TAXON_ID_NOT_FOUND""]",
3967756850,"Scytodes fusca Walckenaer, 1837",Scytodes fusca,5169044,5169044,c1c5ef4b-8309-4f04-9247-3f7644260c85,50870013,OCCURRENCE,BR,Sp,,-46.8846007,-23.1868762,,,"[""COORDINATE_REPROJECTED"", ""RECORDED_DATE_MISMATCH"", ""TAXON_ID_NOT_FOUND""]",
3967757599,"Scytodes fusca Walckenaer, 1837",Scytodes fusca,5169044,5169044,c1c5ef4b-8309-4f04-9247-3f7644260c85,48990004,OCCURRENCE,BR,Sp,,-47.3318034,-22.7396748,,,"[""COORDINATE_REPROJECTED"", ""RECORDED_DATE_MISMATCH"", ""TAXON_ID_NOT_FOUND""]",
3967757681,"Scytodes fusca Walckenaer, 1837",Scytodes fusca,5169044,5169044,c1c5ef4b-8309-4f04-9247-3f7644260c85,49170005,OCCURRENCE,BR,Sp,,-47.0611991,-22.9060749,,,"[""COORDINATE_REPROJECTED"", ""RECORDED_DATE_MISMATCH"", ""TAXON_ID_NOT_FOUND""]",
3967757917,"Scytodes fusca Walckenaer, 1837",Scytodes fusca,5169044,5169044,c1c5ef4b-8309-4f04-9247-3f7644260c85,51220158,OCCURRENCE,BR,Sp,,-46.6365001,-23.5479789,,,"[""COORDINATE_REPROJECTED"", ""RECORDED_DATE_MISMATCH"", ""TAXON_ID_NOT_FOUND""]",
3967770530,"Scytodes fusca Walckenaer, 1837",Scytodes fusca,5169044,5169044,c1c5ef4b-8309-4f04-9247-3f7644260c85,82080126,OCCURRENCE,BR,Sp,,-47.890113,-24.6118786,,,"[""COORDINATE_REPROJECTED"", ""RECORDED_DATE_MISMATCH"", ""TAXON_ID_NOT_FOUND""]",
4169226013,"Scytodes fusca Walckenaer, 1837",Scytodes fusca,5169044,5169044,03b8dac0-be98-4f71-9440-76c406cbf2c1,67b4c59677094a03b5d09a6f6fd5f464,PRESERVED_SPECIMEN,MX,Oaxaca,4 km al suroeste de Pueblo Barra de la Cruz Campamento Tortuguero Way Point 147,-95.95,15.817,100.0,,"[""SCIENTIFIC_NAME_ID_NOT_FOUND"", ""TAXON_ID_NOT_FOUND"", ""OCCURRENCE_STATUS_INFERRED_FROM_INDIVIDUAL_COUNT""]",
4547747620,"Scytodes fusca Walckenaer, 1837",Scytodes fusca,5169044,5169044,f553f8f9-b147-4f09-86e5-0d1ce1a91ce0,d81899dd-97e8-4a18-ad00-97550253bfa0,HUMAN_OBSERVATION,WF,,,-177.08021,-13.75548,111214.0,,"[""COUNTRY_MISMATCH"", ""TAXON_ID_NOT_FOUND""]",
4547915670,"Scytodes fusca Walckenaer, 1837",Scytodes fusca,5169044,5169044,f553f8f9-b147-4f09-86e5-0d1ce1a91ce0,edf82d11-71ac-46ae-b581-f8207d8fb967,HUMAN_OBSERVATION,GF,,,-53.24036,3.91451,201286.0,,"[""COUNTRY_MISMATCH"", ""CONTINENT_DERIVED_FROM_COORDINATES"", ""TAXON_ID_NOT_FOUND""]",
4547937392,"Scytodes fusca Walckenaer, 1837",Scytodes fusca,5169044,5169044,f553f8f9-b147-4f09-86e5-0d1ce1a91ce0,87429fe8-7b43-4519-8612-c600f689806a,HUMAN_OBSERVATION,FR,,,-109.21715,10.3034,1873.0,,"[""CONTINENT_DERIVED_FROM_COORDINATES"", ""TAXON_ID_NOT_FOUND""]",
4548034049,"Scytodes fusca Walckenaer, 1837",Scytodes fusca,5169044,5169044,f553f8f9-b147-4f09-86e5-0d1ce1a91ce0,fcc88b9a-f60c-4aea-8998-9e89e50045b1,HUMAN_OBSERVATION,MF,,,-63.06085,18.07928,9672.0,,"[""COUNTRY_MISMATCH"", ""CONTINENT_DERIVED_FROM_COORDINATES"", ""TAXON_ID_NOT_FOUND""]",
4548042730,"Scytodes fusca Walckenaer, 1837",Scytodes fusca,5169044,5169044,f553f8f9-b147-4f09-86e5-0d1ce1a91ce0,95c451a7-ae8d-41ad-802a-c7f7187af568,HUMAN_OBSERVATION,RE,,,55.53241,-21.13317,32290.0,,"[""COUNTRY_MISMATCH"", ""CONTINENT_DERIVED_FROM_COORDINATES"", ""TAXON_ID_NOT_FOUND""]",
4548263237,"Scytodes fusca Walckenaer, 1837",Scytodes fusca,5169044,5169044,f553f8f9-b147-4f09-86e5-0d1ce1a91ce0,7d08f485-258f-4e6b-a9eb-6572edc48bcf,HUMAN_OBSERVATION,GP,,,-61.5398,16.19761,43140.0,,"[""COUNTRY_MISMATCH"", ""CONTINENT_DERIVED_FROM_COORDINATES"", ""TAXON_ID_NOT_FOUND""]",
4857492421,"Scytodes domestica Doleschall, 1859",Scytodes fusca,12162831,5169044,b8c97ae9-e444-48d8-8705-198d8c1e6fdd,ARA027319,PRESERVED_SPECIMEN,PG,,,145.78673,-5.22246,,,"[""GEODETIC_DATUM_ASSUMED_WGS84"", ""CONTINENT_DERIVED_FROM_COORDINATES"", ""OCCURRENCE_STATUS_INFERRED_FROM_INDIVIDUAL_COUNT"", ""INSTITUTION_MATCH_NONE""]",
4857492435,"Scytodes domestica Doleschall, 1859",Scytodes fusca,12162831,5169044,b8c97ae9-e444-48d8-8705-198d8c1e6fdd,ARA027377,PRESERVED_SPECIMEN,ID,,,104.7581,-2.9883,,,"[""GEODETIC_DATUM_ASSUMED_WGS84"", ""CONTINENT_DERIVED_FROM_COORDINATES"", ""OCCURRENCE_STATUS_INFERRED_FROM_INDIVIDUAL_COUNT"", ""INSTITUTION_MATCH_NONE""]",
4857492436,"Scytodes domestica Doleschall, 1859",Scytodes fusca,12162831,5169044,b8c97ae9-e444-48d8-8705-198d8c1e6fdd,ARA027380,PRESERVED_SPECIMEN,MZ,,,30.40547,-15.26909,,,"[""GEODETIC_DATUM_ASSUMED_WGS84"", ""CONTINENT_DERIVED_FROM_COORDINATES"", ""OCCURRENCE_STATUS_INFERRED_FROM_INDIVIDUAL_COUNT"", ""INSTITUTION_MATCH_NONE""]",
4857497420,"Scytodes domestica Doleschall, 1859",Scytodes fusca,12162831,5169044,b8c97ae9-e444-48d8-8705-198d8c1e6fdd,ARA027371,PRESERVED_SPECIMEN,CR,,,-83.2891,9.0689,,,"[""GEODETIC_DATUM_ASSUMED_WGS84"", ""CONTINENT_DERIVED_FROM_COORDINATES"", ""OCCURRENCE_STATUS_INFERRED_FROM_INDIVIDUAL_COUNT"", ""INSTITUTION_MATCH_NONE""]",
4857497423,"Scytodes domestica Doleschall, 1859",Scytodes fusca,12162831,5169044,b8c97ae9-e444-48d8-8705-198d8c1e6fdd,ARA027382,PRESERVED_SPECIMEN,ID,,,109.1533,-6.9878,,,"[""GEODETIC_DATUM_ASSUMED_WGS84"", ""CONTINENT_DERIVED_FROM_COORDINATES"", ""OCCURRENCE_STATUS_INFERRED_FROM_INDIVIDUAL_COUNT"", ""INSTITUTION_MATCH_NONE""]",
4857637578,"Scytodes domestica Doleschall, 1859",Scytodes fusca,12162831,5169044,b8c97ae9-e444-48d8-8705-198d8c1e6fdd,ARA027372,PRESERVED_SPECIMEN,PG,,,144.229,-5.682,,,"[""GEODETIC_DATUM_ASSUMED_WGS84"", ""CONTINENT_DERIVED_FROM_COORDINATES"", ""OCCURRENCE_STATUS_INFERRED_FROM_INDIVIDUAL_COUNT"", ""INSTITUTION_MATCH_NONE""]",
4857637579,"Scytodes domestica Doleschall, 1859",Scytodes fusca,12162831,5169044,b8c97ae9-e444-48d8-8705-198d8c1e6fdd,ARA027376,PRESERVED_SPECIMEN,ID,,,106.187,-6.6687,,,"[""GEODETIC_DATUM_ASSUMED_WGS84"", ""CONTINENT_DERIVED_FROM_COORDINATES"", ""OCCURRENCE_STATUS_INFERRED_FROM_INDIVIDUAL_COUNT"", ""INSTITUTION_MATCH_NONE""]",
4857640827,"Scytodes domestica Doleschall, 1859",Scytodes fusca,12162831,5169044,b8c97ae9-e444-48d8-8705-198d8c1e6fdd,ARA027378,PRESERVED_SPECIMEN,ID,,,109.545,-7.319,,,"[""GEODETIC_DATUM_ASSUMED_WGS84"", ""CONTINENT_DERIVED_FROM_COORDINATES"", ""OCCURRENCE_STATUS_INFERRED_FROM_INDIVIDUAL_COUNT"", ""INSTITUTION_MATCH_NONE""]",
4857640828,"Scytodes domestica Doleschall, 1859",Scytodes fusca,12162831,5169044,b8c97ae9-e444-48d8-8705-198d8c1e6fdd,ARA027381,PRESERVED_SPECIMEN,ID,,,106.7953,-6.595,,,"[""GEODETIC_DATUM_ASSUMED_WGS84"", ""CONTINENT_DERIVED_FROM_COORDINATES"", ""OCCURRENCE_STATUS_INFERRED_FROM_INDIVIDUAL_COUNT"", ""INSTITUTION_MATCH_NONE""]",
4912623638,BOLD:AAG5665,Scytodes fusca,10546508,10546508,040c5662-da76-4782-a48e-cdea1892d14c,SPPR051-13,MATERIAL_SAMPLE,PR,,Cambalache,-66.597,18.453,,,"[""GEODETIC_DATUM_ASSUMED_WGS84"", ""CONTINENT_DERIVED_FROM_COORDINATES"", ""TAXON_CONCEPT_ID_NOT_FOUND"", ""TAXON_ID_NOT_FOUND"", ""COLLECTION_MATCH_NONE"", ""INSTITUTION_MATCH_FUZZY""]",
4912628245,BOLD:AAG5665,Scytodes fusca,10546508,10546508,040c5662-da76-4782-a48e-cdea1892d14c,SPPR049-13,MATERIAL_SAMPLE,PR,,Cambalache,-66.597,18.453,,,"[""GEODETIC_DATUM_ASSUMED_WGS84"", ""CONTINENT_DERIVED_FROM_COORDINATES"", ""TAXON_CONCEPT_ID_NOT_FOUND"", ""TAXON_ID_NOT_FOUND"", ""COLLECTION_MATCH_NONE"", ""INSTITUTION_MATCH_FUZZY""]",
4912633893,BOLD:AAG5665,Scytodes fusca,10546508,10546508,040c5662-da76-4782-a48e-cdea1892d14c,SPPR005-13,MATERIAL_SAMPLE,PR,,Mata de Platano,-66.729,18.414,,,"[""GEODETIC_DATUM_ASSUMED_WGS84"", ""CONTINENT_DERIVED_FROM_COORDINATES"", ""TAXON_CONCEPT_ID_NOT_FOUND"", ""TAXON_ID_NOT_FOUND"", ""COLLECTION_MATCH_NONE"", ""INSTITUTION_MATCH_FUZZY""]",
4913228567,BOLD:AAG5665,Scytodes fusca,10546508,10546508,040c5662-da76-4782-a48e-cdea1892d14c,SPCUB196-13,MATERIAL_SAMPLE,CU,Pinar del Rio,Vinales,-83.73834,22.62109,,,"[""GEODETIC_DATUM_ASSUMED_WGS84"", ""CONTINENT_DERIVED_FROM_COORDINATES"", ""TAXON_CONCEPT_ID_NOT_FOUND"", ""TAXON_ID_NOT_FOUND"", ""COLLECTION_MATCH_NONE"", ""INSTITUTION_MATCH_FUZZY""]",
4915889477,BOLD:AAG5665,Scytodes fusca,10546508,10546508,040c5662-da76-4782-a48e-cdea1892d14c,SPPR052-13,MATERIAL_SAMPLE,PR,,Cambalache,-66.597,18.453,,,"[""GEODETIC_DATUM_ASSUMED_WGS84"", ""CONTINENT_DERIVED_FROM_COORDINATES"", ""TAXON_CONCEPT_ID_NOT_FOUND"", ""TAXON_ID_NOT_FOUND"", ""COLLECTION_MATCH_NONE"", ""INSTITUTION_MATCH_FUZZY""]",
4915976254,BOLD:AAG5665,Scytodes fusca,10546508,10546508,040c5662-da76-4782-a48e-cdea1892d14c,SPPR053-13,MATERIAL_SAMPLE,PR,,Cambalache,-66.597,18.453,,,"[""GEODETIC_DATUM_ASSUMED_WGS84"", ""CONTINENT_DERIVED_FROM_COORDINATES"", ""TAXON_CONCEPT_ID_NOT_FOUND"", ""TAXON_ID_NOT_FOUND"", ""COLLECTION_MATCH_NONE"", ""INSTITUTION_MATCH_FUZZY""]",
4916130707,BOLD:AAG5665,Scytodes fusca,10546508,10546508,040c5662-da76-4782-a48e-cdea1892d14c,SPPR046-13,MATERIAL_SAMPLE,PR,,Cambalache,-66.597,18.453,,,"[""GEODETIC_DATUM_ASSUMED_WGS84"", ""CONTINENT_DERIVED_FROM_COORDINATES"", ""TAXON_CONCEPT_ID_NOT_FOUND"", ""TAXON_ID_NOT_FOUND"", ""COLLECTION_MATCH_NONE"", ""INSTITUTION_MATCH_FUZZY""]",
4918801013,BOLD:AAG5665,Scytodes fusca,10546508,10546508,040c5662-da76-4782-a48e-cdea1892d14c,SPPR048-13,MATERIAL_SAMPLE,PR,,Cambalache,-66.597,18.453,,,"[""GEODETIC_DATUM_ASSUMED_WGS84"", ""CONTINENT_DERIVED_FROM_COORDINATES"", ""TAXON_CONCEPT_ID_NOT_FOUND"", ""TAXON_ID_NOT_FOUND"", ""COLLECTION_MATCH_NONE"", ""INSTITUTION_MATCH_FUZZY""]",
4919830303,"Scytodes fusca Walckenaer, 1837",Scytodes fusca,5169044,5169044,1b7c6995-5d24-4d96-a9ab-bb4a87c8d34c,6CE71C29-1E13-5824-9969-B04601F4F6A4,OCCURRENCE,PA,,Coiba,-81.702916,7.637463,,,"[""GEODETIC_DATUM_ASSUMED_WGS84"", ""CONTINENT_DERIVED_FROM_COORDINATES"", ""PRESUMED_NEGATED_LONGITUDE"", ""RECORDED_DATE_INVALID"", ""TAXON_ID_NOT_FOUND"", ""BASIS_OF_RECORD_INVALID"", ""TYPE_STATUS_INVALID""]",
4919830350,"Scytodes fusca Walckenaer, 1837",Scytodes fusca,5169044,5169044,1b7c6995-5d24-4d96-a9ab-bb4a87c8d34c,B343063C-CF89-5FC8-A0F5-9F2D20DE994E,OCCURRENCE,PA,,Coiba,-81.629872,7.687714,,,"[""GEODETIC_DATUM_ASSUMED_WGS84"", ""CONTINENT_DERIVED_FROM_COORDINATES"", ""PRESUMED_NEGATED_LONGITUDE"", ""RECORDED_DATE_INVALID"", ""TAXON_ID_NOT_FOUND"", ""BASIS_OF_RECORD_INVALID"", ""TYPE_STATUS_INVALID""]",
4919830439,"Scytodes fusca Walckenaer, 1837",Scytodes fusca,5169044,5169044,1b7c6995-5d24-4d96-a9ab-bb4a87c8d34c,21A890F8-C926-5916-8C61-9B4DBCB04B0A,OCCURRENCE,PA,,Coiba,-81.724739,7.601362,,,"[""GEODETIC_DATUM_ASSUMED_WGS84"", ""CONTINENT_DERIVED_FROM_COORDINATES"", ""PRESUMED_NEGATED_LONGITUDE"", ""RECORDED_DATE_INVALID"", ""TAXON_ID_NOT_FOUND"", ""BASIS_OF_RECORD_INVALID"", ""TYPE_STATUS_INVALID""]",
4919830535,"Scytodes fusca Walckenaer, 1837",Scytodes fusca,5169044,5169044,1b7c6995-5d24-4d96-a9ab-bb4a87c8d34c,BCA950B5-CFF1-5FD1-A05F-6D4F406476A0,OCCURRENCE,PA,,Coiba,-81.726441,7.600803,,,"[""GEODETIC_DATUM_ASSUMED_WGS84"", ""CONTINENT_DERIVED_FROM_COORDINATES"", ""PRESUMED_NEGATED_LONGITUDE"", ""RECORDED_DATE_INVALID"", ""TAXON_ID_NOT_FOUND"", ""BASIS_OF_RECORD_INVALID"", ""TYPE_STATUS_INVALID""]",
4919830611,"Scytodes fusca Walckenaer, 1837",Scytodes fusca,5169044,5169044,1b7c6995-5d24-4d96-a9ab-bb4a87c8d34c,3F6CAFB9-0AD4-52CC-A90E-D5D70C5C2C4B,OCCURRENCE,PA,,Coiba,-81.724739,7.601362,,,"[""GEODETIC_DATUM_ASSUMED_WGS84"", ""CONTINENT_DERIVED_FROM_COORDINATES"", ""PRESUMED_NEGATED_LONGITUDE"", ""RECORDED_DATE_INVALID"", ""TAXON_ID_NOT_FOUND"", ""BASIS_OF_RECORD_INVALID"", ""TYPE_STATUS_INVALID""]",
5841976497,"Scytodes fusca Walckenaer, 1837",Scytodes fusca,5169044,5169044,8da1b266-12b0-4606-a6a4-664f09d28376,https://darwinweb.africamuseum.be/object/58c1491b-5abf-4e9f-8a78-5293f8cb79c9,PRESERVED_SPECIMEN,CD,,"Congo, D. R.;Lulua;Luluabourg",22.41667,-5.9,,,"[""GEODETIC_DATUM_ASSUMED_WGS84"", ""CONTINENT_DERIVED_FROM_COORDINATES""]",
5842080537,"Scytodes fusca Walckenaer, 1837",Scytodes fusca,5169044,5169044,8da1b266-12b0-4606-a6a4-664f09d28376,https://darwinweb.africamuseum.be/object/f581adc4-de58-457e-8799-a361e7e947e5,PRESERVED_SPECIMEN,CD,,"Avakubi,;;Congo, D. R.;Tshopo;Avakubi",27.55,1.31667,,,"[""GEODETIC_DATUM_ASSUMED_WGS84"", ""CONTINENT_DERIVED_FROM_COORDINATES""]",
6158971301,"Scytodes fusca Walckenaer, 1837",Scytodes fusca,5169044,5169044,81e7149f-c6e0-4c09-b97a-3e049efb8bc1,03DC8794F656395ADCA1F1B5FCF3FA6B.mc.3B1D3CDFF653395ADECBF0B7FB32FCCF,MATERIAL_CITATION,BB,,,-59.5771,13.0696,,,"[""GEODETIC_DATUM_ASSUMED_WGS84"", ""COUNTRY_DERIVED_FROM_COORDINATES"", ""CONTINENT_DERIVED_FROM_COORDINATES"", ""TAXON_ID_NOT_FOUND"", ""OCCURRENCE_STATUS_INFERRED_FROM_INDIVIDUAL_COUNT""]",
6158971302,"Scytodes fusca Walckenaer, 1837",Scytodes fusca,5169044,5169044,81e7149f-c6e0-4c09-b97a-3e049efb8bc1,03DC8794F656395ADCA1F1B5FCF3FA6B.mc.3B1D3CDFF656395FDFA9F5DCFD11F805,MATERIAL_CITATION,DO,,,-69.4636,19.067,,,"[""GEODETIC_DATUM_ASSUMED_WGS84"", ""COUNTRY_DERIVED_FROM_COORDINATES"", ""CONTINENT_DERIVED_FROM_COORDINATES"", ""TAXON_ID_NOT_FOUND"", ""OCCURRENCE_STATUS_INFERRED_FROM_INDIVIDUAL_COUNT""]",
6158971334,"Scytodes fusca Walckenaer, 1837",Scytodes fusca,5169044,5169044,81e7149f-c6e0-4c09-b97a-3e049efb8bc1,03DC8794F656395ADCA1F1B5FCF3FA6B.mc.3B1D3CDFF653395ADD39F09BFD7EFCE3,MATERIAL_CITATION,BB,,,-59.5825,13.1725,,,"[""GEODETIC_DATUM_ASSUMED_WGS84"", ""COUNTRY_DERIVED_FROM_COORDINATES"", ""CONTINENT_DERIVED_FROM_COORDINATES"", ""TAXON_ID_NOT_FOUND"", ""OCCURRENCE_STATUS_INFERRED_FROM_INDIVIDUAL_COUNT""]",
6158971336,"Scytodes fusca Walckenaer, 1837",Scytodes fusca,5169044,5169044,81e7149f-c6e0-4c09-b97a-3e049efb8bc1,03DC8794F656395ADCA1F1B5FCF3FA6B.mc.3B1D3CDFF656395FDD24F71CFE38FA79,MATERIAL_CITATION,CU,,,-83.7383,22.621,,,"[""GEODETIC_DATUM_ASSUMED_WGS84"", ""COUNTRY_DERIVED_FROM_COORDINATES"", ""CONTINENT_DERIVED_FROM_COORDINATES"", ""TAXON_ID_NOT_FOUND"", ""OCCURRENCE_STATUS_INFERRED_FROM_INDIVIDUAL_COUNT""]",
6158971339,"Scytodes fusca Walckenaer, 1837",Scytodes fusca,5169044,5169044,81e7149f-c6e0-4c09-b97a-3e049efb8bc1,03DC8794F656395ADCA1F1B5FCF3FA6B.mc.3B1D3CDFF653395ADE54F682FE05FAFB,MATERIAL_CITATION,GD,,,-61.448,12.4817,,,"[""GEODETIC_DATUM_ASSUMED_WGS84"", ""COUNTRY_DERIVED_FROM_COORDINATES"", ""CONTINENT_DERIVED_FROM_COORDINATES"", ""TAXON_ID_NOT_FOUND"", ""OCCURRENCE_STATUS_INFERRED_FROM_INDIVIDUAL_COUNT""]",
6158971352,"Scytodes fusca Walckenaer, 1837",Scytodes fusca,5169044,5169044,81e7149f-c6e0-4c09-b97a-3e049efb8bc1,03DC8794F656395ADCA1F1B5FCF3FA6B.mc.3B1D3CDFF656395FDD3BF520FC1CF85D,MATERIAL_CITATION,DO,,,-70.111,19.355,,,"[""GEODETIC_DATUM_ASSUMED_WGS84"", ""COUNTRY_DERIVED_FROM_COORDINATES"", ""CONTINENT_DERIVED_FROM_COORDINATES"", ""TAXON_ID_NOT_FOUND"", ""OCCURRENCE_STATUS_INFERRED_FROM_INDIVIDUAL_COUNT""]",
6158971362,"Scytodes fusca Walckenaer, 1837",Scytodes fusca,5169044,5169044,81e7149f-c6e0-4c09-b97a-3e049efb8bc1,03DC8794F656395ADCA1F1B5FCF3FA6B.mc.3B1D3CDFF6513958DEFBF0FFFAECFD07,MATERIAL_CITATION,PR,,,-65.8199,18.3216,,,"[""GEODETIC_DATUM_ASSUMED_WGS84"", ""COUNTRY_DERIVED_FROM_COORDINATES"", ""CONTINENT_DERIVED_FROM_COORDINATES"", ""TAXON_ID_NOT_FOUND"", ""OCCURRENCE_STATUS_INFERRED_FROM_INDIVIDUAL_COUNT""]",
6158971367,"Scytodes fusca Walckenaer, 1837",Scytodes fusca,5169044,5169044,81e7149f-c6e0-4c09-b97a-3e049efb8bc1,03DC8794F656395ADCA1F1B5FCF3FA6B.mc.3B1D3CDFF6513958DCA1F19EFC30FBE7,MATERIAL_CITATION,PR,,,-67.9424,18.0858,,,"[""GEODETIC_DATUM_ASSUMED_WGS84"", ""COUNTRY_DERIVED_FROM_COORDINATES"", ""CONTINENT_DERIVED_FROM_COORDINATES"", ""TAXON_ID_NOT_FOUND"", ""OCCURRENCE_STATUS_INFERRED_FROM_INDIVIDUAL_COUNT""]",
6158971371,"Scytodes fusca Walckenaer, 1837",Scytodes fusca,5169044,5169044,81e7149f-c6e0-4c09-b97a-3e049efb8bc1,03DC8794F656395ADCA1F1B5FCF3FA6B.mc.3B1D3CDFF6513958DCA1F2DAFCB1FF23,MATERIAL_CITATION,DO,,,-68.6183,18.3555,,,"[""GEODETIC_DATUM_ASSUMED_WGS84"", ""COUNTRY_DERIVED_FROM_COORDINATES"", ""CONTINENT_DERIVED_FROM_COORDINATES"", ""TAXON_ID_NOT_FOUND"", ""OCCURRENCE_STATUS_INFERRED_FROM_INDIVIDUAL_COUNT""]",
6158971376,"Scytodes fusca Walckenaer, 1837",Scytodes fusca,5169044,5169044,81e7149f-c6e0-4c09-b97a-3e049efb8bc1,03DC8794F656395ADCA1F1B5FCF3FA6B.mc.3B1D3CDFF6513958D91CF292FD29FEB7,MATERIAL_CITATION,DO,,,-68.81,18.329,,,"[""GEODETIC_DATUM_ASSUMED_WGS84"", ""COUNTRY_DERIVED_FROM_COORDINATES"", ""CONTINENT_DERIVED_FROM_COORDINATES"", ""TAXON_ID_NOT_FOUND"", ""OCCURRENCE_STATUS_INFERRED_FROM_INDIVIDUAL_COUNT""]",
6158971384,"Scytodes fusca Walckenaer, 1837",Scytodes fusca,5169044,5169044,81e7149f-c6e0-4c09-b97a-3e049efb8bc1,03DC8794F656395ADCA1F1B5FCF3FA6B.mc.3B1D3CDFF6513958DFC3F48AFAADF8F3,MATERIAL_CITATION,BQ,,,-62.9747,17.4763,,,"[""GEODETIC_DATUM_ASSUMED_WGS84"", ""COUNTRY_DERIVED_FROM_COORDINATES"", ""CONTINENT_DERIVED_FROM_COORDINATES"", ""TAXON_ID_NOT_FOUND"", ""OCCURRENCE_STATUS_INFERRED_FROM_INDIVIDUAL_COUNT""]",
6158971390,"Scytodes fusca Walckenaer, 1837",Scytodes fusca,5169044,5169044,81e7149f-c6e0-4c09-b97a-3e049efb8bc1,03DC8794F656395ADCA1F1B5FCF3FA6B.mc.3B1D3CDFF6513958DE07F75BFC3AFAA3,MATERIAL_CITATION,PR,,,-65.8849,17.9883,,,"[""GEODETIC_DATUM_ASSUMED_WGS84"", ""COUNTRY_DERIVED_FROM_COORDINATES"", ""CONTINENT_DERIVED_FROM_COORDINATES"", ""TAXON_ID_NOT_FOUND"", ""OCCURRENCE_STATUS_INFERRED_FROM_INDIVIDUAL_COUNT""]",
6158971396,"Scytodes fusca Walckenaer, 1837",Scytodes fusca,5169044,5169044,81e7149f-c6e0-4c09-b97a-3e049efb8bc1,03DC8794F656395ADCA1F1B5FCF3FA6B.mc.3B1D3CDFF656395FDE22F745FE8DFA9D,MATERIAL_CITATION,CU,,,-83.6997,22.6536,,,"[""GEODETIC_DATUM_ASSUMED_WGS84"", ""COUNTRY_DERIVED_FROM_COORDINATES"", ""CONTINENT_DERIVED_FROM_COORDINATES"", ""TAXON_ID_NOT_FOUND"", ""OCCURRENCE_STATUS_INFERRED_FROM_INDIVIDUAL_COUNT""]",
6158971404,"Scytodes fusca Walckenaer, 1837",Scytodes fusca,5169044,5169044,81e7149f-c6e0-4c09-b97a-3e049efb8bc1,03DC8794F656395ADCA1F1B5FCF3FA6B.mc.3B1D3CDFF6513958DFD9F673FD80FB57,MATERIAL_CITATION,PR,,,-66.8492,17.9538,,,"[""GEODETIC_DATUM_ASSUMED_WGS84"", ""COUNTRY_DERIVED_FROM_COORDINATES"", ""CONTINENT_DERIVED_FROM_COORDINATES"", ""TAXON_ID_NOT_FOUND"", ""OCCURRENCE_STATUS_INFERRED_FROM_INDIVIDUAL_COUNT""]",
6158971430,"Scytodes fusca Walckenaer, 1837",Scytodes fusca,5169044,5169044,81e7149f-c6e0-4c09-b97a-3e049efb8bc1,03DC8794F656395ADCA1F1B5FCF3FA6B.mc.3B1D3CDFF6513958DF97F027FBDDFD5F,MATERIAL_CITATION,PR,,,-66.3325,18.3512,,,"[""GEODETIC_DATUM_ASSUMED_WGS84"", ""COUNTRY_DERIVED_FROM_COORDINATES"", ""CONTINENT_DERIVED_FROM_COORDINATES"", ""TAXON_ID_NOT_FOUND"", ""OCCURRENCE_STATUS_INFERRED_FROM_INDIVIDUAL_COUNT""]",
6158971431,"Scytodes fusca Walckenaer, 1837",Scytodes fusca,5169044,5169044,81e7149f-c6e0-4c09-b97a-3e049efb8bc1,03DC8794F656395ADCA1F1B5FCF3FA6B.mc.3B1D3CDFF656395FDE20F62CFE61FB61,MATERIAL_CITATION,GF,Guyane Region,Cayenne,-52.3333,4.9333,,,"[""GEODETIC_DATUM_ASSUMED_WGS84"", ""CONTINENT_DERIVED_FROM_COORDINATES"", ""TAXON_ID_NOT_FOUND"", ""OCCURRENCE_STATUS_INFERRED_FROM_INDIVIDUAL_COUNT"", ""COLLECTION_MATCH_NONE"", ""INSTITUTION_MATCH_FUZZY""]",
6158971432,"Scytodes fusca Walckenaer, 1837",Scytodes fusca,5169044,5169044,81e7149f-c6e0-4c09-b97a-3e049efb8bc1,03DC8794F656395ADCA1F1B5FCF3FA6B.mc.3B1D3CDFF6513958DD3BF3DFFCB2FE27,MATERIAL_CITATION,PR,,,-66.5972,18.4525,,,"[""GEODETIC_DATUM_ASSUMED_WGS84"", ""COUNTRY_DERIVED_FROM_COORDINATES"", ""CONTINENT_DERIVED_FROM_COORDINATES"", ""TAXON_ID_NOT_FOUND"", ""OCCURRENCE_STATUS_INFERRED_FROM_INDIVIDUAL_COUNT""]",
6158971434,"Scytodes fusca Walckenaer, 1837",Scytodes fusca,5169044,5169044,81e7149f-c6e0-4c09-b97a-3e049efb8bc1,03DC8794F656395ADCA1F1B5FCF3FA6B.mc.3B1D3CDFF656395FDEA6F491FA16F8ED,MATERIAL_CITATION,DO,,,-71.2667,19.6833,,,"[""GEODETIC_DATUM_ASSUMED_WGS84"", ""COUNTRY_DERIVED_FROM_COORDINATES"", ""CONTINENT_DERIVED_FROM_COORDINATES"", ""TAXON_ID_NOT_FOUND"", ""OCCURRENCE_STATUS_INFERRED_FROM_INDIVIDUAL_COUNT""]",
6158971441,"Scytodes fusca Walckenaer, 1837",Scytodes fusca,5169044,5169044,81e7149f-c6e0-4c09-b97a-3e049efb8bc1,03DC8794F656395ADCA1F1B5FCF3FA6B.mc.3B1D3CDFF6513958D845F306FE8DFE5B,MATERIAL_CITATION,DO,,,-71.575,18.317,,,"[""GEODETIC_DATUM_ASSUMED_WGS84"", ""COUNTRY_DERIVED_FROM_COORDINATES"", ""CONTINENT_DERIVED_FROM_COORDINATES"", ""TAXON_ID_NOT_FOUND"", ""OCCURRENCE_STATUS_INFERRED_FROM_INDIVIDUAL_COUNT""]",
6158971444,"Scytodes fusca Walckenaer, 1837",Scytodes fusca,5169044,5169044,81e7149f-c6e0-4c09-b97a-3e049efb8bc1,03DC8794F656395ADCA1F1B5FCF3FA6B.mc.3B1D3CDFF653395ADDDCF2DAFC29FF23,MATERIAL_CITATION,DM,,,-61.4118,15.3802,,,"[""GEODETIC_DATUM_ASSUMED_WGS84"", ""COUNTRY_DERIVED_FROM_COORDINATES"", ""CONTINENT_DERIVED_FROM_COORDINATES"", ""TAXON_ID_NOT_FOUND"", ""OCCURRENCE_STATUS_INFERRED_FROM_INDIVIDUAL_COUNT""]",
6158971446,"Scytodes fusca Walckenaer, 1837",Scytodes fusca,5169044,5169044,81e7149f-c6e0-4c09-b97a-3e049efb8bc1,03DC8794F656395ADCA1F1B5FCF3FA6B.mc.3B1D3CDFF653395ADF2FF1BAFCCDFBC3,MATERIAL_CITATION,VC,,,-61.4431,12.6029,,,"[""GEODETIC_DATUM_ASSUMED_WGS84"", ""COUNTRY_DERIVED_FROM_COORDINATES"", ""CONTINENT_DERIVED_FROM_COORDINATES"", ""TAXON_ID_NOT_FOUND"", ""OCCURRENCE_STATUS_INFERRED_FROM_INDIVIDUAL_COUNT""]",
6158971457,"Scytodes fusca Walckenaer, 1837",Scytodes fusca,5169044,5169044,81e7149f-c6e0-4c09-b97a-3e049efb8bc1,03DC8794F656395ADCA1F1B5FCF3FA6B.mc.3B1D3CDFF653395AD8F6F153FAAAFC77,MATERIAL_CITATION,VC,,,-61.1655,13.1447,,,"[""GEODETIC_DATUM_ASSUMED_WGS84"", ""COUNTRY_DERIVED_FROM_COORDINATES"", ""CONTINENT_DERIVED_FROM_COORDINATES"", ""TAXON_ID_NOT_FOUND"", ""OCCURRENCE_STATUS_INFERRED_FROM_INDIVIDUAL_COUNT""]",
6158971463,"Scytodes fusca Walckenaer, 1837",Scytodes fusca,5169044,5169044,81e7149f-c6e0-4c09-b97a-3e049efb8bc1,03DC8794F656395ADCA1F1B5FCF3FA6B.mc.3B1D3CDFF656395FDD8EF739FC19FA45,MATERIAL_CITATION,CU,,,-77.7882,21.5916,,,"[""GEODETIC_DATUM_ASSUMED_WGS84"", ""COUNTRY_DERIVED_FROM_COORDINATES"", ""CONTINENT_DERIVED_FROM_COORDINATES"", ""TAXON_ID_NOT_FOUND"", ""OCCURRENCE_STATUS_INFERRED_FROM_INDIVIDUAL_COUNT""]",
6158971465,"Scytodes fusca Walckenaer, 1837",Scytodes fusca,5169044,5169044,81e7149f-c6e0-4c09-b97a-3e049efb8bc1,03DC8794F656395ADCA1F1B5FCF3FA6B.mc.3B1D3CDFF6513958DF6BF00AFC1DFD73,MATERIAL_CITATION,PR,,,-66.7287,18.4143,,,"[""GEODETIC_DATUM_ASSUMED_WGS84"", ""COUNTRY_DERIVED_FROM_COORDINATES"", ""CONTINENT_DERIVED_FROM_COORDINATES"", ""TAXON_ID_NOT_FOUND"", ""OCCURRENCE_STATUS_INFERRED_FROM_INDIVIDUAL_COUNT""]",
6158971468,"Scytodes fusca Walckenaer, 1837",Scytodes fusca,5169044,5169044,81e7149f-c6e0-4c09-b97a-3e049efb8bc1,03DC8794F656395ADCA1F1B5FCF3FA6B.mc.3B1D3CDFF653395ADE6BF1E3FBF0FC1B,MATERIAL_CITATION,VC,,,-61.2739,12.9918,,,"[""GEODETIC_DATUM_ASSUMED_WGS84"", ""COUNTRY_DERIVED_FROM_COORDINATES"", ""CONTINENT_DERIVED_FROM_COORDINATES"", ""TAXON_ID_NOT_FOUND"", ""OCCURRENCE_STATUS_INFERRED_FROM_INDIVIDUAL_COUNT""]",
6158971469,"Scytodes fusca Walckenaer, 1837",Scytodes fusca,5169044,5169044,81e7149f-c6e0-4c09-b97a-3e049efb8bc1,03DC8794F656395ADCA1F1B5FCF3FA6B.mc.3B1D3CDFF656395FDCA1F568FD3AF895,MATERIAL_CITATION,DO,,,-70.717,19.789,,,"[""GEODETIC_DATUM_ASSUMED_WGS84"", ""COUNTRY_DERIVED_FROM_COORDINATES"", ""CONTINENT_DERIVED_FROM_COORDINATES"", ""TAXON_ID_NOT_FOUND"", ""OCCURRENCE_STATUS_INFERRED_FROM_INDIVIDUAL_COUNT""]",
6158971470,"Scytodes fusca Walckenaer, 1837",Scytodes fusca,5169044,5169044,81e7149f-c6e0-4c09-b97a-3e049efb8bc1,03DC8794F656395ADCA1F1B5FCF3FA6B.mc.3B1D3CDFF6513958DD3BF787FA91F9FF,MATERIAL_CITATION,BQ,,,-63.231,17.6444,,,"[""GEODETIC_DATUM_ASSUMED_WGS84"", ""COUNTRY_DERIVED_FROM_COORDINATES"", ""CONTINENT_DERIVED_FROM_COORDINATES"", ""TAXON_ID_NOT_FOUND"", ""OCCURRENCE_STATUS_INFERRED_FROM_INDIVIDUAL_COUNT""]",
6158971471,"Scytodes fusca Walckenaer, 1837",Scytodes fusca,5169044,5169044,81e7149f-c6e0-4c09-b97a-3e049efb8bc1,03DC8794F656395ADCA1F1B5FCF3FA6B.mc.3B1D3CDFF6513958DF26F432FAD7F94B,MATERIAL_CITATION,BQ,,,-62.9747,17.4763,,,"[""GEODETIC_DATUM_ASSUMED_WGS84"", ""COUNTRY_DERIVED_FROM_COORDINATES"", ""CONTINENT_DERIVED_FROM_COORDINATES"", ""TAXON_ID_NOT_FOUND"", ""OCCURRENCE_STATUS_INFERRED_FROM_INDIVIDUAL_COUNT""]",
6158971486,"Scytodes fusca Walckenaer, 1837",Scytodes fusca,5169044,5169044,81e7149f-c6e0-4c09-b97a-3e049efb8bc1,03DC8794F656395ADCA1F1B5FCF3FA6B.mc.3B1D3CDFF6513958DEA5F713FBBEFA6B,MATERIAL_CITATION,MF,,,-63.1371,18.0633,,,"[""GEODETIC_DATUM_ASSUMED_WGS84"", ""COUNTRY_DERIVED_FROM_COORDINATES"", ""CONTINENT_DERIVED_FROM_COORDINATES"", ""TAXON_ID_NOT_FOUND"", ""OCCURRENCE_STATUS_INFERRED_FROM_INDIVIDUAL_COUNT""]",
6158971494,"Scytodes fusca Walckenaer, 1837",Scytodes fusca,5169044,5169044,81e7149f-c6e0-4c09-b97a-3e049efb8bc1,03DC8794F656395ADCA1F1B5FCF3FA6B.mc.3B1D3CDFF656395FDFF7F401FED8F959,MATERIAL_CITATION,CU,,,-76.503,20.0526,,,"[""GEODETIC_DATUM_ASSUMED_WGS84"", ""COUNTRY_DERIVED_FROM_COORDINATES"", ""CONTINENT_DERIVED_FROM_COORDINATES"", ""TAXON_ID_NOT_FOUND"", ""OCCURRENCE_STATUS_INFERRED_FROM_INDIVIDUAL_COUNT""]",
6158971499,"Scytodes fusca Walckenaer, 1837",Scytodes fusca,5169044,5169044,81e7149f-c6e0-4c09-b97a-3e049efb8bc1,03DC8794F656395ADCA1F1B5FCF3FA6B.mc.3B1D3CDFF656395FD8FBF4D9FD01F901,MATERIAL_CITATION,CU,,,-75.3848,20.0117,,,"[""GEODETIC_DATUM_ASSUMED_WGS84"", ""COUNTRY_DERIVED_FROM_COORDINATES"", ""CONTINENT_DERIVED_FROM_COORDINATES"", ""TAXON_ID_NOT_FOUND"", ""OCCURRENCE_STATUS_INFERRED_FROM_INDIVIDUAL_COUNT""]",
6158971511,"Scytodes fusca Walckenaer, 1837",Scytodes fusca,5169044,5169044,81e7149f-c6e0-4c09-b97a-3e049efb8bc1,03DC8794F656395ADCA1F1B5FCF3FA6B.mc.3B1D3CDFF653395ADD26F3B3FB89FDCB,MATERIAL_CITATION,MQ,,,-60.8146,14.4742,,,"[""GEODETIC_DATUM_ASSUMED_WGS84"", ""COUNTRY_DERIVED_FROM_COORDINATES"", ""CONTINENT_DERIVED_FROM_COORDINATES"", ""TAXON_ID_NOT_FOUND"", ""OCCURRENCE_STATUS_INFERRED_FROM_INDIVIDUAL_COUNT""]",
6158971514,"Scytodes fusca Walckenaer, 1837",Scytodes fusca,5169044,5169044,81e7149f-c6e0-4c09-b97a-3e049efb8bc1,03DC8794F656395ADCA1F1B5FCF3FA6B.mc.3B1D3CDFF653395AD876F62EFA9EFB57,MATERIAL_CITATION,GD,,,-61.4461,12.5144,,,"[""GEODETIC_DATUM_ASSUMED_WGS84"", ""COUNTRY_DERIVED_FROM_COORDINATES"", ""CONTINENT_DERIVED_FROM_COORDINATES"", ""TAXON_ID_NOT_FOUND"", ""OCCURRENCE_STATUS_INFERRED_FROM_INDIVIDUAL_COUNT""]",
6158971517,"Scytodes fusca Walckenaer, 1837",Scytodes fusca,5169044,5169044,81e7149f-c6e0-4c09-b97a-3e049efb8bc1,03DC8794F656395ADCA1F1B5FCF3FA6B.mc.3B1D3CDFF653395ADD24F34EFCCDFEB7,MATERIAL_CITATION,DM,,,-61.3335,15.3406,,,"[""GEODETIC_DATUM_ASSUMED_WGS84"", ""COUNTRY_DERIVED_FROM_COORDINATES"", ""CONTINENT_DERIVED_FROM_COORDINATES"", ""TAXON_ID_NOT_FOUND"", ""OCCURRENCE_STATUS_INFERRED_FROM_INDIVIDUAL_COUNT""]",
6158971521,"Scytodes fusca Walckenaer, 1837",Scytodes fusca,5169044,5169044,81e7149f-c6e0-4c09-b97a-3e049efb8bc1,03DC8794F656395ADCA1F1B5FCF3FA6B.mc.3B1D3CDFF653395AD83AF06FFE00FD73,MATERIAL_CITATION,MQ,,,-61.2174,14.8392,,,"[""GEODETIC_DATUM_ASSUMED_WGS84"", ""COUNTRY_DERIVED_FROM_COORDINATES"", ""CONTINENT_DERIVED_FROM_COORDINATES"", ""TAXON_ID_NOT_FOUND"", ""OCCURRENCE_STATUS_INFERRED_FROM_INDIVIDUAL_COUNT""]",
6158971538,"Scytodes fusca Walckenaer, 1837",Scytodes fusca,5169044,5169044,81e7149f-c6e0-4c09-b97a-3e049efb8bc1,03DC8794F656395ADCA1F1B5FCF3FA6B.mc.3B1D3CDFF653395ADDA4F027FC43FD5F,MATERIAL_CITATION,LC,,,-60.9176,13.8668,,,"[""GEODETIC_DATUM_ASSUMED_WGS84"", ""COUNTRY_DERIVED_FROM_COORDINATES"", ""CONTINENT_DERIVED_FROM_COORDINATES"", ""TAXON_ID_NOT_FOUND"", ""OCCURRENCE_STATUS_INFERRED_FROM_INDIVIDUAL_COUNT""]",
6158971539,"Scytodes fusca Walckenaer, 1837",Scytodes fusca,5169044,5169044,81e7149f-c6e0-4c09-b97a-3e049efb8bc1,03DC8794F656395ADCA1F1B5FCF3FA6B.mc.3B1D3CDFF656395FDE00F464FC33F991,MATERIAL_CITATION,CU,,,-74.5932,20.3273,,,"[""GEODETIC_DATUM_ASSUMED_WGS84"", ""COUNTRY_DERIVED_FROM_COORDINATES"", ""CONTINENT_DERIVED_FROM_COORDINATES"", ""TAXON_ID_NOT_FOUND"", ""OCCURRENCE_STATUS_INFERRED_FROM_INDIVIDUAL_COUNT""]",
6158971551,"Scytodes fusca Walckenaer, 1837",Scytodes fusca,5169044,5169044,81e7149f-c6e0-4c09-b97a-3e049efb8bc1,03DC8794F656395ADCA1F1B5FCF3FA6B.mc.3B1D3CDFF653395AD803F322FAE8FE5B,MATERIAL_CITATION,DM,,,-61.3828,15.2962,,,"[""GEODETIC_DATUM_ASSUMED_WGS84"", ""COUNTRY_DERIVED_FROM_COORDINATES"", ""CONTINENT_DERIVED_FROM_COORDINATES"", ""TAXON_ID_NOT_FOUND"", ""OCCURRENCE_STATUS_INFERRED_FROM_INDIVIDUAL_COUNT""]",
6158971561,"Scytodes fusca Walckenaer, 1837",Scytodes fusca,5169044,5169044,81e7149f-c6e0-4c09-b97a-3e049efb8bc1,03DC8794F656395ADCA1F1B5FCF3FA6B.mc.3B1D3CDFF6513958DD26F51BFBA7F863,MATERIAL_CITATION,DM,,,-61.4727,15.5836,,,"[""GEODETIC_DATUM_ASSUMED_WGS84"", ""COUNTRY_DERIVED_FROM_COORDINATES"", ""CONTINENT_DERIVED_FROM_COORDINATES"", ""TAXON_ID_NOT_FOUND"", ""OCCURRENCE_STATUS_INFERRED_FROM_INDIVIDUAL_COUNT""]",
6158971568,"Scytodes fusca Walckenaer, 1837",Scytodes fusca,5169044,5169044,81e7149f-c6e0-4c09-b97a-3e049efb8bc1,03DC8794F656395ADCA1F1B5FCF3FA6B.mc.3B1D3CDFF656395FDFAFF7D5FD88FA0D,MATERIAL_CITATION,CU,,,-74.2051,20.3575,,,"[""GEODETIC_DATUM_ASSUMED_WGS84"", ""COUNTRY_DERIVED_FROM_COORDINATES"", ""CONTINENT_DERIVED_FROM_COORDINATES"", ""TAXON_ID_NOT_FOUND"", ""OCCURRENCE_STATUS_INFERRED_FROM_INDIVIDUAL_COUNT""]",
6158971585,"Scytodes fusca Walckenaer, 1837",Scytodes fusca,5169044,5169044,81e7149f-c6e0-4c09-b97a-3e049efb8bc1,03DC8794F656395ADCA1F1B5FCF3FA6B.mc.3B1D3CDFF6513958DEF0F5D2FCCAF82B,MATERIAL_CITATION,DM,,,-61.4654,15.4986,,,"[""GEODETIC_DATUM_ASSUMED_WGS84"", ""COUNTRY_DERIVED_FROM_COORDINATES"", ""CONTINENT_DERIVED_FROM_COORDINATES"", ""TAXON_ID_NOT_FOUND"", ""OCCURRENCE_STATUS_INFERRED_FROM_INDIVIDUAL_COUNT""]",
6190596661,"Scytodes fusca Walckenaer, 1837",Scytodes fusca,5169044,5169044,d8cd16ba-bb74-4420-821e-083f2bac17c2,OR894026,PRESERVED_SPECIMEN,CU,,"Pinar del Rio, Vinales",-74.4561,20.3372,,,"[""GEODETIC_DATUM_ASSUMED_WGS84"", ""CONTINENT_DERIVED_FROM_COORDINATES"", ""TAXON_CONCEPT_ID_NOT_FOUND"", ""TAXON_ID_NOT_FOUND""]",
